article_id,entity_text,entity_type,attributed_sent,doc_sentiment,entity_doc_diff,n_sentences
art_001,Homeland Security Investigations,ORGANIZATION,-0.01216020729043521,-0.1434,0.1312397927095648,2
art_001,HSI,ORGANIZATION,-0.08101492522837361,-0.1434,0.062385074771626386,4
art_001,Hyundai,ORGANIZATION,-0.034186594408311066,-0.1434,0.10921340559168893,8
art_001,HSI,ORGANIZATION,-0.08101492522837361,-0.1434,0.062385074771626386,4
art_001,Special,PERSON,0.1068515057413606,-0.1434,0.25025150574136057,2
art_001,Steven Schrank,PERSON,-0.010943322820821777,-0.1434,0.13245667717917822,1
art_001,Hyundai,ORGANIZATION,-0.034186594408311066,-0.1434,0.10921340559168893,8
art_001,Schrank,PERSON,-0.2807929596892791,-0.1434,0.1373929596892791,2
art_001,ICE,ORGANIZATION,0.10473790863761678,-0.1434,0.24813790863761678,4
art_001,Hyundai–LG Energy Solution,ORGANIZATION,-0.0017931546899490058,-0.1434,0.141606845310051,1
art_001,HYUNDAI,ORGANIZATION,-0.034186594408311066,-0.1434,0.10921340559168893,8
art_001,HSI,ORGANIZATION,-0.08101492522837361,-0.1434,0.062385074771626386,4
art_001,Trump,PERSON,-0.04701495106564835,-0.1434,0.09638504893435165,1
art_001,Hyundai–LGES,ORGANIZATION,0.02488186642585788,-0.1434,0.16828186642585788,1
art_001,Hyundai,ORGANIZATION,-0.034186594408311066,-0.1434,0.10921340559168893,8
art_001,South Korean foreign ministry,ORGANIZATION,-0.10439428058452904,-0.1434,0.03900571941547096,1
art_001,Lee Jae-woong,PERSON,-0.033196828328073025,-0.1434,0.11020317167192697,1
art_001,South Korea,ORGANIZATION,-0.04585532758695384,-0.1434,0.09754467241304615,3
art_001,foreign ministry,ORGANIZATION,-0.06879555445630103,-0.1434,0.07460444554369897,2
art_001,Financial Times,ORGANIZATION,-0.019458291528280824,-0.1434,0.12394170847171918,2
art_001,Georgia State Patrol,ORGANIZATION,0.09192056010942906,-0.1434,0.23532056010942906,2
art_001,Hyundai,ORGANIZATION,-0.034186594408311066,-0.1434,0.10921340559168893,8
art_001,Georgia Department of Public Safety,ORGANIZATION,0.032544776098802686,-0.1434,0.17594477609880269,1
art_001,Associated Press,ORGANIZATION,0.032544776098802686,-0.1434,0.17594477609880269,1
art_001,South Korea,ORGANIZATION,-0.04585532758695384,-0.1434,0.09754467241304615,3
art_001,LGES,ORGANIZATION,0.006686674028363389,-0.1434,0.1500866740283634,3
art_001,Financial Times,ORGANIZATION,-0.019458291528280824,-0.1434,0.12394170847171918,2
art_001,LGES,ORGANIZATION,0.006686674028363389,-0.1434,0.1500866740283634,3
art_001,Fox News Digital,ORGANIZATION,0.07763983495533466,-0.1434,0.22103983495533466,3
art_001,Hyundai,ORGANIZATION,-0.034186594408311066,-0.1434,0.10921340559168893,8
art_001,Hyundai Motor Company,ORGANIZATION,-0.004882074543274939,-0.1434,0.13851792545672506,1
art_001,Hyundai,ORGANIZATION,-0.034186594408311066,-0.1434,0.10921340559168893,8
art_001,Fox News Digital,ORGANIZATION,0.07763983495533466,-0.1434,0.22103983495533466,3
art_001,Department of Homeland Security,ORGANIZATION,0.23690366902155802,-0.1434,0.380303669021558,1
art_001,ICE Homeland Security,ORGANIZATION,0.23690366902155802,-0.1434,0.380303669021558,1
art_001,Georgians,PERSON,0.23690366902155802,-0.1434,0.380303669021558,1
art_001,DHS,ORGANIZATION,0.23690366902155802,-0.1434,0.380303669021558,1
art_001,Fox News Digital,ORGANIZATION,0.07763983495533466,-0.1434,0.22103983495533466,3
art_001,FBI,ORGANIZATION,0.22464633430354297,-0.1434,0.36804633430354294,1
art_001,DEA,ORGANIZATION,0.12350561388302594,-0.1434,0.2669056138830259,2
art_001,Customs and Border Protection,ORGANIZATION,0.22464633430354297,-0.1434,0.36804633430354294,1
art_001,ATF,ORGANIZATION,0.22464633430354297,-0.1434,0.36804633430354294,1
art_001,IRS,ORGANIZATION,0.22464633430354297,-0.1434,0.36804633430354294,1
art_001,Georgia State Patrol,ORGANIZATION,0.09192056010942906,-0.1434,0.23532056010942906,2
art_001,FOX NEWS,ORGANIZATION,0.057010540360352024,-0.1434,0.20041054036035202,4
art_001,HSI,ORGANIZATION,-0.08101492522837361,-0.1434,0.062385074771626386,4
art_001,Homeland Security,ORGANIZATION,-0.009732586001822105,-0.1434,0.1336674139981779,3
art_002,Koreans,PERSON,-0.2946384004317224,-0.0899,0.20473840043172242,1
art_002,ICE,ORGANIZATION,-0.08765241779619828,-0.0899,0.0022475822038017096,5
art_002,Hyundai,ORGANIZATION,-0.0560528552508913,-0.0899,0.033847144749108694,5
art_002,Hyundai,ORGANIZATION,-0.0560528552508913,-0.0899,0.033847144749108694,5
art_002,President Donald Trump,PERSON,-0.18611182481981814,-0.0899,0.09621182481981815,2
art_002,South Korea,ORGANIZATION,-0.06722758980079864,-0.0899,0.022672410199201354,6
art_002,US government,ORGANIZATION,-0.17449456732720137,-0.0899,0.08459456732720137,1
art_002,Department of Homeland Security,ORGANIZATION,-0.10495552507927641,-0.0899,0.015055525079276419,1
art_002,BBC,ORGANIZATION,-0.10495552507927641,-0.0899,0.015055525079276419,1
art_002,Steve Schrank,PERSON,-0.023250132042448968,-0.0899,0.06664986795755103,1
art_002,Homeland Security Investigations,ORGANIZATION,-0.032307645393302664,-0.0899,0.05759235460669733,2
art_002,Schrank,PERSON,-0.02062627990380861,-0.0899,0.06927372009619139,2
art_002,President Donald Trump,PERSON,-0.18611182481981814,-0.0899,0.09621182481981815,2
art_002,President,PERSON,-0.1223207738948986,-0.0899,0.0324207738948986,4
art_002,Trump,PERSON,-0.08694524259772152,-0.0899,0.0029547574022784767,4
art_002,ICE,ORGANIZATION,-0.08765241779619828,-0.0899,0.0022475822038017096,5
art_002,Biden,PERSON,-0.1119381767930463,-0.0899,0.022038176793046302,1
art_002,US Immigration and Customs Enforcement,ORGANIZATION,-0.005292195244692266,-0.0899,0.08460780475530773,1
art_002,ICE,ORGANIZATION,-0.08765241779619828,-0.0899,0.0022475822038017096,5
art_002,Hyundai Motor Company,ORGANIZATION,0.0042552954982966185,-0.0899,0.09415529549829661,1
art_002,Hyundai,ORGANIZATION,-0.0560528552508913,-0.0899,0.033847144749108694,5
art_002,Hyundai,ORGANIZATION,-0.0560528552508913,-0.0899,0.033847144749108694,5
art_002,Reuters,ORGANIZATION,-0.013394391164183617,-0.0899,0.07650560883581638,1
art_002,Korea,ORGANIZATION,-0.05956009263172746,-0.0899,0.030339907368272537,8
art_002,LG Energy Solutions,ORGANIZATION,-0.0034469650126993656,-0.0899,0.08645303498730063,1
art_002,South Korea,ORGANIZATION,-0.06722758980079864,-0.0899,0.022672410199201354,6
art_002,US embassy,ORGANIZATION,-0.012294840416871011,-0.0899,0.07760515958312898,1
art_002,US,ORGANIZATION,-0.049800186265761465,-0.0899,0.04009981373423853,13
art_002,South Korea,ORGANIZATION,-0.06722758980079864,-0.0899,0.022672410199201354,6
art_002,foreign ministry,ORGANIZATION,-0.01353662833571434,-0.0899,0.07636337166428565,1
art_002,Trump,PERSON,-0.08694524259772152,-0.0899,0.0029547574022784767,4
art_002,Governor,PERSON,0.02749009692342952,-0.0899,0.11739009692342951,1
art_002,Republican,ORGANIZATION,0.02749009692342952,-0.0899,0.11739009692342951,1
art_002,Brian Kemp,PERSON,0.02749009692342952,-0.0899,0.11739009692342951,1
art_002,Hyundai,ORGANIZATION,-0.0560528552508913,-0.0899,0.033847144749108694,5
art_002,Americans,PERSON,-0.14107993803918362,-0.0899,0.05117993803918362,1
art_003,South Korea,ORGANIZATION,-0.037129346755136794,-0.016,0.021129346755136794,8
art_003,president,PERSON,-0.039553860668092966,-0.016,0.023553860668092966,1
art_003,Lee Jae Myung,PERSON,-0.039553860668092966,-0.016,0.023553860668092966,1
art_003,US Immigration and Customs Enforcement,ORGANIZATION,-0.039553860668092966,-0.016,0.023553860668092966,1
art_003,Ice,ORGANIZATION,-0.08485877717612311,-0.016,0.06885877717612311,6
art_003,Cho Hyun,PERSON,-0.043127803364768624,-0.016,0.027127803364768624,1
art_003,foreign minister,PERSON,-0.043127803364768624,-0.016,0.027127803364768624,1
art_003,Ice,PERSON,-0.08485877717612311,-0.016,0.06885877717612311,6
art_003,South Korea,ORGANIZATION,-0.037129346755136794,-0.016,0.021129346755136794,8
art_003,LG Energy Solution,ORGANIZATION,-0.05351046992291231,-0.016,0.03751046992291231,2
art_003,LGES,ORGANIZATION,-0.0330536091569229,-0.016,0.017053609156922903,4
art_003,Hyundai,ORGANIZATION,0.0037486878012714443,-0.016,0.019748687801271446,10
art_003,Kia,ORGANIZATION,0.016631467326078564,-0.016,0.032631467326078564,1
art_003,Genesis,ORGANIZATION,0.016631467326078564,-0.016,0.032631467326078564,1
art_003,US Department of Homeland Security,ORGANIZATION,-0.0400892271718476,-0.016,0.024089227171847596,1
art_003,DHS,ORGANIZATION,-0.06579871212791961,-0.016,0.049798712127919614,3
art_003,Korea Economic Daily,ORGANIZATION,-0.025834436935838312,-0.016,0.009834436935838312,1
art_003,Hyundai,ORGANIZATION,0.0037486878012714443,-0.016,0.019748687801271446,10
art_003,LGES,ORGANIZATION,-0.0330536091569229,-0.016,0.017053609156922903,4
art_003,Hyundai Motor,ORGANIZATION,0.005991097562703847,-0.016,0.021991097562703846,6
art_003,Trump administration,ORGANIZATION,-0.1795172030106187,-0.016,0.16351720301061867,1
art_003,Republican,ORGANIZATION,0.19784154347144067,-0.016,0.2138415434714407,1
art_003,Brian Kemp,PERSON,0.19784154347144067,-0.016,0.2138415434714407,1
art_003,Donald Trump,PERSON,-0.017819445580244064,-0.016,0.001819445580244064,1
art_003,White House,ORGANIZATION,-0.017819445580244064,-0.016,0.001819445580244064,1
art_003,DHS,ORGANIZATION,-0.06579871212791961,-0.016,0.049798712127919614,3
art_003,Ice,ORGANIZATION,-0.08485877717612311,-0.016,0.06885877717612311,6
art_003,FBI,ORGANIZATION,-0.053567162714898586,-0.016,0.037567162714898586,1
art_003,DEA,ORGANIZATION,-0.07755279331468046,-0.016,0.06155279331468046,3
art_003,Steven Schrank,PERSON,-0.018758912599878386,-0.016,0.0027589125998783853,1
art_003,government,ORGANIZATION,-0.07196436892263591,-0.016,0.05596436892263591,2
art_003,LGES,ORGANIZATION,-0.0330536091569229,-0.016,0.017053609156922903,4
art_003,Hyundai Motor,ORGANIZATION,0.005991097562703847,-0.016,0.021991097562703846,6
art_003,LGES,ORGANIZATION,-0.0330536091569229,-0.016,0.017053609156922903,4
art_003,South Korea,ORGANIZATION,-0.037129346755136794,-0.016,0.021129346755136794,8
art_003,Hyundai Motor,ORGANIZATION,0.005991097562703847,-0.016,0.021991097562703846,6
art_003,Hyundai-GA,ORGANIZATION,0.003819073550403118,-0.016,0.01981907355040312,1
art_003,DHS,ORGANIZATION,-0.06579871212791961,-0.016,0.049798712127919614,3
art_003,Hyundai Motor,ORGANIZATION,0.005991097562703847,-0.016,0.021991097562703846,6
art_003,Hyundai Motor,ORGANIZATION,0.005991097562703847,-0.016,0.021991097562703846,6
art_003,Schrank,PERSON,-0.009900835822918452,-0.016,0.006099164177081548,2
art_003,Hyundai Motor Group,ORGANIZATION,0.02347748281317763,-0.016,0.03947748281317763,1
art_003,LG Energy Solution,ORGANIZATION,-0.05351046992291231,-0.016,0.03751046992291231,2
art_003,LGES,ORGANIZATION,-0.0330536091569229,-0.016,0.017053609156922903,4
art_003,Hyundai,ORGANIZATION,0.0037486878012714443,-0.016,0.019748687801271446,10
art_003,Trump,PERSON,-0.09352549584582448,-0.016,0.07752549584582448,4
art_003,Trump,PERSON,-0.09352549584582448,-0.016,0.07752549584582448,4
art_003,Ice,ORGANIZATION,-0.08485877717612311,-0.016,0.06885877717612311,6
art_004,Hyundai Metaplant,ORGANIZATION,-0.17914352426305413,-0.129,0.05014352426305413,2
art_004,Trump administration,ORGANIZATION,-0.3528329529799521,-0.129,0.2238329529799521,1
art_004,Steven Schrank,PERSON,-0.03332327477983199,-0.129,0.09567672522016801,1
art_004,Homeland Security Investigations,ORGANIZATION,-0.0243821910553379,-0.129,0.1046178089446621,2
art_004,Schrank,PERSON,-0.04402311458155358,-0.129,0.08497688541844642,6
art_004,Schrank,PERSON,-0.04402311458155358,-0.129,0.08497688541844642,6
art_004,US Attorney’s Office for the Southern District of Georgia,ORGANIZATION,-0.14455701858969405,-0.129,0.01555701858969405,1
art_004,Schrank,PERSON,-0.04402311458155358,-0.129,0.08497688541844642,6
art_004,Hyundai,ORGANIZATION,-0.016331782360794023,-0.129,0.11266821763920598,6
art_004,CNN,ORGANIZATION,-0.15433075621258469,-0.129,0.025330756212584682,5
art_004,Hyundai Motor Company,ORGANIZATION,-0.14458356413524598,-0.129,0.015583564135245975,1
art_004,Hyundai,ORGANIZATION,-0.016331782360794023,-0.129,0.11266821763920598,6
art_004,Hyundai Motor North America,ORGANIZATION,-2.2472813725471497e-05,-0.129,0.12897752718627453,1
art_004,Chief,PERSON,-2.2472813725471497e-05,-0.129,0.12897752718627453,1
art_004,Officer,PERSON,-0.12028420080120365,-0.129,0.00871579919879635,3
art_004,Chris Susock,PERSON,-2.2472813725471497e-05,-0.129,0.12897752718627453,1
art_004,Hyundai,ORGANIZATION,-0.016331782360794023,-0.129,0.11266821763920598,6
art_004,Hyundai,ORGANIZATION,-0.016331782360794023,-0.129,0.11266821763920598,6
art_004,Hyundai,ORGANIZATION,-0.016331782360794023,-0.129,0.11266821763920598,6
art_004,Hyundai,ORGANIZATION,-0.016331782360794023,-0.129,0.11266821763920598,6
art_004,LG,ORGANIZATION,-0.2730182852828875,-0.129,0.14401828528288751,2
art_004,Associated Press,ORGANIZATION,-0.2408805020386353,-0.129,0.11188050203863531,1
art_004,LG,ORGANIZATION,-0.2730182852828875,-0.129,0.14401828528288751,2
art_004,CNN,ORGANIZATION,-0.15433075621258469,-0.129,0.025330756212584682,5
art_004,LG,ORGANIZATION,-0.2730182852828875,-0.129,0.14401828528288751,2
art_004,CNN,ORGANIZATION,-0.15433075621258469,-0.129,0.025330756212584682,5
art_004,Schrank,PERSON,-0.04402311458155358,-0.129,0.08497688541844642,6
art_004,CNN,ORGANIZATION,-0.15433075621258469,-0.129,0.025330756212584682,5
art_004,ICE,ORGANIZATION,-0.08771747064505082,-0.129,0.04128252935494918,6
art_004,Homeland Security,ORGANIZATION,-0.11054320403491147,-0.129,0.018456795965088535,3
art_004,Georgia State Patrol,ORGANIZATION,-0.015441107330843806,-0.129,0.1135588926691562,1
art_004,FBI,ORGANIZATION,-0.015441107330843806,-0.129,0.1135588926691562,1
art_004,DEA,ORGANIZATION,-0.015441107330843806,-0.129,0.1135588926691562,1
art_004,ATF,ORGANIZATION,-0.015441107330843806,-0.129,0.1135588926691562,1
art_004,Department of Homeland Security,ORGANIZATION,-0.2828652299940586,-0.129,0.1538652299940586,1
art_004,Schrank,PERSON,-0.04402311458155358,-0.129,0.08497688541844642,6
art_004,Hyundai,ORGANIZATION,-0.016331782360794023,-0.129,0.11266821763920598,6
art_004,CNN,ORGANIZATION,-0.15433075621258469,-0.129,0.025330756212584682,5
art_005,Hyundai Motor,ORGANIZATION,-0.0008191992552989783,-0.1128,0.11198080074470101,6
art_005,U.S.,ORGANIZATION,0.0016248764473453371,-0.1128,0.11442487644734534,9
art_005,DHS,ORGANIZATION,-0.04648571017605718,-0.1128,0.06631428982394282,2
art_005,President Donald Trump,PERSON,-0.1667999867349863,-0.1128,0.05399998673498631,1
art_005,White House,ORGANIZATION,-0.12856114527676255,-0.1128,0.015761145276762548,2
art_005,South Korea,ORGANIZATION,-0.03948264511564048,-0.1128,0.07331735488435952,6
art_005,Hyundai Motor,ORGANIZATION,-0.0008191992552989783,-0.1128,0.11198080074470101,6
art_005,Homeland Security,ORGANIZATION,-0.10674789806944318,-0.1128,0.006052101930556816,3
art_005,Steven Schrank,PERSON,-0.0036608406735467725,-0.1128,0.10913915932645323,1
art_005,Schrank,PERSON,-0.03062764788774075,-0.1128,0.08217235211225925,3
art_005,Hyundai Motor,ORGANIZATION,-0.0008191992552989783,-0.1128,0.11198080074470101,6
art_005,Chris Susock,PERSON,0.010266127064824104,-0.1128,0.1230661270648241,1
art_005,Hyundai,ORGANIZATION,-0.10083054094219632,-0.1128,0.01196945905780368,9
art_005,ICE,ORGANIZATION,-0.08145096725881255,-0.1128,0.031349032741187444,6
art_005,Schrank,PERSON,-0.03062764788774075,-0.1128,0.08217235211225925,3
art_005,South,PERSON,-0.03948264511564048,-0.1128,0.07331735488435952,6
art_005,Hyundai,ORGANIZATION,-0.10083054094219632,-0.1128,0.01196945905780368,9
art_005,LG Energy Solutions,ORGANIZATION,0.0013390909880399704,-0.1128,0.11413909098803997,1
art_005,LGES,ORGANIZATION,0.0006373364158207551,-0.1128,0.11343733641582075,2
art_005,Hyundai Motor,ORGANIZATION,-0.0008191992552989783,-0.1128,0.11198080074470101,6
art_005,LGES,ORGANIZATION,0.0006373364158207551,-0.1128,0.11343733641582075,2
art_005,Hyundai Motor,ORGANIZATION,-0.0008191992552989783,-0.1128,0.11198080074470101,6
art_005,LGES,ORGANIZATION,0.0006373364158207551,-0.1128,0.11343733641582075,2
art_005,Trump,ORGANIZATION,-0.1264768997207284,-0.1128,0.0136768997207284,3
art_005,Immigration and Customs Enforcement,ORGANIZATION,-0.09160711709409952,-0.1128,0.021192882905900476,1
art_005,ICE,ORGANIZATION,-0.08145096725881255,-0.1128,0.031349032741187444,6
art_005,DHS,ORGANIZATION,-0.04648571017605718,-0.1128,0.06631428982394282,2
art_005,Republican,ORGANIZATION,-0.09160711709409952,-0.1128,0.021192882905900476,1
art_005,Trump,PERSON,-0.1264768997207284,-0.1128,0.0136768997207284,3
art_005,ICE,ORGANIZATION,-0.08145096725881255,-0.1128,0.031349032741187444,6
art_005,White House,ORGANIZATION,-0.12856114527676255,-0.1128,0.015761145276762548,2
art_005,South Korea,ORGANIZATION,-0.03948264511564048,-0.1128,0.07331735488435952,6
art_005,Foreign Ministry,ORGANIZATION,-0.09032230381853878,-0.1128,0.022477696181461213,1
art_005,U.S.,ORGANIZATION,0.0016248764473453371,-0.1128,0.11442487644734534,9
art_005,Lee Jae-woong,PERSON,-0.001373933962895535,-0.1128,0.11142606603710446,1
art_005,Homeland Security Investigations,ORGANIZATION,-0.0879600178450346,-0.1128,0.024839982154965398,1
art_005,DOJ,ORGANIZATION,-0.052501146448776126,-0.1128,0.06029885355122387,1
art_005,Democratic Party,ORGANIZATION,-0.12150150537490845,-0.1128,0.00870150537490845,1
art_005,Governor,PERSON,-0.12150150537490845,-0.1128,0.00870150537490845,1
art_005,Brian Kemp,PERSON,-0.12150150537490845,-0.1128,0.00870150537490845,1
art_005,Hyundai,ORGANIZATION,-0.10083054094219632,-0.1128,0.01196945905780368,9
art_005,Hyundai Motor,ORGANIZATION,-0.0008191992552989783,-0.1128,0.11198080074470101,6
art_005,LG Energy,ORGANIZATION,0.01913039058126742,-0.1128,0.13193039058126743,2
art_006,US Immigration and Customs Enforcement,ORGANIZATION,-0.06664738443214446,-0.0752,0.00855261556785554,1
art_006,South Korea,ORGANIZATION,-0.1942822250087321,-0.0752,0.1190822250087321,17
art_006,US,ORGANIZATION,-0.21055701975867697,-0.0752,0.13535701975867698,19
art_006,South Koreans,PERSON,-0.01098865334643051,-0.0752,0.06421134665356949,1
art_006,US,ORGANIZATION,-0.21055701975867697,-0.0752,0.13535701975867698,19
art_006,Hyundai Motor Group,ORGANIZATION,-0.01098865334643051,-0.0752,0.06421134665356949,1
art_006,LG Energy Solution,ORGANIZATION,-0.01098865334643051,-0.0752,0.06421134665356949,1
art_006,US Homeland Security,ORGANIZATION,0.1377837770851329,-0.0752,0.21298377708513289,1
art_006,Trump administration,ORGANIZATION,0.1377837770851329,-0.0752,0.21298377708513289,1
art_006,vice foreign minister,PERSON,-0.45486277202144265,-0.0752,0.37966277202144266,1
art_006,US,ORGANIZATION,-0.21055701975867697,-0.0752,0.13535701975867698,19
art_006,South Korea,ORGANIZATION,-0.1942822250087321,-0.0752,0.1190822250087321,17
art_006,President,PERSON,0.004665530679631047,-0.0752,0.07986553067963105,1
art_006,Lee Jae-myung,PERSON,0.004665530679631047,-0.0752,0.07986553067963105,1
art_006,US,ORGANIZATION,-0.21055701975867697,-0.0752,0.13535701975867698,19
art_006,South Korea,ORGANIZATION,-0.1942822250087321,-0.0752,0.1190822250087321,17
art_006,America,ORGANIZATION,-0.30384499914944174,-0.0752,0.22864499914944175,5
art_006,US,ORGANIZATION,-0.21055701975867697,-0.0752,0.13535701975867698,19
art_006,South Korea,ORGANIZATION,-0.1942822250087321,-0.0752,0.1190822250087321,17
art_006,US,ORGANIZATION,-0.21055701975867697,-0.0752,0.13535701975867698,19
art_006,US,ORGANIZATION,-0.21055701975867697,-0.0752,0.13535701975867698,19
art_006,South Korea,ORGANIZATION,-0.1942822250087321,-0.0752,0.1190822250087321,17
art_006,US,ORGANIZATION,-0.21055701975867697,-0.0752,0.13535701975867698,19
art_006,South Korea,ORGANIZATION,-0.1942822250087321,-0.0752,0.1190822250087321,17
art_006,South Korea,ORGANIZATION,-0.1942822250087321,-0.0752,0.1190822250087321,17
art_006,South Korea,ORGANIZATION,-0.1942822250087321,-0.0752,0.1190822250087321,17
art_006,South Korea,ORGANIZATION,-0.1942822250087321,-0.0752,0.1190822250087321,17
art_006,South Korea,ORGANIZATION,-0.1942822250087321,-0.0752,0.1190822250087321,17
art_006,China,ORGANIZATION,0.27585979038849473,-0.0752,0.3510597903884947,1
art_006,Center for Korean Peninsula Studies,ORGANIZATION,0.001958784294401994,-0.0752,0.077158784294402,1
art_006,Shanghai University of International Business and Economics,ORGANIZATION,0.001958784294401994,-0.0752,0.077158784294402,1
art_007,South Korea,ORGANIZATION,-0.05910664743714733,-0.0363,0.02280664743714733,2
art_007,South Korea,ORGANIZATION,-0.05910664743714733,-0.0363,0.02280664743714733,2
art_007,US,ORGANIZATION,-0.040928710632475225,-0.0363,0.004628710632475226,7
art_007,Hyundai,ORGANIZATION,-0.024931355088483542,-0.0363,0.011368644911516457,3
art_007,Hyundai Motor Group,ORGANIZATION,-0.0034429021179676056,-0.0363,0.03285709788203239,1
art_007,LG Energy Solution,ORGANIZATION,-0.0034429021179676056,-0.0363,0.03285709788203239,1
art_007,US Homeland Security Investigations,ORGANIZATION,-0.04432095226366073,-0.0363,0.00802095226366073,1
art_007,HSI,ORGANIZATION,0.0013066543324384838,-0.0363,0.03760665433243848,2
art_007,"Bureau of Alcohol, Tobacco, Firearms, and Explosives",ORGANIZATION,-0.026797493919730186,-0.0363,0.009502506080269812,1
art_007,@ATFAtlanta,ORGANIZATION,0.023503195065131877,-0.0363,0.059803195065131876,2
art_007,HSI,ORGANIZATION,0.0013066543324384838,-0.0363,0.03760665433243848,2
art_007,FBI,ORGANIZATION,0.0469342609285377,-0.0363,0.0832342609285377,1
art_007,DEA,ORGANIZATION,0.0469342609285377,-0.0363,0.0832342609285377,1
art_007,ICE,ORGANIZATION,-0.008061395084951073,-0.0363,0.028238604915048926,3
art_007,GSP,ORGANIZATION,0.0469342609285377,-0.0363,0.0832342609285377,1
art_007,Hyundai,ORGANIZATION,-0.024931355088483542,-0.0363,0.011368644911516457,3
art_007,ATF Atlanta,ORGANIZATION,7.212920172605664e-05,-0.0363,0.036372129201726056,1
art_007,@ATFAtlanta,ORGANIZATION,0.023503195065131877,-0.0363,0.059803195065131876,2
art_007,Foreign Minister,PERSON,7.212920172605664e-05,-0.0363,0.036372129201726056,1
art_007,Cho Hyun,PERSON,7.212920172605664e-05,-0.0363,0.036372129201726056,1
art_007,Foreign Ministry,ORGANIZATION,-0.0142897367477417,-0.0363,0.0220102632522583,1
art_007,US Embassy,ORGANIZATION,-0.013498123735189438,-0.0363,0.02280187626481056,1
art_007,President,PERSON,-0.013498123735189438,-0.0363,0.02280187626481056,1
art_007,Lee Jae-myung,PERSON,-0.013498123735189438,-0.0363,0.02280187626481056,1
art_007,Seoul,ORGANIZATION,-0.013498123735189438,-0.0363,0.02280187626481056,1
art_007,US,ORGANIZATION,-0.040928710632475225,-0.0363,0.004628710632475226,7
art_007,President Donald Trump,PERSON,-0.013498123735189438,-0.0363,0.02280187626481056,1
art_008,South Korea,ORGANIZATION,-0.03561259757498192,-0.0265,0.00911259757498192,8
art_008,US,ORGANIZATION,-0.029827996750100283,-0.0265,0.0033279967501002837,14
art_008,Hyundai,ORGANIZATION,-0.01311091536481399,-0.0265,0.013389084635186009,5
art_008,Trump,PERSON,-0.048751549246454876,-0.0265,0.022251549246454876,7
art_008,ICE,ORGANIZATION,-0.006709168723318726,-0.0265,0.019790831276681273,6
art_008,South Korea,ORGANIZATION,-0.03561259757498192,-0.0265,0.00911259757498192,8
art_008,United States Department of Homeland Security,ORGANIZATION,-0.18347563943825662,-0.0265,0.15697563943825663,1
art_008,Hyundai-,ORGANIZATION,-0.00294291722093476,-0.0265,0.02355708277906524,2
art_008,LG,ORGANIZATION,0.037793039174478814,-0.0265,0.06429303917447882,3
art_008,Ministry of Foreign Affairs,ORGANIZATION,-0.031292679253965616,-0.0265,0.004792679253965617,1
art_008,Trump,PERSON,-0.048751549246454876,-0.0265,0.022251549246454876,7
art_008,National Guard,ORGANIZATION,-0.029018649365752935,-0.0265,0.002518649365752936,1
art_008,Trump,PERSON,-0.048751549246454876,-0.0265,0.022251549246454876,7
art_008,National Guard,ORGANIZATION,-0.029018649365752935,-0.0265,0.002518649365752936,1
art_008,US Department of Homeland Security,ORGANIZATION,-0.010163040977204219,-0.0265,0.01633695902279578,1
art_008,President Donald Trump,PERSON,-0.05056985327973962,-0.0265,0.02406985327973962,1
art_008,Hyundai-LG,ORGANIZATION,-0.00294291722093476,-0.0265,0.02355708277906524,2
art_008,South Korea,ORGANIZATION,-0.03561259757498192,-0.0265,0.00911259757498192,8
art_008,Foreign Ministry,ORGANIZATION,-0.014021131210029125,-0.0265,0.012478868789970874,1
art_008,Lee Jaewoong,PERSON,-0.014021131210029125,-0.0265,0.012478868789970874,1
art_008,Trump,PERSON,-0.048751549246454876,-0.0265,0.022251549246454876,7
art_008,US Immigration and Customs Enforcement,ORGANIZATION,-0.02169604360824451,-0.0265,0.004803956391755491,2
art_008,ICE,ORGANIZATION,-0.006709168723318726,-0.0265,0.019790831276681273,6
art_008,president,PERSON,-0.08736112853694067,-0.0265,0.06086112853694067,4
art_008,ICE,ORGANIZATION,-0.006709168723318726,-0.0265,0.019790831276681273,6
art_008,Trump,PERSON,-0.048751549246454876,-0.0265,0.022251549246454876,7
art_008,Pew Research Center,ORGANIZATION,-0.07588364474941045,-0.0265,0.049383644749410455,1
art_008,Census Bureau,ORGANIZATION,-0.07588364474941045,-0.0265,0.049383644749410455,1
art_008,White House,ORGANIZATION,0.006365928620652994,-0.0265,0.03286592862065299,2
art_008,Abigail Jackson,PERSON,0.012128277099691331,-0.0265,0.03862827709969133,1
art_008,Hyundai,ORGANIZATION,-0.01311091536481399,-0.0265,0.013389084635186009,5
art_008,Jackson,PERSON,0.00571753439726308,-0.0265,0.032217534397263076,2
art_008,President Trump,PERSON,0.032263130182400346,-0.0265,0.05876313018240034,1
art_008,Steven Schrank,PERSON,0.032263130182400346,-0.0265,0.05876313018240034,1
art_008,Homeland Security,ORGANIZATION,-0.040336782702070195,-0.0265,0.013836782702070196,4
art_008,Georgians,PERSON,0.032263130182400346,-0.0265,0.05876313018240034,1
art_008,Americans,PERSON,0.032263130182400346,-0.0265,0.05876313018240034,1
art_008,Department of Homeland Security,ORGANIZATION,-0.06453675366356038,-0.0265,0.03803675366356038,3
art_008,US Immigration and Customs Enforcement,ORGANIZATION,-0.02169604360824451,-0.0265,0.004803956391755491,2
art_008,ICE,ORGANIZATION,-0.006709168723318726,-0.0265,0.019790831276681273,6
art_008,US Customs and Border Protection,ORGANIZATION,2.8419424779713154e-05,-0.0265,0.026528419424779712,1
art_008,Secret Service,ORGANIZATION,2.8419424779713154e-05,-0.0265,0.026528419424779712,1
art_008,Governor,PERSON,-0.03861323744058609,-0.0265,0.01211323744058609,1
art_008,Brian Kemp,PERSON,-0.03861323744058609,-0.0265,0.01211323744058609,1
art_008,Hyundai Motor Group,ORGANIZATION,0.0058246727276127785,-0.0265,0.032324672727612774,1
art_008,LG Energy Solution,ORGANIZATION,0.11926495196530595,-0.0265,0.14576495196530595,1
art_008,Al Jazeera,ORGANIZATION,-0.03890021448023617,-0.0265,0.012400214480236173,1
art_008,Mike Hanna,PERSON,-0.03890021448023617,-0.0265,0.012400214480236173,1
art_008,South,ORGANIZATION,-0.03561259757498192,-0.0265,0.00911259757498192,8
art_008,government,ORGANIZATION,-0.012375830148812383,-0.0265,0.014124169851187616,1
art_008,Reuters,ORGANIZATION,-0.012375830148812383,-0.0265,0.014124169851187616,1
art_008,South Korea,ORGANIZATION,-0.03561259757498192,-0.0265,0.00911259757498192,8
art_008,Lee,PERSON,-0.0023630835178967877,-0.0265,0.024136916482103213,3
art_008,Seoul,ORGANIZATION,-0.0359350674552843,-0.0265,0.009435067455284298,3
art_008,Trump,PERSON,-0.048751549246454876,-0.0265,0.022251549246454876,7
art_008,US,ORGANIZATION,-0.029827996750100283,-0.0265,0.0033279967501002837,14
art_008,President,PERSON,-0.08736112853694067,-0.0265,0.06086112853694067,4
art_008,Lee Jae Myung,PERSON,0.0006035801416146569,-0.0265,0.027103580141614656,1
art_009,Hyundai-LG,ORGANIZATION,0.06207128058304079,0.0399,0.02217128058304079,2
art_009,Trump,PERSON,0.0845124445244437,0.0399,0.044612444524443705,5
art_009,Hyundai,ORGANIZATION,0.0132929771207273,0.0399,0.026607022879272697,6
art_009,South Korea,ORGANIZATION,-0.10600560014912237,0.0399,0.14590560014912238,9
art_009,US Department of Homeland Security,ORGANIZATION,-0.5246511904988438,0.0399,0.5645511904988438,1
art_009,Hyundai Motor Group Metaplant America,ORGANIZATION,-0.03162001521559432,0.0399,0.07152001521559431,1
art_009,HMGMA,ORGANIZATION,0.0459969058574643,0.0399,0.006096905857464301,2
art_009,US,PERSON,-0.01954254897282226,0.0399,0.05944254897282226,16
art_009,President Donald Trump,PERSON,-0.03162001521559432,0.0399,0.07152001521559431,1
art_009,Trump administration,ORGANIZATION,0.0022169090079842135,0.0399,0.037683090992015784,1
art_009,Troy Stangarone,PERSON,0.0022169090079842135,0.0399,0.037683090992015784,1
art_009,Carnegie Mellon Institute for Strategy and Technology,ORGANIZATION,0.0022169090079842135,0.0399,0.037683090992015784,1
art_009,The Straits Times,ORGANIZATION,0.0022169090079842135,0.0399,0.037683090992015784,1
art_009,US Customs,ORGANIZATION,-0.0596125804586336,0.0399,0.09951258045863359,1
art_009,Homeland Security Investigations,ORGANIZATION,-0.04803542257286608,0.0399,0.08793542257286607,1
art_009,Steven Schrank,PERSON,-0.04803542257286608,0.0399,0.08793542257286607,1
art_009,Trump,PERSON,0.0845124445244437,0.0399,0.044612444524443705,5
art_009,Truth Social,ORGANIZATION,0.4560898272902705,0.0399,0.4161898272902705,1
art_009,Hyundai-LG,ORGANIZATION,0.06207128058304079,0.0399,0.02217128058304079,2
art_009,HMGMA,ORGANIZATION,0.0459969058574643,0.0399,0.006096905857464301,2
art_009,South Korea,ORGANIZATION,-0.10600560014912237,0.0399,0.14590560014912238,9
art_009,President,PERSON,-0.018136623955797404,0.0399,0.0580366239557974,2
art_009,Lee Jae Myung,PERSON,-0.004653232696000487,0.0399,0.044553232696000485,1
art_009,Trump,PERSON,0.0845124445244437,0.0399,0.044612444524443705,5
art_009,Foreign Minister,PERSON,0.0006729431916028261,0.0399,0.03922705680839717,1
art_009,Cho Hyun,PERSON,0.0006729431916028261,0.0399,0.03922705680839717,1
art_009,Hyundai,ORGANIZATION,0.0132929771207273,0.0399,0.026607022879272697,6
art_009,Hyundai,ORGANIZATION,0.0132929771207273,0.0399,0.026607022879272697,6
art_009,Japan,ORGANIZATION,0.024284752318635583,0.0399,0.015615247681364415,1
art_009,South Korean government,ORGANIZATION,-0.04851138638332486,0.0399,0.08841138638332485,1
art_009,South Korea,ORGANIZATION,-0.10600560014912237,0.0399,0.14590560014912238,9
art_009,US,ORGANIZATION,-0.01954254897282226,0.0399,0.05944254897282226,16
art_009,Lee Seong-hyon,PERSON,0.00026305501341994386,0.0399,0.039636944986580054,1
art_009,US-China Relations,ORGANIZATION,-0.25968315661884844,0.0399,0.29958315661884843,1
art_009,Lee,PERSON,0.06599795790619585,0.0399,0.026097957906195852,3
art_009,ST,ORGANIZATION,0.009346892260913996,0.0399,0.030553107739086004,18
art_010,South Koreans,PERSON,-0.1908543867757544,-0.0283,0.1625543867757544,1
art_010,Hyundai-LG,ORGANIZATION,-0.1908543867757544,-0.0283,0.1625543867757544,1
art_010,Steven Schrank,PERSON,-0.006660808401647955,-0.0283,0.021639191598352044,1
art_010,Homeland Security Investigations,ORGANIZATION,-0.04775088746100664,-0.0283,0.019450887461006643,2
art_010,President Donald Trump,PERSON,-0.006660808401647955,-0.0283,0.021639191598352044,1
art_010,Hyundai Motor-LG Energy Solution,ORGANIZATION,-0.014273653971031308,-0.0283,0.01402634602896869,1
art_010,Schrank,PERSON,-0.040171440597623585,-0.0283,0.011871440597623586,5
art_010,White,ORGANIZATION,-0.14802275225520134,-0.0283,0.11972275225520135,1
art_010,Trump,PERSON,-0.02217124615854118,-0.0283,0.00612875384145882,5
art_010,ICE,ORGANIZATION,-0.06081548740621656,-0.0283,0.03251548740621656,3
art_010,Immigration and Customs Enforcement,ORGANIZATION,-0.14802275225520134,-0.0283,0.11972275225520135,1
art_010,South Korea,ORGANIZATION,-0.04359196198735541,-0.0283,0.015291961987355412,6
art_010,Washington,ORGANIZATION,-0.14802275225520134,-0.0283,0.11972275225520135,1
art_010,ministry,PERSON,-0.013149475678801537,-0.0283,0.015150524321198462,1
art_010,Lee Jae-woong,PERSON,-0.013149475678801537,-0.0283,0.015150524321198462,1
art_010,Schrank,PERSON,-0.040171440597623585,-0.0283,0.011871440597623586,5
art_010,Homeland Security Investigations,ORGANIZATION,-0.04775088746100664,-0.0283,0.019450887461006643,2
art_010,Agence France-Presse,ORGANIZATION,-0.08884096652036533,-0.0283,0.06054096652036533,1
art_010,AFP,ORGANIZATION,-0.08884096652036533,-0.0283,0.06054096652036533,1
art_010,Schrank,PERSON,-0.040171440597623585,-0.0283,0.011871440597623586,5
art_010,Hyundai,ORGANIZATION,-0.07126521461759694,-0.0283,0.04296521461759694,4
art_010,LG,ORGANIZATION,-0.033613753534154966,-0.0283,0.005313753534154968,4
art_010,ICE,ORGANIZATION,-0.06081548740621656,-0.0283,0.03251548740621656,3
art_010,Schrank,PERSON,-0.040171440597623585,-0.0283,0.011871440597623586,5
art_010,Georgians,PERSON,0.472004811395891,-0.0283,0.500304811395891,1
art_010,Americans,PERSON,0.472004811395891,-0.0283,0.500304811395891,1
art_010,Korea,ORGANIZATION,-0.04359196198735541,-0.0283,0.015291961987355412,6
art_010,Asia,ORGANIZATION,0.01613421380170621,-0.0283,0.04443421380170621,1
art_010,Trump,PERSON,-0.02217124615854118,-0.0283,0.00612875384145882,5
art_010,President,PERSON,-0.001519982448371593,-0.0283,0.026780017551628406,2
art_010,Lee Jae Myung,PERSON,0.0036208435049047694,-0.0283,0.03192084350490477,1
art_010,Trump,PERSON,-0.02217124615854118,-0.0283,0.00612875384145882,5
art_010,Seoul,ORGANIZATION,-0.04261006150773028,-0.0283,0.01431006150773028,2
art_010,Trump,PERSON,-0.02217124615854118,-0.0283,0.00612875384145882,5
art_010,Hyundai,ORGANIZATION,-0.07126521461759694,-0.0283,0.04296521461759694,4
art_010,Hyundai Motor Company,ORGANIZATION,-0.0009551765397191048,-0.0283,0.027344823460280894,1
art_010,LG Energy Solution,ORGANIZATION,0.06768850691150874,-0.0283,0.09598850691150873,2
art_011,Donald Trump,PERSON,-0.14593370063812472,-0.126,0.01993370063812472,2
art_011,US,ORGANIZATION,-0.09531545839490718,-0.126,0.03068454160509282,8
art_011,US,PERSON,-0.09531545839490718,-0.126,0.03068454160509282,8
art_011,President,PERSON,-0.14593370063812472,-0.126,0.01993370063812472,2
art_011,Donald Trump,PERSON,-0.14593370063812472,-0.126,0.01993370063812472,2
art_011,Syrians,PERSON,-0.010108742164447904,-0.126,0.1158912578355521,1
art_011,Trump,PERSON,-0.11294325139412346,-0.126,0.013056748605876536,6
art_011,Americans,PERSON,0.013821526430547237,-0.126,0.13982152643054724,1
art_011,Trump,PERSON,-0.11294325139412346,-0.126,0.013056748605876536,6
art_011,Grace Meng,PERSON,-0.30396792688407004,-0.126,0.17796792688407004,1
art_011,Human Rights Watch,ORGANIZATION,-0.30396792688407004,-0.126,0.17796792688407004,1
art_011,Trump,PERSON,-0.11294325139412346,-0.126,0.013056748605876536,6
art_011,Council on American-Islamic Relations,ORGANIZATION,-0.02908682869747281,-0.126,0.09691317130252719,1
art_011,CAIR,ORGANIZATION,-0.0312790751340799,-0.126,0.0947209248659201,2
art_011,Lena Masri,PERSON,-0.033471321570686996,-0.126,0.092528678429313,1
art_011,CAIR,ORGANIZATION,-0.0312790751340799,-0.126,0.0947209248659201,2
art_011,United Nations refugee agency,ORGANIZATION,0.10878276405856013,-0.126,0.23478276405856013,1
art_011,International Organization for Migration,ORGANIZATION,0.10878276405856013,-0.126,0.23478276405856013,1
art_011,IOM,ORGANIZATION,0.10878276405856013,-0.126,0.23478276405856013,1
art_011,Trump,PERSON,-0.11294325139412346,-0.126,0.013056748605876536,6
art_012,Trump,PERSON,-0.19763270033096583,-0.0118,0.18583270033096583,6
art_012,Donald Trump,PERSON,-0.09159816710356002,-0.0118,0.07979816710356001,3
art_012,President,PERSON,-0.1933455402031541,-0.0118,0.18154554020315408,3
art_012,Francois Hollande,PERSON,0.0042864130809903145,-0.0118,0.016086413080990312,1
art_012,Donald Trump,PERSON,-0.09159816710356002,-0.0118,0.07979816710356001,3
art_012,US,ORGANIZATION,-0.1633618833924023,-0.0118,0.15156188339240229,18
art_012,America,ORGANIZATION,-0.18536593245031932,-0.0118,0.17356593245031932,3
art_012,Hollande,PERSON,0.0030330453300848603,-0.0118,0.01483304533008486,4
art_012,southern European Union,ORGANIZATION,0.026086516911163926,-0.0118,0.037886516911163924,1
art_012,Hollande,PERSON,0.0030330453300848603,-0.0118,0.01483304533008486,4
art_012,EU,ORGANIZATION,-0.11072524100503263,-0.0118,0.09892524100503262,6
art_012,Trump,PERSON,-0.19763270033096583,-0.0118,0.18583270033096583,6
art_012,UK,ORGANIZATION,-0.039706879901738525,-0.0118,0.027906879901738527,6
art_012,US,ORGANIZATION,-0.1633618833924023,-0.0118,0.15156188339240229,18
art_012,Europe,ORGANIZATION,-0.12879260074114426,-0.0118,0.11699260074114426,5
art_012,Hollande,PERSON,0.0030330453300848603,-0.0118,0.01483304533008486,4
art_012,Foreign Minister,PERSON,0.0003192678123014048,-0.0118,0.012119267812301404,2
art_012,Jean-Marc Ayrault,PERSON,0.0011193676327820867,-0.0118,0.012919367632782086,2
art_012,Ayrault,PERSON,-0.09920094932507102,-0.0118,0.08740094932507102,3
art_012,Jean-Marc Ayrault,PERSON,0.0011193676327820867,-0.0118,0.012919367632782086,2
art_012,@jeanmarcayrault,PERSON,9.104161290451884e-05,-0.0118,0.011891041612904519,1
art_012,British,PERSON,-0.004187873564660549,-0.0118,0.0076121264353394506,1
art_012,Prime Minister,PERSON,-0.004187873564660549,-0.0118,0.0076121264353394506,1
art_012,Theresa May,PERSON,-0.004187873564660549,-0.0118,0.0076121264353394506,1
art_012,London,ORGANIZATION,-0.04099685116671026,-0.0118,0.02919685116671026,2
art_012,US’,ORGANIZATION,-0.004187873564660549,-0.0118,0.0076121264353394506,1
art_012,United States,ORGANIZATION,-0.09930060477927327,-0.0118,0.08750060477927327,1
art_012,Foreign Secretary of State,PERSON,0.08021734561771154,-0.0118,0.09201734561771155,1
art_012,Boris Johnson,PERSON,-0.19016842811834067,-0.0118,0.17836842811834067,2
art_012,Boris Johnson,PERSON,-0.19016842811834067,-0.0118,0.17836842811834067,2
art_012,@BorisJohnson,PERSON,-0.4605542018543929,-0.0118,0.4487542018543929,1
art_012,mayor,PERSON,-0.07780582876875997,-0.0118,0.06600582876875996,1
art_012,Sadiq Khan,PERSON,-0.07780582876875997,-0.0118,0.06600582876875996,1
art_012,Facebook,ORGANIZATION,-0.07780582876875997,-0.0118,0.06600582876875996,1
art_012,Trump,PERSON,-0.19763270033096583,-0.0118,0.18583270033096583,6
art_012,UK,ORGANIZATION,-0.039706879901738525,-0.0118,0.027906879901738527,6
art_012,Labour Party,ORGANIZATION,-0.07780582876875997,-0.0118,0.06600582876875996,1
art_012,Jeremy Corbyn,PERSON,-0.12167822601622902,-0.0118,0.10987822601622901,2
art_012,Trump,PERSON,-0.19763270033096583,-0.0118,0.18583270033096583,6
art_012,Independent,ORGANIZATION,-0.07780582876875997,-0.0118,0.06600582876875996,1
art_012,@Theresa_May,PERSON,-0.8128074295818806,-0.0118,0.8010074295818805,1
art_012,@realDonaldTrump,PERSON,-0.8128074295818806,-0.0118,0.8010074295818805,1
art_012,Jeremy Corbyn,PERSON,-0.12167822601622902,-0.0118,0.10987822601622901,2
art_012,MP,PERSON,-0.1930495464642133,-0.0118,0.1812495464642133,7
art_012,@jeremycorbyn,PERSON,-0.16555062326369807,-0.0118,0.15375062326369807,1
art_012,Donald Trump,PERSON,-0.09159816710356002,-0.0118,0.07979816710356001,3
art_012,US Government,ORGANIZATION,-0.21774526505032554,-0.0118,0.20594526505032554,1
art_012,Queen,PERSON,-0.21774526505032554,-0.0118,0.20594526505032554,1
art_012,Chancellor,PERSON,-0.0504910756717436,-0.0118,0.038691075671743604,2
art_012,Angela Merkel,PERSON,-0.032242098241113126,-0.0118,0.02044209824111313,1
art_012,Der Spiegel,ORGANIZATION,-0.032242098241113126,-0.0118,0.02044209824111313,1
art_012,Steffen Seibert,PERSON,-0.032242098241113126,-0.0118,0.02044209824111313,1
art_012,German government,ORGANIZATION,0.021187223959714174,-0.0118,0.03298722395971417,1
art_012,US,ORGANIZATION,-0.1633618833924023,-0.0118,0.15156188339240229,18
art_012,Seibert,PERSON,-0.005527437140699476,-0.0118,0.006272562859300524,2
art_012,US,ORGANIZATION,-0.1633618833924023,-0.0118,0.15156188339240229,18
art_012,Luxembourg,ORGANIZATION,-0.001509158028056845,-0.0118,0.010290841971943155,1
art_012,Foreign Minister,PERSON,0.0003192678123014048,-0.0118,0.012119267812301404,2
art_012,Jean Asselborn,PERSON,-0.001509158028056845,-0.0118,0.010290841971943155,1
art_012,Muslim,ORGANIZATION,-0.4307135226088576,-0.0118,0.4189135226088576,5
art_012,Asselborn,PERSON,-0.29398994268558454,-0.0118,0.28218994268558456,2
art_012,Tagesspiegel,ORGANIZATION,-0.5864707273431122,-0.0118,0.5746707273431122,1
art_012,Europe,ORGANIZATION,-0.12879260074114426,-0.0118,0.11699260074114426,5
art_012,Muslim,ORGANIZATION,-0.4307135226088576,-0.0118,0.4189135226088576,5
art_013,Donald Trump,PERSON,0.15412344224750996,0.0625,0.09162344224750996,1
art_013,America,ORGANIZATION,0.0669052373947731,0.0625,0.0044052373947730955,6
art_013,Islam,ORGANIZATION,-0.03440282493829727,0.0625,0.09690282493829727,3
art_013,Trump,PERSON,-0.022368835581635885,0.0625,0.08486883558163588,11
art_013,Americans,PERSON,0.10110886619077064,0.0625,0.03860886619077064,2
art_013,Trump,PERSON,-0.022368835581635885,0.0625,0.08486883558163588,11
art_013,Supreme Court,ORGANIZATION,-0.04610757529735565,0.0625,0.10860757529735565,1
art_013,White House,ORGANIZATION,-0.13145583402365446,0.0625,0.19395583402365446,4
art_013,Trump,PERSON,-0.022368835581635885,0.0625,0.08486883558163588,11
art_013,Delta,ORGANIZATION,-0.06157655129209161,0.0625,0.12407655129209161,1
art_013,Sen.,PERSON,-0.06157655129209161,0.0625,0.12407655129209161,1
art_013,Chuck) Schumer,PERSON,-0.6950647132471204,0.0625,0.7575647132471204,1
art_013,White House,ORGANIZATION,-0.13145583402365446,0.0625,0.19395583402365446,4
art_013,Trump,PERSON,-0.022368835581635885,0.0625,0.08486883558163588,11
art_013,CNN,ORGANIZATION,-0.008333254372701049,0.0625,0.07083325437270105,2
art_013,Jake Tapper,PERSON,-0.025644604582339525,0.0625,0.08814460458233953,1
art_013,Stephen Miller,PERSON,-0.025644604582339525,0.0625,0.08814460458233953,1
art_013,Trump,PERSON,-0.022368835581635885,0.0625,0.08486883558163588,11
art_013,Departments of State,ORGANIZATION,-0.025644604582339525,0.0625,0.08814460458233953,1
art_013,Homeland Security,ORGANIZATION,-0.025644604582339525,0.0625,0.08814460458233953,1
art_013,Trump,PERSON,-0.022368835581635885,0.0625,0.08486883558163588,11
art_013,President Trump,PERSON,0.23318022210150957,0.0625,0.17068022210150957,1
art_013,President,PERSON,0.1413561330742336,0.0625,0.07885613307423359,7
art_013,Gov.,PERSON,0.04973490908741951,0.0625,0.01276509091258049,1
art_013,Jan Brewer,PERSON,0.008978095836937428,0.0625,0.05352190416306257,1
art_013,CNN,ORGANIZATION,-0.008333254372701049,0.0625,0.07083325437270105,2
art_013,Trump,PERSON,-0.022368835581635885,0.0625,0.08486883558163588,11
art_013,White House,ORGANIZATION,-0.13145583402365446,0.0625,0.19395583402365446,4
art_013,White House,ORGANIZATION,-0.13145583402365446,0.0625,0.19395583402365446,4
art_013,Muslims,PERSON,-0.06518759469812115,0.0625,0.12768759469812113,3
art_013,Trump,PERSON,-0.022368835581635885,0.0625,0.08486883558163588,11
art_013,President John Adams,PERSON,-0.02175029367208481,0.0625,0.08425029367208481,1
art_013,Americans,PERSON,0.10110886619077064,0.0625,0.03860886619077064,2
art_013,Senator,PERSON,-0.0025311728822998703,0.0625,0.06503117288229987,1
art_013,Joseph McCarthy,PERSON,-0.0025311728822998703,0.0625,0.06503117288229987,1
art_013,United,ORGANIZATION,-0.036098361015319824,0.0625,0.09859836101531982,2
art_013,Presidents,PERSON,0.0001301678130403161,0.0625,0.062369832186959684,1
art_013,Barack Obama,PERSON,0.00011570006608963013,0.0625,0.06238429993391037,1
art_013,United,ORGANIZATION,-0.036098361015319824,0.0625,0.09859836101531982,2
art_013,Obama,PERSON,-0.12866595853120089,0.0625,0.19116595853120089,2
art_013,US,ORGANIZATION,-0.0488558586856181,0.0625,0.11135585868561809,11
art_013,Trump,PERSON,-0.022368835581635885,0.0625,0.08486883558163588,11
art_013,Trump,PERSON,-0.022368835581635885,0.0625,0.08486883558163588,11
art_014,President,PERSON,0.014055740777015066,0.0005,0.013555740777015065,3
art_014,Donald Trump,PERSON,-0.005545327177969739,0.0005,0.006045327177969739,1
art_014,Obama,PERSON,-0.022925350252383698,0.0005,0.0234253502523837,3
art_014,Trump,PERSON,-0.015068586200868594,0.0005,0.015568586200868595,8
art_014,Republican,ORGANIZATION,-0.0247762578073889,0.0005,0.025276257807388902,1
art_014,Congress,ORGANIZATION,-0.005911693326197565,0.0005,0.006411693326197565,2
art_014,Congress,ORGANIZATION,-0.005911693326197565,0.0005,0.006411693326197565,2
art_014,White House,ORGANIZATION,0.012952871154993773,0.0005,0.012452871154993772,1
art_014,Somalia,ORGANIZATION,-0.011153085666592233,0.0005,0.011653085666592233,2
art_014,Trump,PERSON,-0.015068586200868594,0.0005,0.015568586200868595,8
art_014,Obama administration,ORGANIZATION,-0.03239164227852598,0.0005,0.03289164227852598,2
art_014,Trump,PERSON,-0.015068586200868594,0.0005,0.015568586200868595,8
art_014,President Trump,PERSON,0.023856274754507467,0.0005,0.023356274754507467,2
art_014,Obama,PERSON,-0.022925350252383698,0.0005,0.0234253502523837,3
art_014,Trump,PERSON,-0.015068586200868594,0.0005,0.015568586200868595,8
art_014,FBI,ORGANIZATION,-0.013762557544396259,0.0005,0.01426255754439626,1
art_014,al-Qaeda,ORGANIZATION,-0.11801531357923523,0.0005,0.11851531357923523,1
art_014,US,ORGANIZATION,-0.05958507411097261,0.0005,0.06008507411097261,11
art_014,Subcommittee on Counterterrorism and Intelligence,ORGANIZATION,-0.04854885709937662,0.0005,0.04904885709937662,1
art_014,Trump,PERSON,-0.015068586200868594,0.0005,0.015568586200868595,8
art_014,Homeland Security Committee,ORGANIZATION,-0.04894579920801334,0.0005,0.04944579920801334,1
art_014,Islamic State,ORGANIZATION,-0.04894579920801334,0.0005,0.04944579920801334,1
art_014,New America Foundation,ORGANIZATION,-0.009425368334632367,0.0005,0.009925368334632367,1
art_014,Cato Institute,ORGANIZATION,-0.24940986232832074,0.0005,0.24990986232832074,1
art_014,Americans,PERSON,-0.24940986232832074,0.0005,0.24990986232832074,1
art_014,Senators,PERSON,-0.007423529634252191,0.0005,0.007923529634252191,2
art_014,John McCain,PERSON,-0.027799930423498154,0.0005,0.028299930423498154,1
art_014,R,ORGANIZATION,-0.03665497275435501,0.0005,0.03715497275435501,31
art_014,Lindsey Graham,PERSON,-0.027799930423498154,0.0005,0.028299930423498154,1
art_014,R,ORGANIZATION,-0.03665497275435501,0.0005,0.03715497275435501,31
art_014,SC,ORGANIZATION,-0.027799930423498154,0.0005,0.028299930423498154,1
art_014,President Trump,PERSON,0.023856274754507467,0.0005,0.023356274754507467,2
art_014,America,ORGANIZATION,-0.059407798034953885,0.0005,0.059907798034953885,4
art_015,Department of Homeland Security,ORGANIZATION,0.0029019612120464444,0.0487,0.045798038787953556,1
art_015,DHS,ORGANIZATION,0.1160463961714413,0.0487,0.06734639617144131,4
art_015,White House,ORGANIZATION,0.01265314599731937,0.0487,0.03604685400268063,2
art_015,U.S.,ORGANIZATION,-0.047351142294549696,0.0487,0.0960511422945497,12
art_015,President Donald Trump,PERSON,-0.06565895257517695,0.0487,0.11435895257517695,1
art_015,Stephen Miller,PERSON,0.022404330782592297,0.0487,0.026295669217407704,1
art_015,White House,ORGANIZATION,0.01265314599731937,0.0487,0.03604685400268063,2
art_015,U.S.,PERSON,-0.047351142294549696,0.0487,0.0960511422945497,12
art_015,District Judge,PERSON,0.00011771365825552493,0.0487,0.048582286341744475,1
art_015,Ann Donnelly,PERSON,0.00011771365825552493,0.0487,0.048582286341744475,1
art_015,American Civil Liberties Union,ORGANIZATION,0.00011771365825552493,0.0487,0.048582286341744475,1
art_015,Homeland Security,ORGANIZATION,-0.0074764477903954685,0.0487,0.05617644779039547,2
art_015,DHS,ORGANIZATION,0.1160463961714413,0.0487,0.06734639617144131,4
art_015,America,ORGANIZATION,0.1244114370092575,0.0487,0.0757114370092575,4
art_015,Trump,PERSON,-0.08125825891814505,0.0487,0.12995825891814505,6
art_015,Trump,PERSON,-0.08125825891814505,0.0487,0.12995825891814505,6
art_015,DHS,ORGANIZATION,0.1160463961714413,0.0487,0.06734639617144131,4
art_015,Trump,PERSON,-0.08125825891814505,0.0487,0.12995825891814505,6
art_015,Trump,PERSON,-0.08125825891814505,0.0487,0.12995825891814505,6
art_015,Trump,PERSON,-0.08125825891814505,0.0487,0.12995825891814505,6
art_015,Republican,ORGANIZATION,0.03508531302213669,0.0487,0.013614686977863312,1
art_015,DHS,ORGANIZATION,0.1160463961714413,0.0487,0.06734639617144131,4
art_016,President Donald Trump,PERSON,-0.04280789813492447,-0.0651,0.022292101865075534,1
art_016,Trump,PERSON,-0.014605548181862105,-0.0651,0.0504944518181379,4
art_016,Republican,ORGANIZATION,-0.04280789813492447,-0.0651,0.022292101865075534,1
art_016,Democratic,ORGANIZATION,-0.1284421799937263,-0.0651,0.06334217999372631,2
art_016,American Civil Liberties Union,ORGANIZATION,0.21206671092659235,-0.0651,0.27716671092659234,1
art_016,Trump,PERSON,-0.014605548181862105,-0.0651,0.0504944518181379,4
art_016,America,ORGANIZATION,-0.129942772774181,-0.0651,0.064842772774181,3
art_016,White House,ORGANIZATION,-0.003482615647953935,-0.0651,0.06161738435204607,4
art_016,White House,ORGANIZATION,-0.003482615647953935,-0.0651,0.06161738435204607,4
art_016,Trump,PERSON,-0.014605548181862105,-0.0651,0.0504944518181379,4
art_016,Department of Homeland Security,ORGANIZATION,-0.017655366522376426,-0.0651,0.04744463347762358,2
art_016,Rahmani,PERSON,-0.21843952487688512,-0.0651,0.15333952487688512,2
art_016,Democratic,ORGANIZATION,-0.1284421799937263,-0.0651,0.06334217999372631,2
art_016,governors,PERSON,-0.22413061652332544,-0.0651,0.15903061652332545,1
art_016,David Leopold,PERSON,-0.22413061652332544,-0.0651,0.15903061652332545,1
art_016,White House,ORGANIZATION,-0.003482615647953935,-0.0651,0.06161738435204607,4
art_016,Department of Homeland Security,ORGANIZATION,-0.017655366522376426,-0.0651,0.04744463347762358,2
art_016,Mark Krikorian,PERSON,-0.014331349288113415,-0.0651,0.05076865071188659,1
art_016,Center for Immigration Studies,ORGANIZATION,-0.014331349288113415,-0.0651,0.05076865071188659,1
art_016,Krikorian,PERSON,-0.04203425854211673,-0.0651,0.023065741457883274,2
art_016,Travis Kalanick,PERSON,-0.6108410121523775,-0.0651,0.5457410121523775,1
art_016,Uber Technologies Inc,ORGANIZATION,-0.6108410121523775,-0.0651,0.5457410121523775,1
art_016,White House,ORGANIZATION,-0.003482615647953935,-0.0651,0.06161738435204607,4
art_016,Iran,ORGANIZATION,-0.15129965610685758,-0.0651,0.08619965610685758,3
art_016,Washington,ORGANIZATION,-0.2183588114567101,-0.0651,0.1532588114567101,2
art_016,Lukman Faily,PERSON,-0.00737893208861351,-0.0651,0.057721067911386495,1
art_016,Reuters,ORGANIZATION,-0.00737893208861351,-0.0651,0.057721067911386495,1
art_016,Trump,PERSON,-0.014605548181862105,-0.0651,0.0504944518181379,4
art_016,U.S.,ORGANIZATION,-0.05995221540797502,-0.0651,0.005147784592024987,4
art_017,Trump,PERSON,-0.06406596380677204,-0.266,0.20193403619322797,9
art_017,US,ORGANIZATION,-0.09445092174337333,-0.266,0.17154907825662669,16
art_017,President Donald Trump,PERSON,-0.16415200661867857,-0.266,0.10184799338132144,1
art_017,FRANCE 24,ORGANIZATION,0.003708205185830593,-0.266,0.2697082051858306,1
art_017,YouTube,ORGANIZATION,-0.056983486749231815,-0.266,0.2090165132507682,1
art_017,NATO,ORGANIZATION,-0.013223798479884863,-0.266,0.25277620152011515,1
art_017,UN,ORGANIZATION,-0.08281442039151443,-0.266,0.18318557960848558,20
art_017,Secretary of,PERSON,-0.035946983844041824,-0.266,0.2300530161559582,1
art_017,Homeland,ORGANIZATION,-0.035946983844041824,-0.266,0.2300530161559582,1
art_017,Security,PERSON,-0.035946983844041824,-0.266,0.2300530161559582,1
art_017,John Kelly,PERSON,-0.035946983844041824,-0.266,0.2300530161559582,1
art_017,White House,ORGANIZATION,-0.03958560856214414,-0.266,0.22641439143785588,3
art_017,Chief of Staff,PERSON,-0.12079272186383605,-0.266,0.14520727813616396,1
art_017,Reince Priebus,PERSON,-0.12079272186383605,-0.266,0.14520727813616396,1
art_017,United States,ORGANIZATION,-0.021356199014311034,-0.266,0.24464380098568897,3
art_017,Barack Obama,PERSON,0.00016020191833376884,-0.266,0.2661602019183338,1
art_017,Syrians,PERSON,-0.02656992691724251,-0.266,0.23943007308275752,3
art_017,Syrians,PERSON,-0.02656992691724251,-0.266,0.23943007308275752,3
art_017,Syrians,PERSON,-0.02656992691724251,-0.266,0.23943007308275752,3
art_017,United Nations,ORGANIZATION,-0.02896528469864279,-0.266,0.23703471530135722,1
art_017,High Commissioner for Refugees,PERSON,-0.02896528469864279,-0.266,0.23703471530135722,1
art_017,Trump,PERSON,-0.06406596380677204,-0.266,0.20193403619322797,9
art_017,Britain,ORGANIZATION,-0.06177333855885081,-0.266,0.2042266614411492,2
art_017,Democrats,ORGANIZATION,-0.30128450226038694,-0.266,0.03528450226038693,1
art_017,Republican Party,ORGANIZATION,-0.30128450226038694,-0.266,0.03528450226038693,1
art_017,Democratic,ORGANIZATION,-0.019020217237994075,-0.266,0.24697978276200594,1
art_017,attorneys general,PERSON,-0.019020217237994075,-0.266,0.24697978276200594,1
art_017,Trump,PERSON,-0.06406596380677204,-0.266,0.20193403619322797,9
art_017,Trump,PERSON,-0.06406596380677204,-0.266,0.20193403619322797,9
art_017,attorney general,PERSON,-0.21020009380299598,-0.266,0.055799906197004034,1
art_017,Xavier Becerra,PERSON,-0.21020009380299598,-0.266,0.055799906197004034,1
art_017,District Judge,PERSON,-0.05714392743539065,-0.266,0.20885607256460936,1
art_017,Ann Donnelly,PERSON,-0.05714392743539065,-0.266,0.20885607256460936,1
art_017,Trump,PERSON,-0.06406596380677204,-0.266,0.20193403619322797,9
art_017,American Civil Liberties Union,ORGANIZATION,-0.05714392743539065,-0.266,0.20885607256460936,1
art_017,Trump,PERSON,-0.06406596380677204,-0.266,0.20193403619322797,9
art_017,Trump,PERSON,-0.06406596380677204,-0.266,0.20193403619322797,9
art_017,Trump,PERSON,-0.06406596380677204,-0.266,0.20193403619322797,9
art_017,White House,ORGANIZATION,-0.03958560856214414,-0.266,0.22641439143785588,3
art_017,White House,ORGANIZATION,-0.03958560856214414,-0.266,0.22641439143785588,3
art_018,Donald Trump,PERSON,0.005759202176705003,0.0581,0.052340797823294996,1
art_018,Trump,PERSON,-0.09563817434375071,0.0581,0.1537381743437507,9
art_018,Trump,PERSON,-0.09563817434375071,0.0581,0.1537381743437507,9
art_018,Department of Defense,ORGANIZATION,-0.013739784248173237,0.0581,0.07183978424817324,1
art_018,White House,ORGANIZATION,0.22470290213823318,0.0581,0.1666029021382332,1
art_018,Bashar al-Assad,PERSON,-0.4326836185064167,0.0581,0.49078361850641666,1
art_018,Syrians,PERSON,-0.4326836185064167,0.0581,0.49078361850641666,1
art_018,US,ORGANIZATION,-0.143733416370546,0.0581,0.20183341637054603,13
art_018,Trump,PERSON,-0.09563817434375071,0.0581,0.1537381743437507,9
art_018,Trump,PERSON,-0.09563817434375071,0.0581,0.1537381743437507,9
art_018,Trump,PERSON,-0.09563817434375071,0.0581,0.1537381743437507,9
art_018,Trump,PERSON,-0.09563817434375071,0.0581,0.1537381743437507,9
art_018,US government,ORGANIZATION,0.003873765468597412,0.0581,0.05422623453140259,1
art_018,USRAP,ORGANIZATION,0.003873765468597412,0.0581,0.05422623453140259,1
art_018,secretary of state,PERSON,-0.013047611340880394,0.0581,0.07114761134088039,2
art_018,secretary,PERSON,-0.013047611340880394,0.0581,0.07114761134088039,2
art_018,Homeland Security,ORGANIZATION,-0.013047611340880394,0.0581,0.07114761134088039,2
art_018,Christian Broadcasting Network,ORGANIZATION,-0.026911838678643107,0.0581,0.0850118386786431,1
art_018,Trump,PERSON,-0.09563817434375071,0.0581,0.1537381743437507,9
art_018,Trump,PERSON,-0.09563817434375071,0.0581,0.1537381743437507,9
art_018,Isis,ORGANIZATION,-0.4366350196360145,0.0581,0.49473501963601446,2
art_018,homeland,ORGANIZATION,-0.013047611340880394,0.0581,0.07114761134088039,2
art_018,security secretary,PERSON,-0.0299689881503582,0.0581,0.0880689881503582,1
art_018,secretary of state,PERSON,-0.013047611340880394,0.0581,0.07114761134088039,2
art_018,US,ORGANIZATION,-0.143733416370546,0.0581,0.20183341637054603,13
art_019,Trump,PERSON,-0.01329621920012869,-0.0092,0.0040962192001286896,2
art_019,US government,ORGANIZATION,-0.0178945692605339,-0.0092,0.0086945692605339,1
art_019,President Donald Trump,PERSON,-0.0178945692605339,-0.0092,0.0086945692605339,1
art_019,Trump,PERSON,-0.01329621920012869,-0.0092,0.0040962192001286896,2
art_019,District Judge,PERSON,-0.000747343641705811,-0.0092,0.008452656358294189,1
art_019,Ann Donnelly,PERSON,-0.000747343641705811,-0.0092,0.008452656358294189,1
art_019,CNN,ORGANIZATION,-0.000747343641705811,-0.0092,0.008452656358294189,1
art_020,Trump,PERSON,-0.5294419594923966,-0.2431,0.2863419594923966,5
art_020,US,ORGANIZATION,-0.2892788580079055,-0.2431,0.04617885800790547,11
art_020,Americans,PERSON,-0.5860488287580665,-0.2431,0.34294882875806654,4
art_020,Donald Trump,PERSON,-0.7953237358015031,-0.2431,0.5522237358015031,1
art_020,United,ORGANIZATION,-0.4138480635592714,-0.2431,0.17074806355927138,2
art_020,America,ORGANIZATION,-0.42938698041585405,-0.2431,0.18628698041585404,7
art_020,Americans,PERSON,-0.5860488287580665,-0.2431,0.34294882875806654,4
art_020,Muslims,ORGANIZATION,-0.42627522788825445,-0.2431,0.18317522788825444,2
art_020,Trump,PERSON,-0.5294419594923966,-0.2431,0.2863419594923966,5
art_020,Trump,PERSON,-0.5294419594923966,-0.2431,0.2863419594923966,5
art_020,Americans,PERSON,-0.5860488287580665,-0.2431,0.34294882875806654,4
art_020,White House,ORGANIZATION,-0.04998373985290527,-0.2431,0.19311626014709474,1
art_020,Trump,PERSON,-0.5294419594923966,-0.2431,0.2863419594923966,5
art_020,Republican Party,ORGANIZATION,-0.3006987473927438,-0.2431,0.057598747392743815,1
art_020,Congress,ORGANIZATION,-0.3006987473927438,-0.2431,0.057598747392743815,1
art_020,Americans,PERSON,-0.5860488287580665,-0.2431,0.34294882875806654,4
art_020,Trump,PERSON,-0.5294419594923966,-0.2431,0.2863419594923966,5
art_021,U.S.,ORGANIZATION,-0.07909838344009283,-0.0015,0.07759838344009283,3
art_021,President Donald Trump,PERSON,-0.10972657629463356,-0.0015,0.10822657629463356,4
art_021,Trump,PERSON,-0.06598377552914567,-0.0015,0.06448377552914566,14
art_021,Trump,PERSON,-0.06598377552914567,-0.0015,0.06448377552914566,14
art_021,San Francisco,ORGANIZATION,-0.17321920330869034,-0.0015,0.17171920330869034,3
art_021,Trump,PERSON,-0.06598377552914567,-0.0015,0.06448377552914566,14
art_021,San Francisco,ORGANIZATION,-0.17321920330869034,-0.0015,0.17171920330869034,3
art_021,President Donald Trump,PERSON,-0.10972657629463356,-0.0015,0.10822657629463356,4
art_021,Trump,PERSON,-0.06598377552914567,-0.0015,0.06448377552914566,14
art_021,San Francisco,ORGANIZATION,-0.17321920330869034,-0.0015,0.17171920330869034,3
art_021,San Francisco,ORGANIZATION,-0.17321920330869034,-0.0015,0.17171920330869034,3
art_021,City Attorney,PERSON,-0.3830081329215318,-0.0015,0.3815081329215318,1
art_021,Dennis Herrera,PERSON,-0.3830081329215318,-0.0015,0.3815081329215318,1
art_021,UNWTO,ORGANIZATION,-0.14552417042432353,-0.0015,0.14402417042432353,2
art_021,Trump,PERSON,-0.06598377552914567,-0.0015,0.06448377552914566,14
art_021,UN World Tourism Organization,ORGANIZATION,-0.004580626671668142,-0.0015,0.003080626671668142,1
art_021,President Donald Trump,PERSON,-0.10972657629463356,-0.0015,0.10822657629463356,4
art_021,UNWTO,ORGANIZATION,-0.14552417042432353,-0.0015,0.14402417042432353,2
art_021,Secretary General,PERSON,-0.05241812323220074,-0.0015,0.05091812323220074,1
art_021,Taleb Rifai,PERSON,-0.05241812323220074,-0.0015,0.05091812323220074,1
art_021,EU,ORGANIZATION,-0.024712362632271834,-0.0015,0.023212362632271832,4
art_021,Trump,PERSON,-0.06598377552914567,-0.0015,0.06448377552914566,14
art_021,European Union,ORGANIZATION,-0.009095024841371924,-0.0015,0.007595024841371924,1
art_021,President,PERSON,-0.07067094906233251,-0.0015,0.06917094906233251,6
art_021,Donald Tusk,PERSON,-0.009095024841371924,-0.0015,0.007595024841371924,1
art_021,Donald Trump,PERSON,-0.08960026600398123,-0.0015,0.08810026600398123,5
art_021,EU,ORGANIZATION,-0.024712362632271834,-0.0015,0.023212362632271832,4
art_021,Tusk,PERSON,-0.016031575825763866,-0.0015,0.014531575825763867,2
art_021,Trump administration,ORGANIZATION,0.0005037544178776443,-0.0015,0.0020037544178776443,2
art_021,China,ORGANIZATION,-0.02296812681015581,-0.0015,0.021468126810155808,1
art_021,Russia,ORGANIZATION,-0.02296812681015581,-0.0015,0.021468126810155808,1
art_021,Islam,ORGANIZATION,-0.02296812681015581,-0.0015,0.021468126810155808,1
art_021,administration,ORGANIZATION,-0.005774652197336157,-0.0015,0.004274652197336156,3
art_021,Iran,ORGANIZATION,-0.010295609338209033,-0.0015,0.008795609338209033,5
art_021,foreign minister,PERSON,-0.01833146542776376,-0.0015,0.01683146542776376,1
art_021,Iran,ORGANIZATION,-0.010295609338209033,-0.0015,0.008795609338209033,5
art_021,Americans,PERSON,0.0004150055756326765,-0.0015,0.0019150055756326765,4
art_021,Trump,PERSON,-0.06598377552914567,-0.0015,0.06448377552914566,14
art_021,Iran,ORGANIZATION,-0.010295609338209033,-0.0015,0.008795609338209033,5
art_021,Mohammad Javad Zarif,PERSON,0.0015231472789309919,-0.0015,0.003023147278930992,1
art_021,Foreign Ministry,ORGANIZATION,0.0015231472789309919,-0.0015,0.003023147278930992,1
art_021,Zarif,PERSON,0.00033777536009438336,-0.0015,0.0018377753600943834,2
art_021,Khorasan,ORGANIZATION,0.0015231472789309919,-0.0015,0.003023147278930992,1
art_021,Jean-Marc Ayrault,PERSON,0.0015231472789309919,-0.0015,0.003023147278930992,1
art_021,Europeans,PERSON,-0.04845483344979584,-0.0015,0.04695483344979584,1
art_021,Americans,PERSON,0.0004150055756326765,-0.0015,0.0019150055756326765,4
art_021,Zarif,PERSON,0.00033777536009438336,-0.0015,0.0018377753600943834,2
art_021,Tehran,ORGANIZATION,-0.0008475965587422252,-0.0015,0.0006524034412577749,1
art_021,Trump,PERSON,-0.06598377552914567,-0.0015,0.06448377552914566,14
art_021,Iran,ORGANIZATION,-0.010295609338209033,-0.0015,0.008795609338209033,5
art_021,Americans,PERSON,0.0004150055756326765,-0.0015,0.0019150055756326765,4
art_021,Trump,PERSON,-0.06598377552914567,-0.0015,0.06448377552914566,14
art_021,LGBTQ,ORGANIZATION,0.10602891934104264,-0.0015,0.10752891934104264,3
art_021,White House,ORGANIZATION,0.034223160590045154,-0.0015,0.035723160590045155,2
art_021,President Donald Trump,PERSON,-0.10972657629463356,-0.0015,0.10822657629463356,4
art_021,LGBTQ,ORGANIZATION,0.10602891934104264,-0.0015,0.10752891934104264,3
art_021,White House,ORGANIZATION,0.034223160590045154,-0.0015,0.035723160590045155,2
art_021,Trump,PERSON,-0.06598377552914567,-0.0015,0.06448377552914566,14
art_021,Americans,PERSON,0.0004150055756326765,-0.0015,0.0019150055756326765,4
art_021,LGBTQ,ORGANIZATION,0.10602891934104264,-0.0015,0.10752891934104264,3
art_021,LGBTQ,ORGANIZATION,0.10602891934104264,-0.0015,0.10752891934104264,3
art_021,Trump administration,ORGANIZATION,0.0005037544178776443,-0.0015,0.0020037544178776443,2
art_021,President Barack Obama,PERSON,0.023975635645911098,-0.0015,0.0254756356459111,1
art_021,LGBTQ,ORGANIZATION,0.10602891934104264,-0.0015,0.10752891934104264,3
art_021,Trump,PERSON,-0.06598377552914567,-0.0015,0.06448377552914566,14
art_021,Immigration and Customs Enforcement,ORGANIZATION,-0.18208201648667455,-0.0015,0.18058201648667455,1
art_021,AP,ORGANIZATION,-0.10020674095721915,-0.0015,0.09870674095721915,2
art_022,European Union,ORGANIZATION,0.043773493176558986,-0.0164,0.060173493176558984,4
art_022,Belarus,ORGANIZATION,-0.12351993118936662,-0.0164,0.10711993118936662,10
art_022,Russia,ORGANIZATION,-0.0763067784816182,-0.0164,0.0599067784816182,3
art_022,European Union,ORGANIZATION,0.043773493176558986,-0.0164,0.060173493176558984,4
art_022,Prime Minister,PERSON,-0.04282691716798581,-0.0164,0.02642691716798581,1
art_022,Mateusz Morawiecki,PERSON,-0.04282691716798581,-0.0164,0.02642691716798581,1
art_022,LUKASHENKO,PERSON,-0.15196647950797343,-0.0164,0.13556647950797343,5
art_022,Poland,ORGANIZATION,-0.004078774557759364,-0.0164,0.012321225442240638,6
art_022,Belarus,ORGANIZATION,-0.12351993118936662,-0.0164,0.10711993118936662,10
art_022,President,PERSON,-0.07565568014979362,-0.0164,0.05925568014979363,4
art_022,Alexander Lukashenko,PERSON,-0.13030034163966775,-0.0164,0.11390034163966775,1
art_022,European Commission,ORGANIZATION,-0.0015504849143326283,-0.0164,0.014849515085667373,1
art_022,President,PERSON,-0.07565568014979362,-0.0164,0.05925568014979363,4
art_022,Ursula von der Leyen,PERSON,-0.0015504849143326283,-0.0164,0.014849515085667373,1
art_022,President,PERSON,-0.07565568014979362,-0.0164,0.05925568014979363,4
art_022,Biden,PERSON,-0.1343308297218755,-0.0164,0.11793082972187549,2
art_022,von der Leyen,PERSON,-0.0015504849143326283,-0.0164,0.014849515085667373,1
art_022,European Union,ORGANIZATION,0.043773493176558986,-0.0164,0.060173493176558984,4
art_022,Washington,ORGANIZATION,-0.1724369041621685,-0.0164,0.1560369041621685,1
art_022,Secretary of State,PERSON,-0.1724369041621685,-0.0164,0.1560369041621685,1
art_022,Antony Blinken,PERSON,-0.1724369041621685,-0.0164,0.1560369041621685,1
art_022,U.S,ORGANIZATION,-0.1724369041621685,-0.0164,0.1560369041621685,1
art_022,Belarus,ORGANIZATION,-0.12351993118936662,-0.0164,0.10711993118936662,10
art_022,Russia,ORGANIZATION,-0.0763067784816182,-0.0164,0.0599067784816182,3
art_022,Belarus,ORGANIZATION,-0.12351993118936662,-0.0164,0.10711993118936662,10
art_022,President,PERSON,-0.07565568014979362,-0.0164,0.05925568014979363,4
art_022,Vladimir Putin,PERSON,-0.1724369041621685,-0.0164,0.1560369041621685,1
art_022,Lukashenko,PERSON,-0.15196647950797343,-0.0164,0.13556647950797343,5
art_022,Poland,ORGANIZATION,-0.004078774557759364,-0.0164,0.012321225442240638,6
art_022,Michael Ryan,PERSON,-0.007064851000905037,-0.0164,0.009335148999094964,1
art_022,Deputy Assistant Secretary of Defense,PERSON,-0.007064851000905037,-0.0164,0.009335148999094964,1
art_022,European,PERSON,0.013703313927787045,-0.0164,0.030103313927787048,9
art_022,NATO Policy,ORGANIZATION,-0.007064851000905037,-0.0164,0.009335148999094964,1
art_022,Fox News,ORGANIZATION,-0.002699920441955328,-0.0164,0.013700079558044673,2
art_022,Putin,PERSON,-0.20967543036676944,-0.0164,0.19327543036676945,5
art_022,BIDEN PUSHES,PERSON,-0.26711117452941835,-0.0164,0.2507111745294183,1
art_022,LUKASHENKO,PERSON,-0.15196647950797343,-0.0164,0.13556647950797343,5
art_022,EU,ORGANIZATION,-0.03946548692049244,-0.0164,0.02306548692049244,13
art_022,Ryan,PERSON,0.026695559732615948,-0.0164,0.043095559732615946,3
art_022,Moscow,ORGANIZATION,0.0854865200817585,-0.0164,0.1018865200817585,1
art_022,European Union,ORGANIZATION,0.043773493176558986,-0.0164,0.060173493176558984,4
art_022,Lukashenko,PERSON,-0.15196647950797343,-0.0164,0.13556647950797343,5
art_022,Putin,PERSON,-0.20967543036676944,-0.0164,0.19327543036676945,5
art_022,EU,ORGANIZATION,-0.03946548692049244,-0.0164,0.02306548692049244,13
art_022,Poland,ORGANIZATION,-0.004078774557759364,-0.0164,0.012321225442240638,6
art_022,NEWS,ORGANIZATION,-0.002699920441955328,-0.0164,0.013700079558044673,2
art_022,Charles Michel,PERSON,0.001665010116994381,-0.0164,0.018065010116994382,1
art_022,president,PERSON,-0.07565568014979362,-0.0164,0.05925568014979363,4
art_022,European Council,ORGANIZATION,0.001665010116994381,-0.0164,0.018065010116994382,1
art_022,Poland,ORGANIZATION,-0.004078774557759364,-0.0164,0.012321225442240638,6
art_022,Morawiecki,ORGANIZATION,-0.020580953525495715,-0.0164,0.004180953525495714,2
art_022,Ryan,PERSON,0.026695559732615948,-0.0164,0.043095559732615946,3
art_022,Putin,PERSON,-0.20967543036676944,-0.0164,0.19327543036676945,5
art_022,Belarus,ORGANIZATION,-0.12351993118936662,-0.0164,0.10711993118936662,10
art_022,Putin,PERSON,-0.20967543036676944,-0.0164,0.19327543036676945,5
art_023,EU,ORGANIZATION,0.022274295623901708,-0.0026,0.024874295623901706,16
art_023,Chen Siyang,PERSON,-0.009279265068471432,-0.0026,0.006679265068471432,1
art_023,China Daily Global,ORGANIZATION,-0.009279265068471432,-0.0026,0.006679265068471432,1
art_023,European Union,ORGANIZATION,0.09324258751439629,-0.0026,0.0958425875143963,4
art_023,Poland,ORGANIZATION,0.021801259600449287,-0.0026,0.02440125960044929,14
art_023,European Union,ORGANIZATION,0.09324258751439629,-0.0026,0.0958425875143963,4
art_023,Poland,ORGANIZATION,0.021801259600449287,-0.0026,0.02440125960044929,14
art_023,Poland,ORGANIZATION,0.021801259600449287,-0.0026,0.02440125960044929,14
art_023,Poland,ORGANIZATION,0.021801259600449287,-0.0026,0.02440125960044929,14
art_023,European Union,ORGANIZATION,0.09324258751439629,-0.0026,0.0958425875143963,4
art_023,Belarus,ORGANIZATION,-0.06257297113309808,-0.0026,0.05997297113309808,12
art_023,Belarusian government,ORGANIZATION,-0.44572420709300786,-0.0026,0.44312420709300787,1
art_023,Prime Minister,PERSON,-0.04915413806156721,-0.0026,0.04655413806156721,2
art_023,Mateusz Morawiecki,PERSON,-0.12835649750195444,-0.0026,0.12575649750195445,1
art_023,Belarus,ORGANIZATION,-0.06257297113309808,-0.0026,0.05997297113309808,12
art_023,EU,ORGANIZATION,0.022274295623901708,-0.0026,0.024874295623901706,16
art_023,Belarus,ORGANIZATION,-0.06257297113309808,-0.0026,0.05997297113309808,12
art_023,Poland,ORGANIZATION,0.021801259600449287,-0.0026,0.02440125960044929,14
art_023,Belarus,ORGANIZATION,-0.06257297113309808,-0.0026,0.05997297113309808,12
art_023,Poland,ORGANIZATION,0.021801259600449287,-0.0026,0.02440125960044929,14
art_023,Defense Ministry,ORGANIZATION,-0.04521693312563002,-0.0026,0.04261693312563002,1
art_023,Interior Minister,PERSON,0.0397355854511261,-0.0026,0.0423355854511261,1
art_023,Horst Seehofer,PERSON,0.0397355854511261,-0.0026,0.0423355854511261,1
art_023,Poland,ORGANIZATION,0.021801259600449287,-0.0026,0.02440125960044929,14
art_023,EU,ORGANIZATION,0.022274295623901708,-0.0026,0.024874295623901706,16
art_023,Poland,ORGANIZATION,0.021801259600449287,-0.0026,0.02440125960044929,14
art_023,Poland,ORGANIZATION,0.021801259600449287,-0.0026,0.02440125960044929,14
art_023,EU,ORGANIZATION,0.022274295623901708,-0.0026,0.024874295623901706,16
art_023,Charles Michel,PERSON,0.030048221378820017,-0.0026,0.032648221378820015,1
art_023,president,PERSON,0.0026783540233736858,-0.0026,0.005278354023373686,2
art_023,European Council,ORGANIZATION,0.030048221378820017,-0.0026,0.032648221378820015,1
art_023,Prime Minister,PERSON,-0.04915413806156721,-0.0026,0.04655413806156721,2
art_023,Morawiecki,PERSON,-0.04915413806156721,-0.0026,0.04655413806156721,2
art_023,Poland,ORGANIZATION,0.021801259600449287,-0.0026,0.02440125960044929,14
art_023,EU,ORGANIZATION,0.022274295623901708,-0.0026,0.024874295623901706,16
art_023,EU,ORGANIZATION,0.022274295623901708,-0.0026,0.024874295623901706,16
art_023,Turkey,ORGANIZATION,0.03206560893643958,-0.0026,0.03466560893643958,3
art_023,EU,ORGANIZATION,0.022274295623901708,-0.0026,0.024874295623901706,16
art_023,EU,ORGANIZATION,0.022274295623901708,-0.0026,0.024874295623901706,16
art_023,Turkey,ORGANIZATION,0.03206560893643958,-0.0026,0.03466560893643958,3
art_023,EU,ORGANIZATION,0.022274295623901708,-0.0026,0.024874295623901706,16
art_023,EU,ORGANIZATION,0.022274295623901708,-0.0026,0.024874295623901706,16
art_023,EU,ORGANIZATION,0.022274295623901708,-0.0026,0.024874295623901706,16
art_023,Poland,ORGANIZATION,0.021801259600449287,-0.0026,0.02440125960044929,14
art_023,EU,ORGANIZATION,0.022274295623901708,-0.0026,0.024874295623901706,16
art_024,Poland,ORGANIZATION,-0.33812683235737495,-0.0692,0.26892683235737497,4
art_024,Poland,ORGANIZATION,-0.33812683235737495,-0.0692,0.26892683235737497,4
art_024,defence minister,PERSON,-0.07694256057341893,-0.0692,0.007742560573418933,3
art_024,EU,ORGANIZATION,-0.05960044084495166,-0.0692,0.009599559155048336,10
art_024,Nato,ORGANIZATION,-0.07401813799515367,-0.0692,0.004818137995153668,1
art_024,US,ORGANIZATION,-0.12367141436445071,-0.0692,0.054471414364450715,23
art_024,Belarus,ORGANIZATION,-0.07275830245780526,-0.0692,0.0035583024578052652,15
art_024,EU,ORGANIZATION,-0.05960044084495166,-0.0692,0.009599559155048336,10
art_024,Alexander Lukashenko,PERSON,-0.09063017554581165,-0.0692,0.021430175545811656,1
art_024,EU,ORGANIZATION,-0.05960044084495166,-0.0692,0.009599559155048336,10
art_024,Defence Minister,PERSON,-0.07694256057341893,-0.0692,0.007742560573418933,3
art_024,Mariusz Blaszczak,PERSON,-0.14281370653770864,-0.0692,0.07361370653770864,1
art_024,Polish,ORGANIZATION,-0.139410921469486,-0.0692,0.070210921469486,6
art_024,Poland,ORGANIZATION,-0.33812683235737495,-0.0692,0.26892683235737497,4
art_024,Belarus,ORGANIZATION,-0.07275830245780526,-0.0692,0.0035583024578052652,15
art_024,BBC,ORGANIZATION,-0.04070591030176729,-0.0692,0.028494089698232708,2
art_024,defence ministry,ORGANIZATION,-0.1331525781424716,-0.0692,0.06395257814247161,1
art_024,Poland,ORGANIZATION,-0.33812683235737495,-0.0692,0.26892683235737497,4
art_024,Ania Chmielewska,PERSON,0.07607694901525974,-0.0692,0.14527694901525973,1
art_024,BBC,ORGANIZATION,-0.04070591030176729,-0.0692,0.028494089698232708,2
art_024,defence,PERSON,-0.0909950649656821,-0.0692,0.021795064965682107,4
art_024,minister,PERSON,-0.041385608914424665,-0.0692,0.027814391085575332,7
art_024,European Commission,ORGANIZATION,-0.020426676608622074,-0.0692,0.048773323391377923,1
art_024,Lukashenko,PERSON,-0.055528426077216864,-0.0692,0.013671573922783134,2
art_024,EU,ORGANIZATION,-0.05960044084495166,-0.0692,0.009599559155048336,10
art_024,Foreign Minister,PERSON,-0.011803607769252267,-0.0692,0.05739639223074773,2
art_024,Heiko Maas,PERSON,-0.021814198116771877,-0.0692,0.04738580188322812,1
art_024,EU,ORGANIZATION,-0.05960044084495166,-0.0692,0.009599559155048336,10
art_024,Prime Minister,PERSON,-0.01763218257110566,-0.0692,0.05156781742889434,2
art_024,Mateusz Morawiecki,PERSON,0.020559046417474747,-0.0692,0.08975904641747474,1
art_024,EU,ORGANIZATION,-0.05960044084495166,-0.0692,0.009599559155048336,10
art_024,Belavia,ORGANIZATION,0.0014018858346389607,-0.0692,0.07060188583463896,1
art_024,EU,ORGANIZATION,-0.05960044084495166,-0.0692,0.009599559155048336,10
art_024,FlightRadar24,ORGANIZATION,-0.020112265134230256,-0.0692,0.04908773486576974,1
art_024,Russia,ORGANIZATION,-0.03594317257011426,-0.0692,0.03325682742988574,4
art_024,President Putin,PERSON,-0.025366973015479743,-0.0692,0.043833026984520254,1
art_024,Belarus,ORGANIZATION,-0.07275830245780526,-0.0692,0.0035583024578052652,15
art_024,European Union,ORGANIZATION,-0.025366973015479743,-0.0692,0.043833026984520254,1
art_024,Russia,ORGANIZATION,-0.03594317257011426,-0.0692,0.03325682742988574,4
art_024,EU,ORGANIZATION,-0.05960044084495166,-0.0692,0.009599559155048336,10
art_024,Putin,PERSON,-0.026794762117788196,-0.0692,0.0424052378822118,3
art_024,prime minister,PERSON,-0.01763218257110566,-0.0692,0.05156781742889434,2
art_024,Chancellor,PERSON,0.0008060982218012214,-0.0692,0.07000609822180122,1
art_024,Angela Merkel,PERSON,0.0008060982218012214,-0.0692,0.07000609822180122,1
art_024,Putin,PERSON,-0.026794762117788196,-0.0692,0.0424052378822118,3
art_024,Belarus,ORGANIZATION,-0.07275830245780526,-0.0692,0.0035583024578052652,15
art_024,Belarus,ORGANIZATION,-0.07275830245780526,-0.0692,0.0035583024578052652,15
art_024,Foreign Minister,PERSON,-0.011803607769252267,-0.0692,0.05739639223074773,2
art_024,Vladimir Makei,PERSON,-0.0017930174217326567,-0.0692,0.06740698257826734,1
art_024,Russia,ORGANIZATION,-0.03594317257011426,-0.0692,0.03325682742988574,4
art_024,EU,ORGANIZATION,-0.05960044084495166,-0.0692,0.009599559155048336,10
art_024,Belarus,ORGANIZATION,-0.07275830245780526,-0.0692,0.0035583024578052652,15
art_024,Russia,ORGANIZATION,-0.03594317257011426,-0.0692,0.03325682742988574,4
art_025,European Union,ORGANIZATION,-0.0953369839116931,-0.0188,0.0765369839116931,1
art_025,United States,ORGANIZATION,-0.0953369839116931,-0.0188,0.0765369839116931,1
art_025,NATO,ORGANIZATION,-0.0953369839116931,-0.0188,0.0765369839116931,1
art_025,Alexander Lukashenko,PERSON,-0.0953369839116931,-0.0188,0.0765369839116931,1
art_025,EU,ORGANIZATION,-0.0953369839116931,-0.0188,0.0765369839116931,1
art_025,West,ORGANIZATION,-0.4224972322117537,-0.0188,0.40369723221175374,1
art_025,CNN,ORGANIZATION,-0.08286357010365464,-0.0188,0.06406357010365464,4
art_025,Poland,ORGANIZATION,-0.14428168300323055,-0.0188,0.12548168300323054,7
art_025,CNN,ORGANIZATION,-0.08286357010365464,-0.0188,0.06406357010365464,4
art_025,Youssef Atallah,PERSON,-1.8584280041977763e-05,-0.0188,0.018781415719958023,1
art_025,CNN,ORGANIZATION,-0.08286357010365464,-0.0188,0.06406357010365464,4
art_025,Atallah,PERSON,0.011150852260470856,-0.0188,0.029950852260470857,4
art_025,Atallah,PERSON,0.011150852260470856,-0.0188,0.029950852260470857,4
art_025,Atallah,PERSON,0.011150852260470856,-0.0188,0.029950852260470857,4
art_025,Poland,ORGANIZATION,-0.14428168300323055,-0.0188,0.12548168300323054,7
art_025,CNN,ORGANIZATION,-0.08286357010365464,-0.0188,0.06406357010365464,4
art_025,Anton Bychkovsky,PERSON,-0.07103984366403893,-0.0188,0.05223984366403893,1
art_025,press secretary,PERSON,-0.07103984366403893,-0.0188,0.05223984366403893,1
art_025,Belarusian State Border Committee,ORGANIZATION,-0.07103984366403893,-0.0188,0.05223984366403893,1
art_025,Twitter,ORGANIZATION,-0.011177766369655728,-0.0188,0.007622233630344272,1
art_026,EU,ORGANIZATION,-0.03989625591202639,-0.1831,0.14320374408797362,8
art_026,Poland,ORGANIZATION,-0.05187104174692649,-0.1831,0.1312289582530735,10
art_026,Poland,ORGANIZATION,-0.05187104174692649,-0.1831,0.1312289582530735,10
art_026,EU,ORGANIZATION,-0.03989625591202639,-0.1831,0.14320374408797362,8
art_026,Nato,ORGANIZATION,-0.123753622174263,-0.1831,0.05934637782573701,1
art_026,Belarus,ORGANIZATION,-0.13591721001648693,-0.1831,0.04718278998351308,8
art_026,EU,ORGANIZATION,-0.03989625591202639,-0.1831,0.14320374408797362,8
art_026,Belarus,ORGANIZATION,-0.13591721001648693,-0.1831,0.04718278998351308,8
art_026,president,PERSON,-0.030739684676518664,-0.1831,0.15236031532348135,2
art_026,Alexander Lukashenko,PERSON,-0.1389680351712741,-0.1831,0.04413196482872592,1
art_026,EU,ORGANIZATION,-0.03989625591202639,-0.1831,0.14320374408797362,8
art_026,Donald Trump,PERSON,-0.0010066591203212738,-0.1831,0.18209334087967874,1
art_026,EU,ORGANIZATION,-0.03989625591202639,-0.1831,0.14320374408797362,8
art_026,president,PERSON,-0.030739684676518664,-0.1831,0.15236031532348135,2
art_026,Ursula von der Leyen,PERSON,0.07748866581823677,-0.1831,0.2605886658182368,1
art_026,Poland,ORGANIZATION,-0.05187104174692649,-0.1831,0.1312289582530735,10
art_026,EU,ORGANIZATION,-0.03989625591202639,-0.1831,0.14320374408797362,8
art_026,Poland,ORGANIZATION,-0.05187104174692649,-0.1831,0.1312289582530735,10
art_026,EU,ORGANIZATION,-0.03989625591202639,-0.1831,0.14320374408797362,8
art_026,Poland,ORGANIZATION,-0.05187104174692649,-0.1831,0.1312289582530735,10
art_027,European Union,ORGANIZATION,-0.028182820766232908,-0.0295,0.0013171792337670907,1
art_027,EU,ORGANIZATION,-0.04334558407884158,-0.0295,0.01384558407884158,7
art_027,President,PERSON,-0.058803626205190085,-0.0295,0.029303626205190086,3
art_027,Alexander Lukashenko,PERSON,-0.016206817039346788,-0.0295,0.01329318296065321,2
art_027,Poland,ORGANIZATION,-0.06167059329163749,-0.0295,0.03217059329163749,11
art_027,President,PERSON,-0.058803626205190085,-0.0295,0.029303626205190086,3
art_027,Alexander Lukashenko,PERSON,-0.016206817039346788,-0.0295,0.01329318296065321,2
art_027,Lukashenko,PERSON,-0.16095778323688137,-0.0295,0.13145778323688137,8
art_027,Ryanair,ORGANIZATION,-0.5785438134334981,-0.0295,0.5490438134334982,1
art_027,EU,ORGANIZATION,-0.04334558407884158,-0.0295,0.01384558407884158,7
art_027,Poland,ORGANIZATION,-0.06167059329163749,-0.0295,0.03217059329163749,11
art_027,Lukashenko,PERSON,-0.16095778323688137,-0.0295,0.13145778323688137,8
art_027,Poland,ORGANIZATION,-0.06167059329163749,-0.0295,0.03217059329163749,11
art_027,Belarus,ORGANIZATION,-0.05222734957463287,-0.0295,0.02272734957463287,13
art_027,Belarus,ORGANIZATION,-0.05222734957463287,-0.0295,0.02272734957463287,13
art_027,Lithuania,ORGANIZATION,-0.06957490395385928,-0.0295,0.04007490395385928,3
art_027,Belarus,ORGANIZATION,-0.05222734957463287,-0.0295,0.02272734957463287,13
art_027,EU,ORGANIZATION,-0.04334558407884158,-0.0295,0.01384558407884158,7
art_027,Lukashenko,ORGANIZATION,-0.16095778323688137,-0.0295,0.13145778323688137,8
art_027,EU,ORGANIZATION,-0.04334558407884158,-0.0295,0.01384558407884158,7
art_027,Lukashenko,ORGANIZATION,-0.16095778323688137,-0.0295,0.13145778323688137,8
art_027,Belarus,ORGANIZATION,-0.05222734957463287,-0.0295,0.02272734957463287,13
art_027,Poland,ORGANIZATION,-0.06167059329163749,-0.0295,0.03217059329163749,11
art_027,Poland,ORGANIZATION,-0.06167059329163749,-0.0295,0.03217059329163749,11
art_027,Law and Justice party,ORGANIZATION,-0.23115548223722726,-0.0295,0.20165548223722726,1
art_027,PiS,ORGANIZATION,-0.06603686019661836,-0.0295,0.036536860196618365,6
art_027,Prime Minister,PERSON,-0.0069383216323331,-0.0295,0.0225616783676669,1
art_027,Mateusz Morawiecki,PERSON,-0.0069383216323331,-0.0295,0.0225616783676669,1
art_027,Parliament,ORGANIZATION,-0.0069383216323331,-0.0295,0.0225616783676669,1
art_027,Russia,ORGANIZATION,-0.007644686033017933,-0.0295,0.021855313966982065,3
art_027,PiS,ORGANIZATION,-0.06603686019661836,-0.0295,0.036536860196618365,6
art_027,PiS,ORGANIZATION,-0.06603686019661836,-0.0295,0.036536860196618365,6
art_027,Opposition,ORGANIZATION,0.013406504100809494,-0.0295,0.04290650410080949,3
art_027,PIS,ORGANIZATION,-0.06603686019661836,-0.0295,0.036536860196618365,6
art_027,PIS,ORGANIZATION,-0.06603686019661836,-0.0295,0.036536860196618365,6
art_027,Opposition,ORGANIZATION,0.013406504100809494,-0.0295,0.04290650410080949,3
art_027,Polish,ORGANIZATION,-0.05042304328041306,-0.0295,0.020923043280413063,6
art_027,PIS,ORGANIZATION,-0.06603686019661836,-0.0295,0.036536860196618365,6
art_027,Lukashenko,PERSON,-0.16095778323688137,-0.0295,0.13145778323688137,8
art_027,Poland,ORGANIZATION,-0.06167059329163749,-0.0295,0.03217059329163749,11
art_027,Russia,ORGANIZATION,-0.007644686033017933,-0.0295,0.021855313966982065,3
art_027,EU,ORGANIZATION,-0.04334558407884158,-0.0295,0.01384558407884158,7
art_027,Belarus,ORGANIZATION,-0.05222734957463287,-0.0295,0.02272734957463287,13
art_028,European Union,ORGANIZATION,-0.2117919927695766,-0.0535,0.15829199276957662,2
art_028,EU,ORGANIZATION,-0.1399984681894156,-0.0535,0.08649846818941562,11
art_028,Belarus,ORGANIZATION,-0.12761731547823943,-0.0535,0.07411731547823944,17
art_028,President,PERSON,-0.07863604718295392,-0.0535,0.025136047182953918,4
art_028,Alexander Lukashenko,PERSON,-0.09052876837085932,-0.0535,0.037028768370859326,1
art_028,Poland,ORGANIZATION,-0.1317420128150843,-0.0535,0.0782420128150843,10
art_028,EU,ORGANIZATION,-0.1399984681894156,-0.0535,0.08649846818941562,11
art_028,Belarus,ORGANIZATION,-0.12761731547823943,-0.0535,0.07411731547823944,17
art_028,EU,ORGANIZATION,-0.1399984681894156,-0.0535,0.08649846818941562,11
art_028,EU,ORGANIZATION,-0.1399984681894156,-0.0535,0.08649846818941562,11
art_028,President,PERSON,-0.07863604718295392,-0.0535,0.025136047182953918,4
art_028,Andrzej Duda,PERSON,-0.15473133081104606,-0.0535,0.10123133081104607,1
art_028,European Union,ORGANIZATION,-0.2117919927695766,-0.0535,0.15829199276957662,2
art_028,Reuters,ORGANIZATION,-0.13814564049243927,-0.0535,0.08464564049243928,1
art_028,Red Cross,ORGANIZATION,0.09025128930807114,-0.0535,0.14375128930807113,1
art_028,NGO,ORGANIZATION,0.001321743126027286,-0.0535,0.054821743126027285,1
art_028,Grupa Granica,ORGANIZATION,0.001321743126027286,-0.0535,0.054821743126027285,1
art_028,Border Group,ORGANIZATION,0.001321743126027286,-0.0535,0.054821743126027285,1
art_028,Prime Minister,PERSON,-0.014596238266676664,-0.0535,0.038903761733323335,1
art_028,Mateusz Morawiekci,PERSON,-0.014596238266676664,-0.0535,0.038903761733323335,1
art_028,Belarus,ORGANIZATION,-0.12761731547823943,-0.0535,0.07411731547823944,17
art_028,Lukashenko,PERSON,-0.20399681159566777,-0.0535,0.15049681159566777,6
art_028,Russia,ORGANIZATION,0.020462655695155263,-0.0535,0.07396265569515525,3
art_028,Europe,ORGANIZATION,-0.11538710712920874,-0.0535,0.061887107129208745,4
art_028,United,ORGANIZATION,-0.03814299148507416,-0.0535,0.015357008514925836,1
art_028,Poland,ORGANIZATION,-0.1317420128150843,-0.0535,0.0782420128150843,10
art_028,Lukashenko,PERSON,-0.20399681159566777,-0.0535,0.15049681159566777,6
art_028,President,PERSON,-0.07863604718295392,-0.0535,0.025136047182953918,4
art_028,Vladimir Putin,PERSON,-0.0006547303637489676,-0.0535,0.05284526963625103,1
art_028,Belta,ORGANIZATION,-0.0006547303637489676,-0.0535,0.05284526963625103,1
art_028,Lukashenko,PERSON,-0.20399681159566777,-0.0535,0.15049681159566777,6
art_028,Foreign Minister,PERSON,0.10018568893428892,-0.0535,0.1536856889342889,1
art_028,Sergei Lavrov,PERSON,0.10018568893428892,-0.0535,0.1536856889342889,1
art_028,EU,ORGANIZATION,-0.1399984681894156,-0.0535,0.08649846818941562,11
art_028,Belarus,ORGANIZATION,-0.12761731547823943,-0.0535,0.07411731547823944,17
art_028,Turkey,ORGANIZATION,0.10018568893428892,-0.0535,0.1536856889342889,1
art_028,European Commission,ORGANIZATION,0.00017854850739240646,-0.0535,0.053678548507392405,1
art_028,Poland,ORGANIZATION,-0.1317420128150843,-0.0535,0.0782420128150843,10
art_028,Lukashenko,PERSON,-0.20399681159566777,-0.0535,0.15049681159566777,6
art_028,EU,ORGANIZATION,-0.1399984681894156,-0.0535,0.08649846818941562,11
art_028,Commission,ORGANIZATION,-0.3844684698851779,-0.0535,0.3309684698851779,2
art_028,EU,ORGANIZATION,-0.1399984681894156,-0.0535,0.08649846818941562,11
art_028,U.N.,ORGANIZATION,-0.0014532956847688183,-0.0535,0.05204670431523118,1
art_028,UNHCR,ORGANIZATION,0.09632548689842224,-0.0535,0.14982548689842223,1
art_028,Poland,ORGANIZATION,-0.1317420128150843,-0.0535,0.0782420128150843,10
art_028,Stanislaw Zaryn,PERSON,-0.12072998657822609,-0.0535,0.0672299865782261,1
art_028,Poland's,ORGANIZATION,-0.08391377287916839,-0.0535,0.03041377287916839,5
art_028,Border Guard,ORGANIZATION,-0.1658521309029311,-0.0535,0.11235213090293111,5
art_028,Lithuania,ORGANIZATION,-0.1742627329658717,-0.0535,0.1207627329658717,1
art_028,Poland,ORGANIZATION,-0.1317420128150843,-0.0535,0.0782420128150843,10
art_028,powers,ORGANIZATION,-0.06862935918616131,-0.0535,0.01512935918616131,1
art_028,Belarus,ORGANIZATION,-0.12761731547823943,-0.0535,0.07411731547823944,17
art_028,Lukashenko,PERSON,-0.20399681159566777,-0.0535,0.15049681159566777,6
art_028,Poland,ORGANIZATION,-0.1317420128150843,-0.0535,0.0782420128150843,10
art_028,Warsaw,ORGANIZATION,-0.1347540418501012,-0.0535,0.08125404185010121,2
art_029,EU,ORGANIZATION,-0.207311450081761,-0.0962,0.111111450081761,6
art_029,Kremlin,ORGANIZATION,-0.15289689067867585,-0.0962,0.05669689067867585,1
art_029,European Union,ORGANIZATION,-0.15289689067867585,-0.0962,0.05669689067867585,1
art_029,Kremlin,ORGANIZATION,-0.15289689067867585,-0.0962,0.05669689067867585,1
art_029,Dmitry Peskov,PERSON,-0.11432671686634421,-0.0962,0.01812671686634422,1
art_029,EU,ORGANIZATION,-0.207311450081761,-0.0962,0.111111450081761,6
art_029,Peskov,PERSON,-0.09490785584785044,-0.0962,0.001292144152149552,2
art_029,EU,ORGANIZATION,-0.207311450081761,-0.0962,0.111111450081761,6
art_029,Peskov,PERSON,-0.09490785584785044,-0.0962,0.001292144152149552,2
art_029,EU,ORGANIZATION,-0.207311450081761,-0.0962,0.111111450081761,6
art_029,UN,ORGANIZATION,-0.14289982559941045,-0.0962,0.04669982559941045,7
art_029,President,PERSON,-0.021969824796542525,-0.0962,0.07423017520345747,1
art_029,Alexander Lukashenko,PERSON,-0.021969824796542525,-0.0962,0.07423017520345747,1
art_029,EU,ORGANIZATION,-0.207311450081761,-0.0962,0.111111450081761,6
art_029,Brussels,ORGANIZATION,-0.16694712860044092,-0.0962,0.07074712860044093,2
art_029,Warsaw,ORGANIZATION,-0.048179700737819076,-0.0962,0.04802029926218092,2
art_029,Brussels,ORGANIZATION,-0.16694712860044092,-0.0962,0.07074712860044093,2
art_029,Minsk,ORGANIZATION,-0.16694712860044092,-0.0962,0.07074712860044093,2
art_029,EU,ORGANIZATION,-0.207311450081761,-0.0962,0.111111450081761,6
art_029,UN,ORGANIZATION,-0.14289982559941045,-0.0962,0.04669982559941045,7
art_030,Polish Defense Ministry,ORGANIZATION,-0.0632697630499024,-0.0291,0.034169763049902394,1
art_030,Twitter,ORGANIZATION,-0.04818701837211847,-0.0291,0.019087018372118472,1
art_030,Polish ministry,ORGANIZATION,-0.20201383368112147,-0.0291,0.17291383368112145,1
art_030,Spetsnaz,PERSON,-0.20201383368112147,-0.0291,0.17291383368112145,1
art_030,Belarusians,PERSON,-0.4430271361488849,-0.0291,0.4139271361488849,1
art_030,DW,ORGANIZATION,0.2143526057867954,-0.0291,0.2434526057867954,3
art_030,Barbara Wesel,PERSON,0.3358089529356221,-0.0291,0.3649089529356221,2
art_030,Wesel,PERSON,0.008528695041604806,-0.0291,0.03762869504160481,4
art_030,DW,ORGANIZATION,0.2143526057867954,-0.0291,0.2434526057867954,3
art_030,Barbara Wesel,PERSON,0.3358089529356221,-0.0291,0.3649089529356221,2
art_030,Wesel,PERSON,0.008528695041604806,-0.0291,0.03762869504160481,4
art_030,Poland,ORGANIZATION,-0.1578073389294635,-0.0291,0.1287073389294635,6
art_030,German,ORGANIZATION,-0.028560088510857895,-0.0291,0.0005399114891421058,1
art_030,Gerald Knaus,PERSON,-0.028560088510857895,-0.0291,0.0005399114891421058,1
art_030,DW,ORGANIZATION,0.2143526057867954,-0.0291,0.2434526057867954,3
art_030,EU,ORGANIZATION,-0.04513193027066466,-0.0291,0.016031930270664657,7
art_030,prime minister,PERSON,-0.10101389046758413,-0.0291,0.07191389046758413,1
art_030,EU,ORGANIZATION,-0.04513193027066466,-0.0291,0.016031930270664657,7
art_030,EU,ORGANIZATION,-0.04513193027066466,-0.0291,0.016031930270664657,7
art_030,Poland,ORGANIZATION,-0.1578073389294635,-0.0291,0.1287073389294635,6
art_030,EU,ORGANIZATION,-0.04513193027066466,-0.0291,0.016031930270664657,7
art_030,EU,ORGANIZATION,-0.04513193027066466,-0.0291,0.016031930270664657,7
art_030,Knaus,PERSON,-0.0600200474873418,-0.0291,0.030920047487341798,2
art_030,EU,ORGANIZATION,-0.04513193027066466,-0.0291,0.016031930270664657,7
art_030,AFP,ORGANIZATION,-0.16839877981692553,-0.0291,0.1392987798169255,1
art_030,Rob Turner,PERSON,-0.16839877981692553,-0.0291,0.1392987798169255,1
art_031,Warsaw,ORGANIZATION,-0.016133146748567622,0.0073,0.023433146748567623,3
art_031,European Union,ORGANIZATION,-0.3012076397135388,0.0073,0.3085076397135388,2
art_031,4UN,ORGANIZATION,-0.01667523803189397,0.0073,0.02397523803189397,1
art_031,Belarus,ORGANIZATION,-0.032767786155454816,0.0073,0.04006778615545482,10
art_031,EU,ORGANIZATION,-0.12620491907582618,0.0073,0.13350491907582618,10
art_031,Poland,ORGANIZATION,-0.0962916668698502,0.0073,0.1035916668698502,6
art_031,EU,ORGANIZATION,-0.12620491907582618,0.0073,0.13350491907582618,10
art_031,Belarus,ORGANIZATION,-0.032767786155454816,0.0073,0.04006778615545482,10
art_031,President,PERSON,-0.03426214127102867,0.0073,0.04156214127102867,2
art_031,Alexander Lukashenko,PERSON,-0.028633829671889544,0.0073,0.035933829671889544,1
art_031,Minsk,ORGANIZATION,-0.02481537091807695,0.0073,0.03211537091807695,4
art_031,Russia,ORGANIZATION,-0.028437684479285963,0.0073,0.035737684479285964,2
art_031,UN,ORGANIZATION,-0.23149414956735978,0.0073,0.23879414956735978,7
art_031,United Nations,ORGANIZATION,-0.033245326951146126,0.0073,0.04054532695114613,1
art_031,Stéphane Dujarric,PERSON,-0.033245326951146126,0.0073,0.04054532695114613,1
art_031,UN,ORGANIZATION,-0.23149414956735978,0.0073,0.23879414956735978,7
art_031,Secretary-General,PERSON,-0.033245326951146126,0.0073,0.04054532695114613,1
art_031,Secretary General,PERSON,-0.033245326951146126,0.0073,0.04054532695114613,1
art_031,Dujarric,PERSON,-0.25240089278668165,0.0073,0.2597008927866816,2
art_031,Marcin Terlik,PERSON,0.005243297666311264,0.0073,0.002056702333688736,1
art_031,Terlik,PERSON,0.013490157725755125,0.0073,0.006190157725755125,2
art_031,Twitter,ORGANIZATION,-0.27604574884753674,0.0073,0.2833457488475367,3
art_031,EU,ORGANIZATION,-0.12620491907582618,0.0073,0.13350491907582618,10
art_031,Sea Watch,ORGANIZATION,-0.03605341596994549,0.0073,0.04335341596994549,2
art_031,Sea Watch International,ORGANIZATION,-0.23524097399786115,0.0073,0.24254097399786115,1
art_031,EU,ORGANIZATION,-0.12620491907582618,0.0073,0.13350491907582618,10
art_031,Twitter,ORGANIZATION,-0.27604574884753674,0.0073,0.2833457488475367,3
art_031,Sea Watch,ORGANIZATION,-0.03605341596994549,0.0073,0.04335341596994549,2
art_031,Lukashenko,PERSON,-0.013188178883865476,0.0073,0.020488178883865477,3
art_031,EU,ORGANIZATION,-0.12620491907582618,0.0073,0.13350491907582618,10
art_031,Svetlana Tikhanovskaya,PERSON,-0.022336567984893918,0.0073,0.02963656798489392,1
art_031,Lukashenko,PERSON,-0.013188178883865476,0.0073,0.020488178883865477,3
art_031,EU,ORGANIZATION,-0.12620491907582618,0.0073,0.13350491907582618,10
art_031,Belarus,ORGANIZATION,-0.032767786155454816,0.0073,0.04006778615545482,10
art_031,European Union,ORGANIZATION,-0.3012076397135388,0.0073,0.3085076397135388,2
art_031,Tikhanovskaya,PERSON,-0.347040001390269,0.0073,0.354340001390269,2
art_031,AFP,ORGANIZATION,-0.6717434347956441,0.0073,0.6790434347956441,1
art_031,Lukashenko,PERSON,-0.013188178883865476,0.0073,0.020488178883865477,3
art_031,EU,ORGANIZATION,-0.12620491907582618,0.0073,0.13350491907582618,10
art_031,MSF,ORGANIZATION,-0.2582375980273355,0.0073,0.26553759802733545,2
art_031,Doctors Without Borders,ORGANIZATION,-0.07963929820107296,0.0073,0.08693929820107296,1
art_031,Medecins Sans Frontieres,ORGANIZATION,-0.07963929820107296,0.0073,0.08693929820107296,1
art_031,MSF,ORGANIZATION,-0.2582375980273355,0.0073,0.26553759802733545,2
art_031,MSF,ORGANIZATION,-0.2582375980273355,0.0073,0.26553759802733545,2
art_031,MSF,ORGANIZATION,-0.2582375980273355,0.0073,0.26553759802733545,2
art_031,Twitter,ORGANIZATION,-0.27604574884753674,0.0073,0.2833457488475367,3
art_031,Belarus,ORGANIZATION,-0.032767786155454816,0.0073,0.04006778615545482,10
art_031,EU,ORGANIZATION,-0.12620491907582618,0.0073,0.13350491907582618,10
art_031,Merkel,PERSON,-0.03989045287016779,0.0073,0.04719045287016779,1
art_031,Putin,PERSON,-0.03989045287016779,0.0073,0.04719045287016779,1
art_031,Chancellor,PERSON,-0.03989045287016779,0.0073,0.04719045287016779,1
art_031,Angela Merkel,PERSON,-0.03989045287016779,0.0073,0.04719045287016779,1
art_031,President,PERSON,-0.03426214127102867,0.0073,0.04156214127102867,2
art_031,Vladimir Putin,PERSON,-0.03989045287016779,0.0073,0.04719045287016779,1
art_031,Belarus,ORGANIZATION,-0.032767786155454816,0.0073,0.04006778615545482,10
art_032,Tunisian Interior Ministry,ORGANIZATION,-0.046323780494276434,-0.0627,0.01637621950572357,1
art_032,Sumud Flotilla,ORGANIZATION,-0.035070252255536616,-0.0627,0.02762974774446339,2
art_032,GSF,ORGANIZATION,-0.024796587342279963,-0.0627,0.03790341265772004,4
art_032,Tunisia,ORGANIZATION,-0.03200075174972881,-0.0627,0.030699248250271198,5
art_032,Ministry of Interior,ORGANIZATION,-0.007835492491722107,-0.0627,0.0548645075082779,1
art_032,GSF,ORGANIZATION,-0.024796587342279963,-0.0627,0.03790341265772004,4
art_032,Saif Abukeshek,PERSON,-0.030269599054008722,-0.0627,0.03243040094599128,1
art_032,RT,ORGANIZATION,-0.040506548266941014,-0.0627,0.02219345173305899,7
art_032,Israel,ORGANIZATION,-0.40330993942916393,-0.0627,0.34060993942916395,2
art_032,GSF,ORGANIZATION,-0.024796587342279963,-0.0627,0.03790341265772004,4
art_032,Abukeshek,PERSON,-0.007847946340916678,-0.0627,0.05485205365908333,2
art_032,GSF,ORGANIZATION,-0.024796587342279963,-0.0627,0.03790341265772004,4
art_032,Freedom Flotilla Coalition,ORGANIZATION,0.005320472875609994,-0.0627,0.06802047287561,1
art_032,Global Movement to Gaza,ORGANIZATION,0.005320472875609994,-0.0627,0.06802047287561,1
art_032,Maghreb Sumud Flotilla,ORGANIZATION,0.005320472875609994,-0.0627,0.06802047287561,1
art_033,Global Sumud Flotilla,ORGANIZATION,-0.027342034431057982,-0.0989,0.07155796556894202,4
art_033,GSF,ORGANIZATION,-0.028962029396401096,-0.0989,0.06993797060359891,3
art_033,Family,ORGANIZATION,-0.14410448673879728,-0.0989,0.045204486738797275,3
art_033,Al Jazeera,ORGANIZATION,-0.13301862927619368,-0.0989,0.03411862927619368,1
art_033,Miguel Duarte,PERSON,0.04782971367239952,-0.0989,0.1467297136723995,1
art_033,Middle East Eye,ORGANIZATION,0.04782971367239952,-0.0989,0.1467297136723995,1
art_033,Tunisian National Guard,ORGANIZATION,-0.09661034704186022,-0.0989,0.002289652958139779,1
art_033,Family,ORGANIZATION,-0.14410448673879728,-0.0989,0.045204486738797275,3
art_033,GSF,ORGANIZATION,-0.028962029396401096,-0.0989,0.06993797060359891,3
art_033,Israel,ORGANIZATION,-0.0539393044070012,-0.0989,0.044960695592998805,17
art_033,Global Sumud Flotilla,ORGANIZATION,-0.027342034431057982,-0.0989,0.07155796556894202,4
art_033,Global Sumud Flotilla,ORGANIZATION,-0.027342034431057982,-0.0989,0.07155796556894202,4
art_033,GSF,ORGANIZATION,-0.028962029396401096,-0.0989,0.06993797060359891,3
art_033,Israel,ORGANIZATION,-0.0539393044070012,-0.0989,0.044960695592998805,17
art_033,Global Sumud Flotilla,ORGANIZATION,-0.027342034431057982,-0.0989,0.07155796556894202,4
art_033,Israel,ORGANIZATION,-0.0539393044070012,-0.0989,0.044960695592998805,17
art_033,Israel,ORGANIZATION,-0.0539393044070012,-0.0989,0.044960695592998805,17
art_033,Israel,ORGANIZATION,-0.0539393044070012,-0.0989,0.044960695592998805,17
art_033,Israel,ORGANIZATION,-0.0539393044070012,-0.0989,0.044960695592998805,17
art_033,Israel,ORGANIZATION,-0.0539393044070012,-0.0989,0.044960695592998805,17
art_033,Flotilla,ORGANIZATION,-0.054125298348708384,-0.0989,0.04477470165129162,16
art_033,Humanitarian Relief Foundation,ORGANIZATION,0.0037546481398749165,-0.0989,0.10265464813987492,1
art_033,IHH,ORGANIZATION,0.0037546481398749165,-0.0989,0.10265464813987492,1
art_033,Israel,ORGANIZATION,-0.0539393044070012,-0.0989,0.044960695592998805,17
art_033,Turkiye,ORGANIZATION,-0.36813057522522286,-0.0989,0.26923057522522287,2
art_033,Israel,ORGANIZATION,-0.0539393044070012,-0.0989,0.044960695592998805,17
art_033,Flotilla,ORGANIZATION,-0.054125298348708384,-0.0989,0.04477470165129162,16
art_033,Freedom Flotilla,ORGANIZATION,-0.007863270931011357,-0.0989,0.09103672906898864,4
art_033,Israel,ORGANIZATION,-0.0539393044070012,-0.0989,0.044960695592998805,17
art_033,Israel,ORGANIZATION,-0.0539393044070012,-0.0989,0.044960695592998805,17
art_033,Freedom Flotilla III,ORGANIZATION,-0.01164767425507307,-0.0989,0.08725232574492693,1
art_033,Freedom Flotilla III,ORGANIZATION,-0.01164767425507307,-0.0989,0.08725232574492693,1
art_033,Israel,ORGANIZATION,-0.0539393044070012,-0.0989,0.044960695592998805,17
art_033,Freedom Flotilla Coalition,ORGANIZATION,0.002177368151023984,-0.0989,0.10107736815102399,1
art_033,FFC,ORGANIZATION,0.002177368151023984,-0.0989,0.10107736815102399,1
art_033,Marianne,PERSON,-0.00030774978222325444,-0.0989,0.09859225021777675,2
art_033,Marianne,PERSON,-0.00030774978222325444,-0.0989,0.09859225021777675,2
art_034,Israel,ORGANIZATION,-0.15654535664361902,-0.0018,0.15474535664361902,9
art_034,Tunisia,ORGANIZATION,-0.07732421187101864,-0.0018,0.07552421187101864,5
art_034,National Guard,ORGANIZATION,-0.06073138563078828,-0.0018,0.05893138563078828,1
art_034,GSF,ORGANIZATION,-0.16215740320123068,-0.0018,0.16035740320123068,7
art_034,GSF,ORGANIZATION,-0.16215740320123068,-0.0018,0.16035740320123068,7
art_034,GSF,ORGANIZATION,-0.16215740320123068,-0.0018,0.16035740320123068,7
art_034,GSF Steering Committee,ORGANIZATION,-0.0026853526942431927,-0.0018,0.0008853526942431927,1
art_034,GSF,ORGANIZATION,-0.16215740320123068,-0.0018,0.16035740320123068,7
art_034,Palestinians,PERSON,-0.5267047741217539,-0.0018,0.5249047741217538,1
art_034,GSF,ORGANIZATION,-0.16215740320123068,-0.0018,0.16035740320123068,7
art_034,Israel,ORGANIZATION,-0.15654535664361902,-0.0018,0.15474535664361902,9
art_034,Greta Thunberg,PERSON,0.0009569521644152701,-0.0018,0.00275695216441527,1
art_034,Liam Cunningham,PERSON,0.0009569521644152701,-0.0018,0.00275695216441527,1
art_034,Thunberg,PERSON,-0.00908624929919218,-0.0018,0.007286249299192181,3
art_034,Yusuf Omar,PERSON,0.0037460550665855408,-0.0018,0.00554605506658554,1
art_034,Miguel Duarte,PERSON,-0.003216987126506865,-0.0018,0.001416987126506865,1
art_034,Duarte,PERSON,-0.1995852915958191,-0.0018,0.1977852915958191,3
art_034,Duarte,PERSON,-0.1995852915958191,-0.0018,0.1977852915958191,3
art_034,Armament Research Services,ORGANIZATION,-0.013979223789647222,-0.0018,0.012179223789647222,1
art_034,ARES,ORGANIZATION,-0.013979223789647222,-0.0018,0.012179223789647222,1
art_034,Jenzen-Jones,PERSON,-0.015855672958423384,-0.0018,0.014055672958423384,2
art_034,Jenzen-Jones,PERSON,-0.015855672958423384,-0.0018,0.014055672958423384,2
art_034,Israel,ORGANIZATION,-0.15654535664361902,-0.0018,0.15474535664361902,9
art_034,GSF,ORGANIZATION,-0.16215740320123068,-0.0018,0.16035740320123068,7
art_034,Israel,ORGANIZATION,-0.15654535664361902,-0.0018,0.15474535664361902,9
art_034,Israel,ORGANIZATION,-0.15654535664361902,-0.0018,0.15474535664361902,9
art_034,CNN,ORGANIZATION,-0.12035916512832046,-0.0018,0.11855916512832046,1
art_034,GSF,ORGANIZATION,-0.16215740320123068,-0.0018,0.16035740320123068,7
art_035,Greta Thunberg,PERSON,-0.10290434691705741,-0.0395,0.0634043469170574,1
art_035,Greta Thunberg,PERSON,-0.10290434691705741,-0.0395,0.0634043469170574,1
art_035,Global Sumud Flotilla,ORGANIZATION,-0.002079770201817155,-0.0395,0.037420229798182846,1
art_035,GSF,ORGANIZATION,-0.1027110566610645,-0.0395,0.0632110566610645,8
art_035,GSF,ORGANIZATION,-0.1027110566610645,-0.0395,0.0632110566610645,8
art_035,GSF,ORGANIZATION,-0.1027110566610645,-0.0395,0.0632110566610645,8
art_035,GSF,ORGANIZATION,-0.1027110566610645,-0.0395,0.0632110566610645,8
art_035,Reuters,ORGANIZATION,-0.11603933834703639,-0.0395,0.07653933834703638,1
art_035,AFP,ORGANIZATION,-0.022381427930667996,-0.0395,0.017118572069332004,1
art_035,GSF,ORGANIZATION,-0.1027110566610645,-0.0395,0.0632110566610645,8
art_035,GSF,ORGANIZATION,-0.1027110566610645,-0.0395,0.0632110566610645,8
art_035,BBC Verify,ORGANIZATION,-0.008872668840922415,-0.0395,0.030627331159077585,2
art_035,GSF,ORGANIZATION,-0.1027110566610645,-0.0395,0.0632110566610645,8
art_035,Instagram,ORGANIZATION,-0.04797924612648785,-0.0395,0.00847924612648785,2
art_035,BBC Verify,ORGANIZATION,-0.008872668840922415,-0.0395,0.030627331159077585,2
art_035,David Heathcote,PERSON,-0.013213144149631262,-0.0395,0.02628685585036874,1
art_035,McKenzie Intelligence Services,ORGANIZATION,-0.013213144149631262,-0.0395,0.02628685585036874,1
art_035,BBC,ORGANIZATION,-0.008443917235126719,-0.0395,0.03105608276487328,4
art_035,Heathcote,PERSON,-0.03921547578647733,-0.0395,0.00028452421352267304,2
art_035,UN Human Rights Council,ORGANIZATION,-0.0056977464992087334,-0.0395,0.03380225350079127,1
art_035,rapporteur,PERSON,-0.0056977464992087334,-0.0395,0.03380225350079127,1
art_035,Francesca Albanese,PERSON,-0.0056977464992087334,-0.0395,0.03380225350079127,1
art_035,GSF,ORGANIZATION,-0.1027110566610645,-0.0395,0.0632110566610645,8
art_035,Tunisia,ORGANIZATION,-0.06283131758911102,-0.0395,0.02333131758911102,14
art_035,Albanese,PERSON,-0.006870534722111188,-0.0395,0.03262946527788881,2
art_035,Israel,ORGANIZATION,-0.21452304742997513,-0.0395,0.17502304742997513,5
art_035,US,ORGANIZATION,-0.07483357414821512,-0.0395,0.03533357414821512,8
art_035,Prime Minister,PERSON,-0.02893122873501852,-0.0395,0.010568771264981479,1
art_035,Benjamin Netanyahu,PERSON,-0.02893122873501852,-0.0395,0.010568771264981479,1
art_035,Israel,ORGANIZATION,-0.21452304742997513,-0.0395,0.17502304742997513,5
art_035,Israel,ORGANIZATION,-0.21452304742997513,-0.0395,0.17502304742997513,5
art_035,Thunberg,PERSON,-0.09063476191658992,-0.0395,0.05113476191658992,2
art_035,Freedom Flotilla,ORGANIZATION,-0.029403769818600267,-0.0395,0.010096230181399733,1
art_035,BBC,ORGANIZATION,-0.008443917235126719,-0.0395,0.03105608276487328,4
art_035,Maltese government,ORGANIZATION,-0.016373835504055023,-0.0395,0.023126164495944977,1
art_036,US State Department,ORGANIZATION,-0.0008865805575624108,0.0046,0.005486580557562411,1
art_036,President Donald Trump,PERSON,-0.0008865805575624108,0.0046,0.005486580557562411,1
art_036,Supreme Court,ORGANIZATION,-0.005264763778541237,0.0046,0.009864763778541237,2
art_036,State Department,ORGANIZATION,-0.000126926475786604,0.0046,0.004726926475786604,4
art_036,US Supreme Court,ORGANIZATION,-0.009642946999520063,0.0046,0.014242946999520063,1
art_036,State Department,ORGANIZATION,-0.000126926475786604,0.0046,0.004726926475786604,4
art_036,State Department,ORGANIZATION,-0.000126926475786604,0.0046,0.004726926475786604,4
art_036,Trump,PERSON,-0.14662825766329965,0.0046,0.15122825766329964,3
art_036,Trump,PERSON,-0.14662825766329965,0.0046,0.15122825766329964,3
art_036,US District Court,ORGANIZATION,-0.11605028831399977,0.0046,0.12065028831399977,1
art_036,Judge,PERSON,-0.11605028831399977,0.0046,0.12065028831399977,1
art_036,James Robart,PERSON,-0.11605028831399977,0.0046,0.12065028831399977,1
art_037,Trump,PERSON,-0.08115049866319168,-0.0299,0.05125049866319169,8
art_037,Rama Issa,PERSON,-0.0007641304691787809,-0.0299,0.02913586953082122,1
art_037,Issa,PERSON,-0.12251869201645604,-0.0299,0.09261869201645605,8
art_037,Supreme Court,ORGANIZATION,-0.06845515182552238,-0.0299,0.03855515182552238,3
art_037,President Donald Trump,PERSON,-0.04423315660096705,-0.0299,0.01433315660096705,1
art_037,Issa,PERSON,-0.12251869201645604,-0.0299,0.09261869201645605,8
art_037,Issa,PERSON,-0.12251869201645604,-0.0299,0.09261869201645605,8
art_037,Al Jazeera,ORGANIZATION,-0.18790829530917108,-0.0299,0.15800829530917107,2
art_037,Issa,PERSON,-0.12251869201645604,-0.0299,0.09261869201645605,8
art_037,Trump,PERSON,-0.08115049866319168,-0.0299,0.05125049866319169,8
art_037,Supreme Court,ORGANIZATION,-0.06845515182552238,-0.0299,0.03855515182552238,3
art_037,Trump,PERSON,-0.08115049866319168,-0.0299,0.05125049866319169,8
art_037,State Department,ORGANIZATION,0.006572438403964043,-0.0299,0.03647243840396404,2
art_037,State Department,ORGANIZATION,0.006572438403964043,-0.0299,0.03647243840396404,2
art_037,Issa,PERSON,-0.12251869201645604,-0.0299,0.09261869201645605,8
art_037,Syrian government,ORGANIZATION,-0.3563770456239581,-0.0299,0.32647704562395813,1
art_037,Issa,PERSON,-0.12251869201645604,-0.0299,0.09261869201645605,8
art_037,Trump,PERSON,-0.08115049866319168,-0.0299,0.05125049866319169,8
art_037,Issa,PERSON,-0.12251869201645604,-0.0299,0.09261869201645605,8
art_037,Supreme Court,ORGANIZATION,-0.06845515182552238,-0.0299,0.03855515182552238,3
art_037,Trump,PERSON,-0.08115049866319168,-0.0299,0.05125049866319169,8
art_037,Trump,PERSON,-0.08115049866319168,-0.0299,0.05125049866319169,8
art_037,Camille Mackler,PERSON,0.004089671419933438,-0.0299,0.033989671419933434,1
art_037,New York Immigration Council,ORGANIZATION,0.004089671419933438,-0.0299,0.033989671419933434,1
art_037,Al Jazeera,ORGANIZATION,-0.18790829530917108,-0.0299,0.15800829530917107,2
art_037,Mackler,PERSON,-0.02744426614663098,-0.0299,0.0024557338533690194,4
art_037,US Customs and Border Protection,ORGANIZATION,-0.048027742945123464,-0.0299,0.018127742945123464,1
art_037,Mackler,PERSON,-0.02744426614663098,-0.0299,0.0024557338533690194,4
art_037,Mackler,PERSON,-0.02744426614663098,-0.0299,0.0024557338533690194,4
art_037,Muslim Immigration Ban,ORGANIZATION,-0.08679129369556904,-0.0299,0.05689129369556904,1
art_037,Dave Ray,PERSON,0.04691106406971812,-0.0299,0.07681106406971812,1
art_037,Federation for American Immigration Reform,ORGANIZATION,0.04691106406971812,-0.0299,0.07681106406971812,1
art_037,Trump,PERSON,-0.08115049866319168,-0.0299,0.05125049866319169,8
art_037,Americans,PERSON,-0.0020506875589489937,-0.0299,0.027849312441051006,1
art_037,Ray,PERSON,0.022430188255384564,-0.0299,0.05233018825538456,2
art_038,Supreme Court,ORGANIZATION,0.19201032175624277,-0.0382,0.2302103217562428,4
art_038,Trump,PERSON,0.0049100856745748645,-0.0382,0.04311008567457486,7
art_038,US Supreme Court,ORGANIZATION,0.18546255302499048,-0.0382,0.2236625530249905,2
art_038,President Donald Trump,PERSON,-0.005718350468669087,-0.0382,0.03248164953133091,1
art_038,US,ORGANIZATION,0.03486009433055932,-0.0382,0.07306009433055932,11
art_038,State Department,ORGANIZATION,-0.0006684507243335247,-0.0382,0.03753154927566647,1
art_038,Reuters,ORGANIZATION,-0.0006684507243335247,-0.0382,0.03753154927566647,1
art_038,Supreme Court,ORGANIZATION,0.19201032175624277,-0.0382,0.2302103217562428,4
art_038,Heather Nauert,PERSON,0.048381086890003644,-0.0382,0.08658108689000364,1
art_038,Justice,PERSON,-0.014605442377311798,-0.0382,0.0235945576226882,3
art_038,Clarence Thomas,PERSON,0.048381086890003644,-0.0382,0.08658108689000364,1
art_038,Thomas,PERSON,0.048381086890003644,-0.0382,0.08658108689000364,1
art_038,Justices,PERSON,-0.04609870701096952,-0.0382,0.007898707010969522,2
art_038,Samuel Alito,PERSON,-0.013598351972177625,-0.0382,0.024601648027822373,1
art_038,Neil Gorsuch,PERSON,-0.013598351972177625,-0.0382,0.024601648027822373,1
art_038,Trump,PERSON,0.0049100856745748645,-0.0382,0.04311008567457486,7
art_038,Trump,PERSON,0.0049100856745748645,-0.0382,0.04311008567457486,7
art_038,Trump,PERSON,0.0049100856745748645,-0.0382,0.04311008567457486,7
art_038,9th Circuit US Court of Appeals,ORGANIZATION,-0.002136203460395336,-0.0382,0.03606379653960466,1
art_038,US District Court,ORGANIZATION,-0.002136203460395336,-0.0382,0.03606379653960466,1
art_038,Judge,PERSON,-0.2713206814369187,-0.0382,0.23312068143691866,2
art_038,Derrick Watson,PERSON,-0.002136203460395336,-0.0382,0.03606379653960466,1
art_038,Trump administration,ORGANIZATION,-0.19473331607878208,-0.0382,0.15653331607878207,1
art_038,9th Circuit,ORGANIZATION,-0.18924681306816638,-0.0382,0.15104681306816636,3
art_038,Trump,PERSON,0.0049100856745748645,-0.0382,0.04311008567457486,7
art_038,Murad Gazdiev,PERSON,-0.025099076330661774,-0.0382,0.013100923669338224,1
art_038,@MuradGazdiev,PERSON,-0.025099076330661774,-0.0382,0.013100923669338224,1
art_038,9th circuit,ORGANIZATION,-0.18924681306816638,-0.0382,0.15104681306816636,3
art_038,Government,ORGANIZATION,0.012355813858448528,-0.0382,0.050555813858448526,4
art_038,Trump,PERSON,0.0049100856745748645,-0.0382,0.04311008567457486,7
art_038,Supreme Court,ORGANIZATION,0.19201032175624277,-0.0382,0.2302103217562428,4
art_038,president,PERSON,0.19603314061532728,-0.0382,0.2342331406153273,2
art_038,Supreme Court,ORGANIZATION,0.19201032175624277,-0.0382,0.2302103217562428,4
art_038,@POTUS,PERSON,0.37664345651865005,-0.0382,0.41484345651865007,1
art_038,Supreme Court,ORGANIZATION,0.19201032175624277,-0.0382,0.2302103217562428,4
art_039,Supreme Court,ORGANIZATION,-0.0110821349080652,-0.0036,0.0074821349080652,3
art_039,President Donald Trump,PERSON,-0.00907707738224417,-0.0036,0.00547707738224417,1
art_039,Trump administration,ORGANIZATION,-0.0024767674040049314,-0.0036,0.0011232325959950685,1
art_039,Supreme Court,ORGANIZATION,-0.0110821349080652,-0.0036,0.0074821349080652,3
art_039,State Department,ORGANIZATION,0.021599730437931914,-0.0036,0.025199730437931913,3
art_039,Supreme Court,ORGANIZATION,-0.0110821349080652,-0.0036,0.0074821349080652,3
art_039,Amnesty International,ORGANIZATION,0.008729977766051888,-0.0036,0.012329977766051887,1
art_039,America,ORGANIZATION,-0.08009983226656914,-0.0036,0.07649983226656913,1
art_039,State Department,ORGANIZATION,0.021599730437931914,-0.0036,0.025199730437931913,3
art_039,DHS,ORGANIZATION,0.03720866347430274,-0.0036,0.04080866347430274,1
art_039,State Department,ORGANIZATION,0.021599730437931914,-0.0036,0.025199730437931913,3
art_039,US Congress,ORGANIZATION,0.011970669031143188,-0.0036,0.015570669031143188,1
art_039,Trump,PERSON,-0.06583488418255001,-0.0036,0.062234884182550014,3
art_039,Muslims,ORGANIZATION,-0.18595080776140094,-0.0036,0.18235080776140095,1
art_040,Trump,PERSON,-0.03204576706048101,0.0248,0.056845767060481014,3
art_040,President Donald Trump,PERSON,-0.05137222318444401,0.0248,0.07617222318444401,1
art_040,Department of Homeland Security,ORGANIZATION,-0.002708002008148469,0.0248,0.027508002008148468,2
art_040,Supreme Court,ORGANIZATION,0.03017511055804789,0.0248,0.0053751105580478915,3
art_040,Trump,PERSON,-0.03204576706048101,0.0248,0.056845767060481014,3
art_040,Trump,ORGANIZATION,-0.03204576706048101,0.0248,0.056845767060481014,3
art_040,attorney general,PERSON,-0.18378814030438662,0.0248,0.2085881403043866,1
art_040,American Civil Liberties Union,ORGANIZATION,0.0071192492614500225,0.0248,0.017680750738549977,1
art_040,ACLU,ORGANIZATION,0.0071192492614500225,0.0248,0.017680750738549977,1
art_040,Supreme Court,ORGANIZATION,0.03017511055804789,0.0248,0.0053751105580478915,3
art_040,Department of Homeland Security,ORGANIZATION,-0.002708002008148469,0.0248,0.027508002008148468,2
art_040,Supreme Court,ORGANIZATION,0.03017511055804789,0.0248,0.0053751105580478915,3
art_040,UN Refugee Agency,ORGANIZATION,0.00045778416097164154,0.0248,0.024342215839028358,1
art_040,US,ORGANIZATION,-0.02096765250947404,0.0248,0.04576765250947404,18
art_041,President Donald Trump,PERSON,-0.007452628458850086,0.0156,0.023052628458850085,1
art_041,Trump,PERSON,-0.0187494388082996,0.0156,0.034349438808299604,5
art_041,"Departments of Homeland Security, State and Justice",ORGANIZATION,0.02624015772016719,0.0156,0.01064015772016719,1
art_041,Supreme Court,ORGANIZATION,0.012711370916804299,0.0156,0.0028886290831957005,2
art_041,Attorney,PERSON,0.09077239834005013,0.0156,0.07517239834005013,1
art_041,Mike Feuer,PERSON,0.09077239834005013,0.0156,0.07517239834005013,1
art_041,Trump,PERSON,-0.0187494388082996,0.0156,0.034349438808299604,5
art_041,Trump,PERSON,-0.0187494388082996,0.0156,0.034349438808299604,5
art_041,State Department,ORGANIZATION,-0.0022928807375137694,0.0156,0.01789288073751377,4
art_041,State Department,ORGANIZATION,-0.0022928807375137694,0.0156,0.01789288073751377,4
art_041,State Department,ORGANIZATION,-0.0022928807375137694,0.0156,0.01789288073751377,4
art_041,U.S.,ORGANIZATION,0.02245741948718205,0.0156,0.006857419487182052,6
art_041,Supreme Court,ORGANIZATION,0.012711370916804299,0.0156,0.0028886290831957005,2
art_041,State Department,ORGANIZATION,-0.0022928807375137694,0.0156,0.01789288073751377,4
art_041,American Civil Liberties Union,ORGANIZATION,-0.02111375192180276,0.0156,0.03671375192180276,1
art_041,Muslims,ORGANIZATION,-0.02111375192180276,0.0156,0.03671375192180276,1
art_041,Karen Tumlin,PERSON,-0.02111375192180276,0.0156,0.03671375192180276,1
art_041,National Immigration Law Center,ORGANIZATION,-0.02111375192180276,0.0156,0.03671375192180276,1
art_041,Trump administration,ORGANIZATION,-0.02111375192180276,0.0156,0.03671375192180276,1
art_041,Iranians,PERSON,-0.04439196739501009,0.0156,0.05999196739501009,3
art_041,Iranians,PERSON,-0.04439196739501009,0.0156,0.05999196739501009,3
art_041,Iranians,PERSON,-0.04439196739501009,0.0156,0.05999196739501009,3
art_042,Reuters,ORGANIZATION,-0.11636012989038136,-0.0172,0.09916012989038137,4
art_042,President Donald Trump,PERSON,-0.02039804868400097,-0.0172,0.003198048684000969,1
art_042,Trump,PERSON,-0.02039804868400097,-0.0172,0.003198048684000969,1
art_042,Supreme Court,ORGANIZATION,-0.02039804868400097,-0.0172,0.003198048684000969,1
art_042,Reuters.At,ORGANIZATION,0.047280202619731426,-0.0172,0.06448020261973142,1
art_042,Reuters,ORGANIZATION,-0.11636012989038136,-0.0172,0.09916012989038137,4
art_042,airlines,ORGANIZATION,-0.021624880784656852,-0.0172,0.0044248807846568525,2
art_042,Reuters,ORGANIZATION,-0.11636012989038136,-0.0172,0.09916012989038137,4
art_042,Emirates Airlines,ORGANIZATION,-0.03810995537787676,-0.0172,0.02090995537787676,1
art_042,Turkish Airlines,ORGANIZATION,-0.03810995537787676,-0.0172,0.02090995537787676,1
art_042,Qatar Airways.Iranian,ORGANIZATION,-0.03810995537787676,-0.0172,0.02090995537787676,1
art_042,Masoud,PERSON,-0.002109958091750741,-0.0172,0.015090041908249259,1
art_042,Nima,PERSON,-0.5076427534222603,-0.0172,0.4904427534222603,1
art_042,Reuters,ORGANIZATION,-0.11636012989038136,-0.0172,0.09916012989038137,4
art_043,Trump,PERSON,-0.016559728235006333,0.0115,0.028059728235006333,5
art_043,Supreme Court,ORGANIZATION,0.04684962518513203,0.0115,0.03534962518513203,2
art_043,President Donald Trump,PERSON,0.004095274955034256,0.0115,0.007404725044965744,1
art_043,US Supreme Court,ORGANIZATION,0.004095274955034256,0.0115,0.007404725044965744,1
art_043,Trump,PERSON,-0.016559728235006333,0.0115,0.028059728235006333,5
art_043,Fourth Circuit Court of Appeals,ORGANIZATION,-0.037308085593394935,0.0115,0.04880808559339493,2
art_043,Supreme Court,ORGANIZATION,0.04684962518513203,0.0115,0.03534962518513203,2
art_043,President,PERSON,-0.0317888398518941,0.0115,0.043288839851894106,6
art_043,Trump,PERSON,-0.016559728235006333,0.0115,0.028059728235006333,5
art_043,Justice Department,ORGANIZATION,0.0896039754152298,0.0115,0.0781039754152298,1
art_043,Sarah Isgur Flores,PERSON,0.0896039754152298,0.0115,0.0781039754152298,1
art_043,Trump,ORGANIZATION,-0.016559728235006333,0.0115,0.028059728235006333,5
art_043,Fourth Circuit Court of Appeals,ORGANIZATION,-0.037308085593394935,0.0115,0.04880808559339493,2
art_043,Muslim,ORGANIZATION,-0.0386915139388293,0.0115,0.0501915139388293,2
art_043,court of appeals,ORGANIZATION,-0.03339977494518583,0.0115,0.044899774945185836,3
art_043,Congress,ORGANIZATION,-0.10188172035850585,0.0115,0.11338172035850584,1
art_043,Trump,PERSON,-0.016559728235006333,0.0115,0.028059728235006333,5
art_043,Democrats,ORGANIZATION,-0.5031086495146155,0.0115,0.5146086495146155,1
art_043,Fourth Circuit,ORGANIZATION,-0.025085980383058388,0.0115,0.03658598038305839,3
art_043,AFP,ORGANIZATION,4.471075953915715e-06,0.0115,0.011495528924046084,1
art_044,United States,ORGANIZATION,-0.0022997496901856116,0.0031,0.0053997496901856115,3
art_044,Donald Trump,PERSON,-0.04281736502889544,0.0031,0.045917365028895436,2
art_044,Donald Trump,PERSON,-0.04281736502889544,0.0031,0.045917365028895436,2
art_044,Trump administration,ORGANIZATION,-0.250489789799758,0.0031,0.253589789799758,4
art_044,Trump administration,ORGANIZATION,-0.250489789799758,0.0031,0.253589789799758,4
art_044,Trump administration,ORGANIZATION,-0.250489789799758,0.0031,0.253589789799758,4
art_044,David Miliband,PERSON,-0.03101627790601924,0.0031,0.03411627790601924,1
art_044,president,PERSON,-0.03101627790601924,0.0031,0.03411627790601924,1
art_044,International Rescue Committee,ORGANIZATION,-0.03101627790601924,0.0031,0.03411627790601924,1
art_044,Miliband,PERSON,-0.2768563645222457,0.0031,0.2799563645222457,2
art_044,America,ORGANIZATION,-0.26633951759140473,0.0031,0.2694395175914047,2
art_044,Homeland,ORGANIZATION,-0.14567123167216778,0.0031,0.14877123167216777,1
art_044,Trump,PERSON,-0.15682208488786792,0.0031,0.1599220848878679,7
art_044,Customs and Border Protection,ORGANIZATION,0.011041467427276075,0.0031,0.007941467427276075,1
art_044,Trump,PERSON,-0.15682208488786792,0.0031,0.1599220848878679,7
art_044,Camille Mackler,PERSON,0.00019647760200314224,0.0031,0.0029035223979968577,1
art_044,New York Immigration Coalition,ORGANIZATION,0.00019647760200314224,0.0031,0.0029035223979968577,1
art_044,Justice,PERSON,-0.012716767378151417,0.0031,0.015816767378151415,1
art_044,Clarence Thomas,PERSON,-0.012716767378151417,0.0031,0.015816767378151415,1
art_044,Thomas,PERSON,-0.012716767378151417,0.0031,0.015816767378151415,1
art_045,Supreme Court,ORGANIZATION,0.13090448916773312,0.0202,0.11070448916773312,2
art_045,President Donald Trump,PERSON,-0.006029173790011555,0.0202,0.026229173790011554,1
art_045,Trump,PERSON,-0.12493282466311939,0.0202,0.1451328246631194,2
art_045,Trump,PERSON,-0.12493282466311939,0.0202,0.1451328246631194,2
art_045,Supreme Court,ORGANIZATION,0.13090448916773312,0.0202,0.11070448916773312,2
art_046,Trump administration,ORGANIZATION,-0.024351423082407564,-0.0485,0.024148576917592438,2
art_046,Department of Homeland Security,ORGANIZATION,-0.02504611760377884,-0.0485,0.023453882396221162,1
art_046,DHS,ORGANIZATION,0.012616424821317196,-0.0485,0.0611164248213172,1
art_046,Trump administration,ORGANIZATION,-0.024351423082407564,-0.0485,0.024148576917592438,2
art_046,US government,ORGANIZATION,-0.26022294256836176,-0.0485,0.21172294256836177,1
art_046,Trump,PERSON,-0.12659543241898064,-0.0485,0.07809543241898063,4
art_046,Trump,PERSON,-0.12659543241898064,-0.0485,0.07809543241898063,4
art_046,Democrats,ORGANIZATION,-0.31866246013669297,-0.0485,0.270162460136693,1
art_046,Congress,ORGANIZATION,-0.3341708679799922,-0.0485,0.2856708679799922,2
art_046,Trump,PERSON,-0.12659543241898064,-0.0485,0.07809543241898063,4
art_046,Supreme Court,ORGANIZATION,-0.5000551636767341,-0.0485,0.4515551636767341,2
art_046,State Department,ORGANIZATION,0.004456812283024192,-0.0485,0.05295681228302419,1
art_046,Hawaii,ORGANIZATION,-0.015318898484110832,-0.0485,0.03318110151588917,2
art_046,Judge,PERSON,-0.001537503267172724,-0.0485,0.04696249673282728,1
art_046,Derrick Watson,PERSON,-0.001537503267172724,-0.0485,0.04696249673282728,1
art_046,Supreme Court,ORGANIZATION,-0.5000551636767341,-0.0485,0.4515551636767341,2
art_046,Attorney General,PERSON,-0.6814478672167752,-0.0485,0.6329478672167752,1
art_046,Douglas Chin,PERSON,-0.6814478672167752,-0.0485,0.6329478672167752,1
art_046,Democratic,ORGANIZATION,-0.1810913598164916,-0.0485,0.13259135981649162,1
art_046,Bennie Thompson,PERSON,-0.1810913598164916,-0.0485,0.13259135981649162,1
art_046,Congress,ORGANIZATION,-0.3341708679799922,-0.0485,0.2856708679799922,2
art_046,Thompson,PERSON,-0.2653853178198915,-0.0485,0.2168853178198915,2
art_046,Democrat,ORGANIZATION,-0.2831443652588253,-0.0485,0.23464436525882532,3
art_046,House Homeland Security Committee,ORGANIZATION,-0.3496792758232914,-0.0485,0.3011792758232914,1
art_046,Rama Issa,PERSON,0.017496924963779747,-0.0485,0.06599692496377975,1
art_046,Arab American Association of New York,ORGANIZATION,0.017496924963779747,-0.0485,0.06599692496377975,1
art_046,Kennedy International,ORGANIZATION,0.0017395459726685658,-0.0485,0.05023954597266857,2
art_047,TVP,ORGANIZATION,-0.2433557265321724,-0.2244,0.018955726532172423,1
art_047,UKRAINE,ORGANIZATION,-0.15378168964525685,-0.2244,0.07061831035474314,4
art_047,RUSSIA,ORGANIZATION,-0.10540865058040556,-0.2244,0.11899134941959442,6
art_047,EU,ORGANIZATION,-0.01922734621136139,-0.2244,0.2051726537886386,6
art_047,Belarus,ORGANIZATION,-0.08452042059216183,-0.2244,0.13987957940783816,10
art_047,Belarus,ORGANIZATION,-0.08452042059216183,-0.2244,0.13987957940783816,10
art_047,President,PERSON,-0.07241834327578545,-0.2244,0.15198165672421454,1
art_047,Alexander Lukashenko,PERSON,-0.07241834327578545,-0.2244,0.15198165672421454,1
art_047,RUSSIA,ORGANIZATION,-0.10540865058040556,-0.2244,0.11899134941959442,6
art_047,BLINKEN,ORGANIZATION,-0.2358737160684541,-0.2244,0.011473716068454098,1
art_047,Reuters,ORGANIZATION,-0.2358737160684541,-0.2244,0.011473716068454098,1
art_047,Belarus government,ORGANIZATION,-0.12329155672341585,-0.2244,0.10110844327658414,1
art_047,Interior Ministry,ORGANIZATION,-0.18713578043389134,-0.2244,0.03726421956610865,1
art_047,Polish,ORGANIZATION,-0.19954443104797975,-0.2244,0.024855568952020235,5
art_047,Piotr Muller,PERSON,-0.04202605318278074,-0.2244,0.18237394681721925,1
art_047,BIDEN,PERSON,-0.015649918466806412,-0.2244,0.20875008153319358,1
art_047,Iraqis,PERSON,-0.24010167887900025,-0.2244,0.015701678879000258,2
art_047,Iraqis,PERSON,-0.24010167887900025,-0.2244,0.015701678879000258,2
art_047,Iraq,ORGANIZATION,-0.15772845081907386,-0.2244,0.06667154918092613,3
art_047,consul,PERSON,0.007018005300778896,-0.2244,0.23141800530077888,1
art_047,Majid al-Kinani,PERSON,0.007018005300778896,-0.2244,0.23141800530077888,1
art_047,al-Kinani,PERSON,-0.00337916640273761,-0.2244,0.22102083359726238,2
art_047,LUKASHENKO,PERSON,-0.08787932147970423,-0.2244,0.13652067852029576,2
art_047,Ukraine,ORGANIZATION,-0.15378168964525685,-0.2244,0.07061831035474314,4
art_047,Belarus,ORGANIZATION,-0.08452042059216183,-0.2244,0.13987957940783816,10
art_047,Russia,ORGANIZATION,-0.10540865058040556,-0.2244,0.11899134941959442,6
art_047,Foreign Minister,PERSON,-0.002406977117061615,-0.2244,0.22199302288293837,1
art_047,Dmytro Kuleba,PERSON,-0.002406977117061615,-0.2244,0.22199302288293837,1
art_047,FOX NEWS,ORGANIZATION,-0.002406977117061615,-0.2244,0.22199302288293837,1
art_047,Kuleba,PERSON,-0.002406977117061615,-0.2244,0.22199302288293837,1
art_047,Politico,ORGANIZATION,-0.002406977117061615,-0.2244,0.22199302288293837,1
art_048,European Union,ORGANIZATION,-0.01056280842749402,-0.1303,0.11973719157250598,1
art_048,Belarus,ORGANIZATION,-0.172688465785086,-0.1303,0.04238846578508601,16
art_048,EU,ORGANIZATION,-0.12663255578243277,-0.1303,0.003667444217567234,9
art_048,EU,ORGANIZATION,-0.12663255578243277,-0.1303,0.003667444217567234,9
art_048,Belarus,ORGANIZATION,-0.172688465785086,-0.1303,0.04238846578508601,16
art_048,Alexander Lukashenko,PERSON,0.17509728204458952,-0.1303,0.3053972820445895,2
art_048,EU,ORGANIZATION,-0.12663255578243277,-0.1303,0.003667444217567234,9
art_048,Belarus,ORGANIZATION,-0.172688465785086,-0.1303,0.04238846578508601,16
art_048,US,ORGANIZATION,-0.19563394462129508,-0.1303,0.06533394462129508,20
art_048,Poland's defence ministry,ORGANIZATION,-0.08634114498272538,-0.1303,0.04395885501727462,1
art_048,Russia,ORGANIZATION,-0.4278532387688756,-0.1303,0.2975532387688756,1
art_048,Belarus,ORGANIZATION,-0.172688465785086,-0.1303,0.04238846578508601,16
art_048,Poland,ORGANIZATION,-0.2415691906686074,-0.1303,0.11126919066860741,7
art_048,BBC,ORGANIZATION,-0.04607698367908597,-0.1303,0.08422301632091403,1
art_048,Belarus,ORGANIZATION,-0.172688465785086,-0.1303,0.04238846578508601,16
art_048,Poland,ORGANIZATION,-0.2415691906686074,-0.1303,0.11126919066860741,7
art_048,EU,ORGANIZATION,-0.12663255578243277,-0.1303,0.003667444217567234,9
art_048,Alexander Lukashenko,PERSON,0.17509728204458952,-0.1303,0.3053972820445895,2
art_048,Belarus,ORGANIZATION,-0.172688465785086,-0.1303,0.04238846578508601,16
art_048,Europe,ORGANIZATION,-0.17643889402582622,-0.1303,0.046138894025826216,3
art_048,Belarus,ORGANIZATION,-0.172688465785086,-0.1303,0.04238846578508601,16
art_048,Lukashenko,PERSON,0.07223464095732197,-0.1303,0.202534640957322,5
art_048,Angela Merkel,PERSON,-0.013074798742309213,-0.1303,0.11722520125769079,1
art_048,Belta,ORGANIZATION,-0.013026348984567448,-0.1303,0.11727365101543255,2
art_048,Belta,ORGANIZATION,-0.013026348984567448,-0.1303,0.11727365101543255,2
art_048,Lukashenko,PERSON,0.07223464095732197,-0.1303,0.202534640957322,5
art_048,Merkel,PERSON,0.0082937482802663,-0.1303,0.1385937482802663,2
art_048,EU,ORGANIZATION,-0.12663255578243277,-0.1303,0.003667444217567234,9
art_048,Lukashenko,PERSON,0.07223464095732197,-0.1303,0.202534640957322,5
art_048,Iraq,ORGANIZATION,-0.02404303103685379,-0.1303,0.10625696896314621,1
art_048,EU,ORGANIZATION,-0.12663255578243277,-0.1303,0.003667444217567234,9
art_049,European Union,ORGANIZATION,-0.4568472280516289,-0.1705,0.28634722805162893,1
art_049,EU,ORGANIZATION,-0.3355306837280902,-0.1705,0.16503068372809018,3
art_049,BeITA,ORGANIZATION,-0.1799839282175526,-0.1705,0.00948392821755259,2
art_049,CNN,ORGANIZATION,-0.32994110276922584,-0.1705,0.15944110276922582,5
art_049,BelTA,ORGANIZATION,0.005794939682042847,-0.1705,0.17629493968204285,3
art_049,"Belarusian Armed Forces’ Department of Radiation, Chemical and Biological Protection and Ecology",ORGANIZATION,-0.004090585163794458,-0.1705,0.16640941483620555,1
art_049,Igor Malyk,PERSON,-0.004090585163794458,-0.1705,0.16640941483620555,1
art_049,Polish security,ORGANIZATION,-0.11456664901925251,-0.1705,0.055933350980747504,2
art_049,Polish security forces,ORGANIZATION,-0.11456664901925251,-0.1705,0.055933350980747504,2
art_049,Malyk,PERSON,-0.11456664901925251,-0.1705,0.055933350980747504,2
art_049,Polish police,ORGANIZATION,-0.1858269848744385,-0.1705,0.015326984874438482,1
art_049,CNN,ORGANIZATION,-0.32994110276922584,-0.1705,0.15944110276922582,5
art_049,Polish Border Guard,ORGANIZATION,-0.26168538103229366,-0.1705,0.09118538103229365,2
art_049,Twitter,ORGANIZATION,0.00013208907330408692,-0.1705,0.1706320890733041,2
art_049,Poland,ORGANIZATION,-0.38764601649018005,-0.1705,0.21714601649018003,3
art_049,Ministry of Defense,ORGANIZATION,0.026464052498340607,-0.1705,0.19696405249834062,1
art_049,Twitter,ORGANIZATION,0.00013208907330408692,-0.1705,0.1706320890733041,2
art_049,Poland,ORGANIZATION,-0.38764601649018005,-0.1705,0.21714601649018003,3
art_049,Stanisław Żaryn,PERSON,0.026464052498340607,-0.1705,0.19696405249834062,1
art_049,Twitter,ORGANIZATION,0.00013208907330408692,-0.1705,0.1706320890733041,2
art_049,BelTA,ORGANIZATION,0.005794939682042847,-0.1705,0.17629493968204285,3
art_049,BeITA,ORGANIZATION,-0.1799839282175526,-0.1705,0.00948392821755259,2
art_049,Anton Bychkovsky,PERSON,-0.0049886482884176075,-0.1705,0.1655113517115824,1
art_049,Belarus’s State Border Guard Committee,ORGANIZATION,-0.0049886482884176075,-0.1705,0.1655113517115824,1
art_049,BelTA,ORGANIZATION,0.005794939682042847,-0.1705,0.17629493968204285,3
art_049,Europe,ORGANIZATION,-0.3735005619528238,-0.1705,0.20300056195282376,2
art_049,United Nations,ORGANIZATION,-0.32444285473320633,-0.1705,0.15394285473320632,1
art_049,Polish government,ORGANIZATION,-0.12168124690651894,-0.1705,0.048818753093481076,1
art_049,Poland,ORGANIZATION,-0.38764601649018005,-0.1705,0.21714601649018003,3
art_049,CNN,ORGANIZATION,-0.32994110276922584,-0.1705,0.15944110276922582,5
art_049,Poland,ORGANIZATION,-0.38764601649018005,-0.1705,0.21714601649018003,3
art_049,CNN,ORGANIZATION,-0.32994110276922584,-0.1705,0.15944110276922582,5
art_049,CNN,ORGANIZATION,-0.32994110276922584,-0.1705,0.15944110276922582,5
art_050,European Union,ORGANIZATION,-0.4861379328649491,-0.1247,0.3614379328649491,1
art_050,EU,ORGANIZATION,-0.10852425662839475,-0.1247,0.016175743371605253,6
art_050,Alexander Lukashenko,PERSON,-0.034779597306624055,-0.1247,0.08992040269337595,1
art_050,Poland,ORGANIZATION,-0.11385036117280833,-0.1247,0.010849638827191671,8
art_050,Belarus,ORGANIZATION,-0.17200193559719165,-0.1247,0.04730193559719165,11
art_050,Poland,ORGANIZATION,-0.11385036117280833,-0.1247,0.010849638827191671,8
art_050,defence ministry,ORGANIZATION,-0.04514390407712199,-0.1247,0.07955609592287802,2
art_050,Poland,ORGANIZATION,-0.11385036117280833,-0.1247,0.010849638827191671,8
art_050,Lithuania,ORGANIZATION,-0.42357021337375045,-0.1247,0.2988702133737504,1
art_050,Lukashenko,PERSON,-0.057902304601157084,-0.1247,0.06679769539884292,2
art_050,Ahmad al-Hasan,PERSON,-0.029597240616567433,-0.1247,0.09510275938343257,1
art_050,Ahmad,PERSON,-0.053845070903965585,-0.1247,0.07085492909603441,3
art_050,Anna Alboth,PERSON,-0.022336792200803757,-0.1247,0.10236320779919625,1
art_050,Grupa Granica,ORGANIZATION,-0.02562480792403221,-0.1247,0.0990751920759678,2
art_050,Polish government,ORGANIZATION,-0.017337880621198565,-0.1247,0.10736211937880144,2
art_050,Ahmad,PERSON,-0.053845070903965585,-0.1247,0.07085492909603441,3
art_050,Grupa Granica,ORGANIZATION,-0.02562480792403221,-0.1247,0.0990751920759678,2
art_050,Grupa Granica,ORGANIZATION,-0.02562480792403221,-0.1247,0.0990751920759678,2
art_050,Council of Europe,ORGANIZATION,-0.12287040543742478,-0.1247,0.0018295945625752263,1
art_050,commissioner,PERSON,-0.12287040543742478,-0.1247,0.0018295945625752263,1
art_050,human rights,PERSON,-0.12287040543742478,-0.1247,0.0018295945625752263,1
art_050,Dunja Mijatovic,PERSON,-0.12287040543742478,-0.1247,0.0018295945625752263,1
art_050,Piotr Muller,PERSON,-0.012338969041593373,-0.1247,0.11236103095840663,1
art_050,Polish,ORGANIZATION,-0.1786664889130572,-0.1247,0.05396648891305719,11
art_050,Polish government,ORGANIZATION,-0.017337880621198565,-0.1247,0.10736211937880144,2
art_050,Nato,ORGANIZATION,-0.012338969041593373,-0.1247,0.11236103095840663,1
art_050,Reuters,ORGANIZATION,0.036833703867159784,-0.1247,0.1615337038671598,2
art_050,Taman,PERSON,-0.0514747397537576,-0.1247,0.0732252602462424,2
art_050,Reuters,ORGANIZATION,0.036833703867159784,-0.1247,0.1615337038671598,2
art_050,Taman,PERSON,-0.0514747397537576,-0.1247,0.0732252602462424,2
art_051,Border Guard,ORGANIZATION,-0.0347042316570878,-0.0508,0.016095768342912195,1
art_051,European Union,ORGANIZATION,-0.09245925798313692,-0.0508,0.041659257983136924,2
art_051,European Union,ORGANIZATION,-0.09245925798313692,-0.0508,0.041659257983136924,2
art_051,EU,ORGANIZATION,-0.09245925798313692,-0.0508,0.041659257983136924,2
art_051,President,PERSON,-0.004023502871859819,-0.0508,0.04677649712814018,1
art_051,Alexander Lukashenko,PERSON,-0.004023502871859819,-0.0508,0.04677649712814018,1
art_051,Poland,ORGANIZATION,-0.07944452471565455,-0.0508,0.028644524715654554,1
art_051,Defense Ministry,ORGANIZATION,-0.07944452471565455,-0.0508,0.028644524715654554,1
art_051,Interior Ministry,ORGANIZATION,-0.16766018886119127,-0.0508,0.11686018886119127,1
art_052,Border Guard,ORGANIZATION,-0.0347042316570878,-0.0508,0.016095768342912195,1
art_052,European Union,ORGANIZATION,-0.09245925798313692,-0.0508,0.041659257983136924,2
art_052,European Union,ORGANIZATION,-0.09245925798313692,-0.0508,0.041659257983136924,2
art_052,EU,ORGANIZATION,-0.09245925798313692,-0.0508,0.041659257983136924,2
art_052,President,PERSON,-0.004023502871859819,-0.0508,0.04677649712814018,1
art_052,Alexander Lukashenko,PERSON,-0.004023502871859819,-0.0508,0.04677649712814018,1
art_052,Poland,ORGANIZATION,-0.07944452471565455,-0.0508,0.028644524715654554,1
art_052,Defense Ministry,ORGANIZATION,-0.07944452471565455,-0.0508,0.028644524715654554,1
art_052,Interior Ministry,ORGANIZATION,-0.16766018886119127,-0.0508,0.11686018886119127,1
art_053,European Union,ORGANIZATION,-0.050086194183677435,-0.0268,0.023286194183677434,1
art_053,EU,ORGANIZATION,-0.02203433937393129,-0.0268,0.004765660626068712,2
art_053,Belarus,ORGANIZATION,-0.05087239347631112,-0.0268,0.024072393476311117,5
art_053,Polish,ORGANIZATION,-0.14415448158979416,-0.0268,0.11735448158979415,5
art_053,Ministry of Defence,ORGANIZATION,-0.20693823602050543,-0.0268,0.18013823602050544,1
art_053,TVP.Migrants,ORGANIZATION,-0.20693823602050543,-0.0268,0.18013823602050544,1
art_053,Interior Ministry,ORGANIZATION,-0.20693823602050543,-0.0268,0.18013823602050544,1
art_053,Polish defence ministry,ORGANIZATION,0.0060175154358148575,-0.0268,0.03281751543581486,1
art_053,EU,ORGANIZATION,-0.02203433937393129,-0.0268,0.004765660626068712,2
art_053,Belarus,ORGANIZATION,-0.05087239347631112,-0.0268,0.024072393476311117,5
art_053,President,PERSON,0.0026306750951334834,-0.0268,0.029430675095133484,2
art_053,Alexander Lukashenko,PERSON,0.0060175154358148575,-0.0268,0.03281751543581486,1
art_053,Secretary-General,PERSON,0.0060175154358148575,-0.0268,0.03281751543581486,1
art_053,Jens Stoltenberg,PERSON,0.0060175154358148575,-0.0268,0.03281751543581486,1
art_053,Belarus,ORGANIZATION,-0.05087239347631112,-0.0268,0.024072393476311117,5
art_053,Lukashenko,PERSON,0.0026306750951334834,-0.0268,0.029430675095133484,2
art_053,President,PERSON,0.0026306750951334834,-0.0268,0.029430675095133484,2
art_053,Vladimir Putin,PERSON,-0.0007561652455478907,-0.0268,0.02604383475445211,1
art_053,BELTA,ORGANIZATION,-0.0007561652455478907,-0.0268,0.02604383475445211,1
art_053,Chancellor,PERSON,-0.0007561652455478907,-0.0268,0.02604383475445211,1
art_053,Angela Merkel,PERSON,-0.0007561652455478907,-0.0268,0.02604383475445211,1
art_053,Lukashenko,PERSON,0.0026306750951334834,-0.0268,0.029430675095133484,2
art_053,NATO,ORGANIZATION,0.0026306750951334834,-0.0268,0.029430675095133484,2
art_053,Piotr Muller,PERSON,-0.0007561652455478907,-0.0268,0.02604383475445211,1
art_053,Jaroslaw Kaczynski,PERSON,-0.0007561652455478907,-0.0268,0.02604383475445211,1
art_053,Kaczynski,PERSON,-0.2348827465903014,-0.0268,0.2080827465903014,2
art_053,Iraqis,PERSON,-0.12069833744317293,-0.0268,0.09389833744317293,1
art_053,Iraqis,PERSON,-0.12069833744317293,-0.0268,0.09389833744317293,1
art_053,Iraq,ORGANIZATION,-0.19743551758195585,-0.0268,0.17063551758195586,3
art_053,consul,PERSON,-0.0016775263065937907,-0.0268,0.02512247369340621,2
art_053,Majid al-Kinani,PERSON,-0.0025988873676396906,-0.0268,0.02420111263236031,1
art_053,consul,PERSON,-0.0016775263065937907,-0.0268,0.02512247369340621,2
art_054,Poland,ORGANIZATION,-0.19319538477575407,-0.2673,0.07410461522424591,5
art_054,Belarus,ORGANIZATION,-0.047741118990905725,-0.2673,0.21955888100909426,13
art_054,Poland,ORGANIZATION,-0.19319538477575407,-0.2673,0.07410461522424591,5
art_054,YouTube,ORGANIZATION,-0.10122103989124298,-0.2673,0.166078960108757,3
art_054,Alexander Lukashenko,PERSON,-0.009559386729961261,-0.2673,0.2577406132700387,1
art_054,Russia,ORGANIZATION,-0.1650995363452239,-0.2673,0.10220046365477609,2
art_054,EU,ORGANIZATION,-0.01300992385367863,-0.2673,0.2542900761463214,5
art_054,EU,ORGANIZATION,-0.01300992385367863,-0.2673,0.2542900761463214,5
art_054,Poland,ORGANIZATION,-0.19319538477575407,-0.2673,0.07410461522424591,5
art_054,defence ministry,ORGANIZATION,-0.3111739666783251,-0.2673,0.043873966678325105,1
art_054,YouTube,ORGANIZATION,-0.10122103989124298,-0.2673,0.166078960108757,3
art_054,ministry,PERSON,-0.18482681576278992,-0.2673,0.08247318423721006,2
art_054,Anatoly Glaz,PERSON,-0.05847966484725475,-0.2673,0.20882033515274523,1
art_054,Poland,ORGANIZATION,-0.19319538477575407,-0.2673,0.07410461522424591,5
art_054,Russia,ORGANIZATION,-0.1650995363452239,-0.2673,0.10220046365477609,2
art_054,Poland,ORGANIZATION,-0.19319538477575407,-0.2673,0.07410461522424591,5
art_054,Foreign Minister,PERSON,-0.1530047453707084,-0.2673,0.11429525462929158,2
art_054,Sergei Lavrov,PERSON,-0.32063968596048653,-0.2673,0.05333968596048655,1
art_054,Lukashenko,PERSON,-0.021143706532893703,-0.2673,0.24615629346710627,5
art_054,Belta,ORGANIZATION,-0.005776381120085716,-0.2673,0.26152361887991427,1
art_054,Germany,ORGANIZATION,-0.00898938556201756,-0.2673,0.2583106144379824,1
art_054,Angela Merkel,PERSON,-0.00898938556201756,-0.2673,0.2583106144379824,1
art_054,Merkel,PERSON,-0.03232877334812656,-0.2673,0.23497122665187342,4
art_054,Lukashenko,PERSON,-0.021143706532893703,-0.2673,0.24615629346710627,5
art_054,Merkel,PERSON,-0.03232877334812656,-0.2673,0.23497122665187342,4
art_054,EU,ORGANIZATION,-0.01300992385367863,-0.2673,0.2542900761463214,5
art_054,Belarus,ORGANIZATION,-0.047741118990905725,-0.2673,0.21955888100909426,13
art_054,Merkel,PERSON,-0.03232877334812656,-0.2673,0.23497122665187342,4
art_054,West,ORGANIZATION,-0.020205095905112103,-0.2673,0.24709490409488788,3
art_054,Minsk,ORGANIZATION,-0.06977719762168515,-0.2673,0.19752280237831482,3
art_054,EU,ORGANIZATION,-0.01300992385367863,-0.2673,0.2542900761463214,5
art_054,Lukashenko,PERSON,-0.021143706532893703,-0.2673,0.24615629346710627,5
art_054,US,ORGANIZATION,-0.06737460968378443,-0.2673,0.19992539031621553,21
art_054,YouTube,ORGANIZATION,-0.10122103989124298,-0.2673,0.166078960108757,3
art_054,Svetlana Tikhanovskaya,PERSON,-0.004821868846192956,-0.2673,0.262478131153807,1
art_054,Lukashenko,PERSON,-0.021143706532893703,-0.2673,0.24615629346710627,5
art_054,Iraq,ORGANIZATION,-0.030274758246378042,-0.2673,0.23702524175362194,4
art_054,Iraqi embassy,ORGANIZATION,-0.00789125810842961,-0.2673,0.25940874189157037,1
art_054,AFP,ORGANIZATION,-0.10986517369747162,-0.2673,0.15743482630252836,1
art_054,EU,ORGANIZATION,-0.01300992385367863,-0.2673,0.2542900761463214,5
art_054,Turkish Airlines,ORGANIZATION,-0.15770569071173668,-0.2673,0.1095943092882633,1
art_054,Iraqis,PERSON,-0.09938721600337885,-0.2673,0.16791278399662113,2
art_054,Syrians,PERSON,-0.09938721600337885,-0.2673,0.16791278399662113,2
art_054,Yemenis,PERSON,-0.09938721600337885,-0.2673,0.16791278399662113,2
art_054,Cham Wings Airlines,ORGANIZATION,-0.15770569071173668,-0.2673,0.1095943092882633,1
art_054,Belavia,ORGANIZATION,-0.04106874129502103,-0.2673,0.22623125870497895,1
art_054,Syrians,PERSON,-0.09938721600337885,-0.2673,0.16791278399662113,2
art_054,Yemenis,PERSON,-0.09938721600337885,-0.2673,0.16791278399662113,2
art_055,Poland,ORGANIZATION,-0.23780267795033674,-0.0446,0.19320267795033674,6
art_055,Ministry of National Defence,ORGANIZATION,-0.08908775844611228,-0.0446,0.044487758446112274,1
art_055,MOD,ORGANIZATION,-0.15078788637765683,-0.0446,0.10618788637765683,2
art_055,4EU,ORGANIZATION,0.004121894016861916,-0.0446,0.048721894016861916,1
art_055,Putin,PERSON,0.004121894016861916,-0.0446,0.048721894016861916,1
art_055,MOD,ORGANIZATION,-0.15078788637765683,-0.0446,0.10618788637765683,2
art_055,Marta Szymanderska,PERSON,-0.1662472984753549,-0.0446,0.12164729847535491,1
art_055,Fundacja Ocalenie,ORGANIZATION,-0.1662472984753549,-0.0446,0.12164729847535491,1
art_055,Grupa Granica,ORGANIZATION,-0.1662472984753549,-0.0446,0.12164729847535491,1
art_055,Al Jazeera,ORGANIZATION,-0.1662472984753549,-0.0446,0.12164729847535491,1
art_055,Poland,ORGANIZATION,-0.23780267795033674,-0.0446,0.19320267795033674,6
art_055,Polish Border Guard,ORGANIZATION,-0.1819357980324033,-0.0446,0.1373357980324033,3
art_055,Minsk,ORGANIZATION,0.25300464844622184,-0.0446,0.2976046484462218,2
art_055,Poland,ORGANIZATION,-0.23780267795033674,-0.0446,0.19320267795033674,6
art_055,President,PERSON,-0.08040976314805448,-0.0446,0.03580976314805448,1
art_055,Alexander Lukashenko,PERSON,-0.08040976314805448,-0.0446,0.03580976314805448,1
art_056,Poland,ORGANIZATION,-0.1390054028791686,-0.017,0.1220054028791686,3
art_056,AFP,ORGANIZATION,-0.014863012824207544,-0.017,0.002136987175792457,1
art_056,Poland,ORGANIZATION,-0.1390054028791686,-0.017,0.1220054028791686,3
art_056,Defence Minister,PERSON,-0.03899283264763653,-0.017,0.02199283264763653,2
art_056,Poland,ORGANIZATION,-0.1390054028791686,-0.017,0.1220054028791686,3
art_056,EU,ORGANIZATION,-0.1947345593071077,-0.017,0.1777345593071077,2
art_056,Belarus,ORGANIZATION,-0.05005308064088846,-0.017,0.03305308064088846,3
art_056,EU,ORGANIZATION,-0.1947345593071077,-0.017,0.1777345593071077,2
art_056,Minsk,ORGANIZATION,-0.0504385752719827,-0.017,0.0334385752719827,1
art_056,Defence Minister,PERSON,-0.03899283264763653,-0.017,0.02199283264763653,2
art_056,Mariusz Blaszczak,PERSON,-0.06312265247106552,-0.017,0.04612265247106552,1
art_056,Poland,ORGANIZATION,-0.1390054028791686,-0.017,0.1220054028791686,3
art_056,Radio Jedynka,ORGANIZATION,-0.06312265247106552,-0.017,0.04612265247106552,1
art_056,Blaszczak,PERSON,-0.07631113933166489,-0.017,0.05931113933166489,2
art_057,Supreme Court,ORGANIZATION,0.14884191143792122,0.1684,0.019558088562078774,5
art_057,President Donald Trump,PERSON,0.3767441716045141,0.1684,0.20834417160451413,1
art_057,Americans,PERSON,0.3767441716045141,0.1684,0.20834417160451413,1
art_057,Trump,PERSON,0.02102628578237879,0.1684,0.14737371421762122,12
art_057,Trump,PERSON,0.02102628578237879,0.1684,0.14737371421762122,12
art_057,FEDERAL JUDGE,ORGANIZATION,-0.17959418217651546,0.1684,0.34799418217651545,1
art_057,TRUMP,PERSON,0.02102628578237879,0.1684,0.14737371421762122,12
art_057,Trump administration,ORGANIZATION,0.006991436763200909,0.1684,0.16140856323679909,4
art_057,Supreme Court,ORGANIZATION,0.14884191143792122,0.1684,0.019558088562078774,5
art_057,Trump,PERSON,0.02102628578237879,0.1684,0.14737371421762122,12
art_057,White House,ORGANIZATION,-0.014116866514086723,0.1684,0.18251686651408672,1
art_057,Pew Research Center,ORGANIZATION,-0.0066752193961292505,0.1684,0.17507521939612924,1
art_057,U.S.,PERSON,-0.13998879443533951,0.1684,0.3083887944353395,8
art_057,Solicitor General,PERSON,5.692942067980766e-05,0.1684,0.1683430705793202,1
art_057,Supreme Court,ORGANIZATION,0.14884191143792122,0.1684,0.019558088562078774,5
art_057,Trump,PERSON,0.02102628578237879,0.1684,0.14737371421762122,12
art_057,Sauer,PERSON,-0.28176517396544415,0.1684,0.45016517396544414,3
art_057,Sauer,PERSON,-0.28176517396544415,0.1684,0.45016517396544414,3
art_057,Trump administration,ORGANIZATION,0.006991436763200909,0.1684,0.16140856323679909,4
art_057,Trump administration,ORGANIZATION,0.006991436763200909,0.1684,0.16140856323679909,4
art_057,TRUMP,PERSON,0.02102628578237879,0.1684,0.14737371421762122,12
art_057,DOJ,ORGANIZATION,-0.053011209703981876,0.1684,0.22141120970398187,1
art_057,ACLU,ORGANIZATION,-0.026975857908837497,0.1684,0.1953758579088375,2
art_057,Trump,PERSON,0.02102628578237879,0.1684,0.14737371421762122,12
art_057,ACLU,ORGANIZATION,-0.026975857908837497,0.1684,0.1953758579088375,2
art_057,Cecillia Wang,PERSON,-0.0009405061136931181,0.1684,0.1693405061136931,1
art_057,President,PERSON,-0.15277793184213806,0.1684,0.32117793184213805,4
art_057,Trump,PERSON,0.02102628578237879,0.1684,0.14737371421762122,12
art_057,Supreme Court,ORGANIZATION,0.14884191143792122,0.1684,0.019558088562078774,5
art_057,Congress,ORGANIZATION,-0.011967761616688222,0.1684,0.18036776161668822,1
art_057,Supreme Court,ORGANIZATION,0.14884191143792122,0.1684,0.019558088562078774,5
art_057,Supreme Court,ORGANIZATION,0.14884191143792122,0.1684,0.019558088562078774,5
art_057,Trump administration,ORGANIZATION,0.006991436763200909,0.1684,0.16140856323679909,4
art_057,TRUMP,PERSON,0.02102628578237879,0.1684,0.14737371421762122,12
art_057,Trump administration,ORGANIZATION,0.006991436763200909,0.1684,0.16140856323679909,4
art_057,FOX NEWS,ORGANIZATION,-0.03530000103637576,0.1684,0.20370000103637576,1
art_057,Trump,PERSON,0.02102628578237879,0.1684,0.14737371421762122,12
art_058,US Supreme Court,ORGANIZATION,0.017813133308663964,0.0192,0.001386866691336034,1
art_058,Trump,PERSON,-0.08289282501209527,0.0192,0.10209282501209527,4
art_058,Trump,PERSON,-0.08289282501209527,0.0192,0.10209282501209527,4
art_058,US Supreme Court,ORGANIZATION,0.017813133308663964,0.0192,0.001386866691336034,1
art_058,US,ORGANIZATION,-0.10130768800154329,0.0192,0.12050768800154328,5
art_058,President,PERSON,-0.05004436685703695,0.0192,0.06924436685703694,3
art_058,Donald Trump,PERSON,0.017813133308663964,0.0192,0.001386866691336034,1
art_058,Justice Department,ORGANIZATION,-0.013902271864935756,0.0192,0.03310227186493575,1
art_058,Trump,PERSON,-0.08289282501209527,0.0192,0.10209282501209527,4
art_058,Trump,PERSON,-0.08289282501209527,0.0192,0.10209282501209527,4
art_058,Republican,ORGANIZATION,0.0011497079394757748,0.0192,0.018050292060524224,1
art_058,Trump,PERSON,-0.08289282501209527,0.0192,0.10209282501209527,4
art_059,US Supreme Court,ORGANIZATION,-0.03386602929094806,-0.0322,0.0016660292909480637,2
art_059,Trump,PERSON,-0.056421777635114266,-0.0322,0.024221777635114267,10
art_059,US Supreme Court,ORGANIZATION,-0.03386602929094806,-0.0322,0.0016660292909480637,2
art_059,Trump,PERSON,-0.056421777635114266,-0.0322,0.024221777635114267,10
art_059,Trump,PERSON,-0.056421777635114266,-0.0322,0.024221777635114267,10
art_059,Trump,PERSON,-0.056421777635114266,-0.0322,0.024221777635114267,10
art_059,US,ORGANIZATION,-0.05399640077957883,-0.0322,0.021796400779578833,10
art_059,Supreme Court,ORGANIZATION,-0.030555141728837044,-0.0322,0.0016448582711629557,5
art_059,US Supreme Court,ORGANIZATION,-0.03386602929094806,-0.0322,0.0016660292909480637,2
art_059,President,PERSON,-0.0343176863680128,-0.0322,0.0021176863680128014,3
art_059,Donald Trump,PERSON,0.0009596672607585788,-0.0322,0.03315966726075858,1
art_059,Trump,PERSON,-0.056421777635114266,-0.0322,0.024221777635114267,10
art_059,Trump,PERSON,-0.056421777635114266,-0.0322,0.024221777635114267,10
art_059,Trump,PERSON,-0.056421777635114266,-0.0322,0.024221777635114267,10
art_059,Supreme Court,ORGANIZATION,-0.030555141728837044,-0.0322,0.0016448582711629557,5
art_059,Trump administration,ORGANIZATION,-0.006645286455750465,-0.0322,0.025554713544249534,1
art_059,Trump,PERSON,-0.056421777635114266,-0.0322,0.024221777635114267,10
art_059,District Judge,PERSON,-0.10454090015264228,-0.0322,0.07234090015264227,1
art_059,John Coughenour,PERSON,-0.10454090015264228,-0.0322,0.07234090015264227,1
art_059,Judge,PERSON,-0.04364354086768193,-0.0322,0.011443540867681928,3
art_059,Coughenour,PERSON,-0.05195636318239849,-0.0322,0.01975636318239849,2
art_059,Republican,ORGANIZATION,0.0006281737878452986,-0.0322,0.0328281737878453,1
art_059,Ronald Reagan,PERSON,0.0006281737878452986,-0.0322,0.0328281737878453,1
art_059,Conservatives,ORGANIZATION,0.004990526475012302,-0.0322,0.0371905264750123,1
art_059,Supreme Court,ORGANIZATION,-0.030555141728837044,-0.0322,0.0016448582711629557,5
art_059,Trump,PERSON,-0.056421777635114266,-0.0322,0.024221777635114267,10
art_059,AFP,ORGANIZATION,-0.0002114350427291356,-0.0322,0.031988564957270864,1
art_060,Supreme Court,ORGANIZATION,-0.04751263951766305,0.0593,0.10681263951766304,10
art_060,President Donald Trump,PERSON,0.06935353390872478,0.0593,0.010053533908724786,1
art_060,Trump,PERSON,-0.04726674321864266,0.0593,0.10656674321864265,12
art_060,Cecillia Wang,PERSON,0.004899586201645434,0.0593,0.054400413798354565,1
art_060,American Civil Liberties Union,ORGANIZATION,-0.009152451530098915,0.0593,0.0684524515300989,2
art_060,Supreme Court,ORGANIZATION,-0.04751263951766305,0.0593,0.10681263951766304,10
art_060,President,PERSON,0.02636159665416926,0.0593,0.03293840334583074,3
art_060,Trump,PERSON,-0.04726674321864266,0.0593,0.10656674321864265,12
art_060,Supreme Court,ORGANIZATION,-0.04751263951766305,0.0593,0.10681263951766304,10
art_060,Congress,ORGANIZATION,0.004899586201645434,0.0593,0.054400413798354565,1
art_060,Trump,PERSON,-0.04726674321864266,0.0593,0.10656674321864265,12
art_060,Supreme Court,ORGANIZATION,-0.04751263951766305,0.0593,0.10681263951766304,10
art_060,White House,ORGANIZATION,0.0014995485544204712,0.0593,0.05780045144557953,1
art_060,Trump,PERSON,-0.04726674321864266,0.0593,0.10656674321864265,12
art_060,Steve Vladeck,PERSON,-0.02420249703573063,0.0593,0.08350249703573062,1
art_060,CNN Supreme Court,ORGANIZATION,-0.02420249703573063,0.0593,0.08350249703573062,1
art_060,Georgetown University Law Center,ORGANIZATION,-0.02420249703573063,0.0593,0.08350249703573062,1
art_060,Trump,ORGANIZATION,-0.04726674321864266,0.0593,0.10656674321864265,12
art_060,Supreme Court,ORGANIZATION,-0.04751263951766305,0.0593,0.10681263951766304,10
art_060,Supreme Court,ORGANIZATION,-0.04751263951766305,0.0593,0.10681263951766304,10
art_060,Wong Kim Ark,PERSON,-0.004566606134176254,0.0593,0.06386660613417625,1
art_060,Trump,ORGANIZATION,-0.04726674321864266,0.0593,0.10656674321864265,12
art_060,Trump administration,ORGANIZATION,-0.060160558568895794,0.0593,0.11946055856889579,4
art_060,Supreme Court,ORGANIZATION,-0.04751263951766305,0.0593,0.10681263951766304,10
art_060,Trump,PERSON,-0.04726674321864266,0.0593,0.10656674321864265,12
art_060,General,PERSON,0.06846624216996133,0.0593,0.009166242169961335,1
art_060,Supreme Court,ORGANIZATION,-0.04751263951766305,0.0593,0.10681263951766304,10
art_060,Supreme Court,ORGANIZATION,-0.04751263951766305,0.0593,0.10681263951766304,10
art_060,Trump,PERSON,-0.04726674321864266,0.0593,0.10656674321864265,12
art_060,Supreme Court,ORGANIZATION,-0.04751263951766305,0.0593,0.10681263951766304,10
art_060,Trump,PERSON,-0.04726674321864266,0.0593,0.10656674321864265,12
art_060,American Civil Liberties Union,ORGANIZATION,-0.009152451530098915,0.0593,0.0684524515300989,2
art_060,Supreme Court,ORGANIZATION,-0.04751263951766305,0.0593,0.10681263951766304,10
art_060,Trump,PERSON,-0.04726674321864266,0.0593,0.10656674321864265,12
art_060,ACLU,ORGANIZATION,0.010262271855026484,0.0593,0.049037728144973515,1
art_060,9th US Circuit Court of Appeals,ORGANIZATION,-0.0028778857813449576,0.0593,0.062177885781344956,1
art_060,Trump,PERSON,-0.04726674321864266,0.0593,0.10656674321864265,12
art_060,Democratic,ORGANIZATION,-0.0771205984055996,0.0593,0.13642059840559959,1
art_060,9th Circuit,ORGANIZATION,-0.002657012861163821,0.0593,0.06195701286116382,1
art_061,US Supreme Court,ORGANIZATION,0.03925056871958077,0.0248,0.01445056871958077,1
art_061,US Supreme Court,ORGANIZATION,0.03925056871958077,0.0248,0.01445056871958077,1
art_061,President Donald Trump,PERSON,-0.010603702743537724,0.0248,0.03540370274353773,1
art_061,Supreme Court,ORGANIZATION,0.1301007472211495,0.0248,0.1053007472211495,4
art_061,Trump,PERSON,-0.02891091357118317,0.0248,0.05371091357118317,7
art_061,Trump,PERSON,-0.02891091357118317,0.0248,0.05371091357118317,7
art_061,Trump administration,ORGANIZATION,0.03399372287094593,0.0248,0.009193722870945931,1
art_061,Cecillia Wang,PERSON,-0.05413682013750076,0.0248,0.07893682013750077,1
art_061,American Civil Liberties Union,ORGANIZATION,-0.05413682013750076,0.0248,0.07893682013750077,1
art_061,BBC,ORGANIZATION,-0.05413682013750076,0.0248,0.07893682013750077,1
art_061,CBS,ORGANIZATION,-0.05413682013750076,0.0248,0.07893682013750077,1
art_061,Wang,PERSON,-0.027705388638423756,0.0248,0.05250538863842376,2
art_061,Supreme Court,ORGANIZATION,0.1301007472211495,0.0248,0.1053007472211495,4
art_061,Trump,PERSON,-0.02891091357118317,0.0248,0.05371091357118317,7
art_061,Trump,PERSON,-0.02891091357118317,0.0248,0.05371091357118317,7
art_061,Supreme Court,ORGANIZATION,0.1301007472211495,0.0248,0.1053007472211495,4
art_061,Trump,PERSON,-0.02891091357118317,0.0248,0.05371091357118317,7
art_061,Solicitor General,PERSON,0.004018404986709356,0.0248,0.020781595013290643,1
art_061,D John Sauer,PERSON,0.004018404986709356,0.0248,0.020781595013290643,1
art_061,Pew Research Center,ORGANIZATION,-0.025381549261510372,0.0248,0.050181549261510375,1
art_061,Pew,ORGANIZATION,-0.01445450316532515,0.0248,0.03925450316532515,2
art_061,Migration Policy Institute,ORGANIZATION,0.0008118366822600365,0.0248,0.023988163317739963,1
art_061,Pennsylvania State University,ORGANIZATION,0.0008118366822600365,0.0248,0.023988163317739963,1
art_061,Population Research Institute,ORGANIZATION,0.0008118366822600365,0.0248,0.023988163317739963,1
art_062,Reuters,ORGANIZATION,0.0018614891450852156,0.0122,0.010338510854914785,1
art_062,Supreme Court,ORGANIZATION,0.17644829583150567,0.0122,0.1642482958315057,4
art_062,President Donald Trump,PERSON,0.0018614891450852156,0.0122,0.010338510854914785,1
art_062,Justice Department,ORGANIZATION,-0.0011962642893195152,0.0122,0.013396264289319516,2
art_062,Trump,PERSON,-0.09636474242766521,0.0122,0.10856474242766521,7
art_062,U.S.,ORGANIZATION,-0.012517691547275587,0.0122,0.024717691547275586,7
art_062,Trump,PERSON,-0.09636474242766521,0.0122,0.10856474242766521,7
art_062,Republican,ORGANIZATION,-0.023057280690409243,0.0122,0.035257280690409246,1
art_062,Trump,PERSON,-0.09636474242766521,0.0122,0.10856474242766521,7
art_062,Trump administration,ORGANIZATION,-0.05807533022016287,0.0122,0.07027533022016287,2
art_062,Americans,PERSON,-0.19771140813827515,0.0122,0.20991140813827514,1
art_062,Trump administration,ORGANIZATION,-0.05807533022016287,0.0122,0.07027533022016287,2
art_062,White House,ORGANIZATION,0.08156074769794941,0.0122,0.06936074769794941,1
art_062,Abigail Jackson,PERSON,0.08156074769794941,0.0122,0.06936074769794941,1
art_062,Cecillia Wang,PERSON,0.08156074769794941,0.0122,0.06936074769794941,1
art_062,director,PERSON,0.08156074769794941,0.0122,0.06936074769794941,1
art_062,American Civil Liberties Union,ORGANIZATION,0.08156074769794941,0.0122,0.06936074769794941,1
art_062,Supreme Court,ORGANIZATION,0.17644829583150567,0.0122,0.1642482958315057,4
art_062,Justice Department,ORGANIZATION,-0.0011962642893195152,0.0122,0.013396264289319516,2
art_062,Trump,PERSON,-0.09636474242766521,0.0122,0.10856474242766521,7
art_062,U.S.,PERSON,-0.012517691547275587,0.0122,0.024717691547275586,7
art_062,District Judge,PERSON,-0.1890116746071726,0.0122,0.2012116746071726,1
art_062,Joseph Laplante,PERSON,-0.1890116746071726,0.0122,0.2012116746071726,1
art_062,Trump,PERSON,-0.09636474242766521,0.0122,0.10856474242766521,7
art_062,Supreme Court,ORGANIZATION,0.17644829583150567,0.0122,0.1642482958315057,4
art_062,Supreme Court,ORGANIZATION,0.17644829583150567,0.0122,0.1642482958315057,4
art_062,Supreme Court,ORGANIZATION,0.17644829583150567,0.0122,0.1642482958315057,4
art_062,Supreme Court,ORGANIZATION,0.17644829583150567,0.0122,0.1642482958315057,4
art_063,US Supreme Court,ORGANIZATION,-0.035819058228905,-0.001,0.034819058228905,3
art_063,Trump,PERSON,-0.08383546284480523,-0.001,0.08283546284480522,13
art_063,Supreme Court,ORGANIZATION,-0.06451174596856747,-0.001,0.06351174596856747,7
art_063,United States Supreme Court,ORGANIZATION,-0.01796257682144642,-0.001,0.016962576821446418,1
art_063,President Donald Trump,PERSON,-0.01796257682144642,-0.001,0.016962576821446418,1
art_063,Republican,ORGANIZATION,-0.01796257682144642,-0.001,0.016962576821446418,1
art_063,US Supreme Court,ORGANIZATION,-0.035819058228905,-0.001,0.034819058228905,3
art_063,Trump,PERSON,-0.08383546284480523,-0.001,0.08283546284480522,13
art_063,US Supreme Court,ORGANIZATION,-0.035819058228905,-0.001,0.034819058228905,3
art_063,Trump,PERSON,-0.08383546284480523,-0.001,0.08283546284480522,13
art_063,Trump,PERSON,-0.08383546284480523,-0.001,0.08283546284480522,13
art_063,Trump,PERSON,-0.08383546284480523,-0.001,0.08283546284480522,13
art_063,Supreme Court,ORGANIZATION,-0.06451174596856747,-0.001,0.06351174596856747,7
art_063,Trump,ORGANIZATION,-0.08383546284480523,-0.001,0.08283546284480522,13
art_063,Trump,PERSON,-0.08383546284480523,-0.001,0.08283546284480522,13
art_063,John Sauer,PERSON,-0.05109010520391166,-0.001,0.05009010520391166,1
art_063,Sauer,PERSON,-0.13083181195543148,-0.001,0.12983181195543148,2
art_063,Trump,PERSON,-0.08383546284480523,-0.001,0.08283546284480522,13
art_063,District Judge,PERSON,-0.10454090015264228,-0.001,0.10354090015264228,1
art_063,John Coughenour,PERSON,-0.10454090015264228,-0.001,0.10354090015264228,1
art_063,Conservatives,ORGANIZATION,0.0008460618555545807,-0.001,0.0018460618555545807,1
art_063,Supreme Court,ORGANIZATION,-0.06451174596856747,-0.001,0.06351174596856747,7
art_063,Trump,PERSON,-0.08383546284480523,-0.001,0.08283546284480522,13
art_063,Cecillia Wang,PERSON,-0.09652173891663551,-0.001,0.09552173891663551,1
art_063,American Civil Liberties Union,ORGANIZATION,-0.09652173891663551,-0.001,0.09552173891663551,1
art_063,President,PERSON,-0.1326704124949174,-0.001,0.1316704124949174,4
art_063,Trump,PERSON,-0.08383546284480523,-0.001,0.08283546284480522,13
art_063,Wang,PERSON,-0.10259047476574779,-0.001,0.10159047476574778,2
art_063,Supreme Court,ORGANIZATION,-0.06451174596856747,-0.001,0.06351174596856747,7
art_063,Trump,PERSON,-0.08383546284480523,-0.001,0.08283546284480522,13
art_063,Trump,PERSON,-0.08383546284480523,-0.001,0.08283546284480522,13
art_064,US supreme court,ORGANIZATION,-0.04345916671445593,0.0623,0.10575916671445593,2
art_064,Donald Trump,PERSON,0.003821926424279809,0.0623,0.05847807357572019,1
art_064,Trump,PERSON,-0.04013920059977946,0.0623,0.10243920059977946,11
art_064,US supreme court,ORGANIZATION,-0.04345916671445593,0.0623,0.10575916671445593,2
art_064,Trump,PERSON,-0.04013920059977946,0.0623,0.10243920059977946,11
art_064,Trump,PERSON,-0.04013920059977946,0.0623,0.10243920059977946,11
art_064,US,ORGANIZATION,-0.01893512875540182,0.0623,0.08123512875540181,13
art_064,Trump,PERSON,-0.04013920059977946,0.0623,0.10243920059977946,11
art_064,Trump,PERSON,-0.04013920059977946,0.0623,0.10243920059977946,11
art_064,Barbara,PERSON,-0.010598565655527636,0.0623,0.07289856565552763,2
art_064,Barbara,PERSON,-0.010598565655527636,0.0623,0.07289856565552763,2
art_064,American Civil Liberties Union,ORGANIZATION,-0.011229424271732569,0.0623,0.07352942427173256,1
art_064,ACLU,ORGANIZATION,-0.007102438481524587,0.0623,0.06940243848152458,2
art_064,Trump,PERSON,-0.04013920059977946,0.0623,0.10243920059977946,11
art_064,Cecillia Wang,PERSON,-0.0029754526913166046,0.0623,0.0652754526913166,1
art_064,ACLU,ORGANIZATION,-0.007102438481524587,0.0623,0.06940243848152458,2
art_064,President,PERSON,-0.05528561701066792,0.0623,0.11758561701066791,3
art_064,Trump,PERSON,-0.04013920059977946,0.0623,0.10243920059977946,11
art_064,Congress,ORGANIZATION,-0.01342663518153131,0.0623,0.0757266351815313,1
art_064,Trump,PERSON,-0.04013920059977946,0.0623,0.10243920059977946,11
art_064,Trump,ORGANIZATION,-0.04013920059977946,0.0623,0.10243920059977946,11
art_064,John Sauer,PERSON,0.003327768761664629,0.0623,0.05897223123833537,1
art_064,Trump,PERSON,-0.04013920059977946,0.0623,0.10243920059977946,11
art_065,United States Supreme Court,ORGANIZATION,0.0004585026763379574,0.0061,0.005641497323662043,1
art_065,President Donald Trump,PERSON,0.0004585026763379574,0.0061,0.005641497323662043,1
art_065,Trump,PERSON,-0.08334059972225481,0.0061,0.08944059972225481,9
art_065,Trump,PERSON,-0.08334059972225481,0.0061,0.08944059972225481,9
art_065,Trump,PERSON,-0.08334059972225481,0.0061,0.08944059972225481,9
art_065,Supreme Court,ORGANIZATION,-0.009439995900417367,0.0061,0.015539995900417367,3
art_065,Trump,ORGANIZATION,-0.08334059972225481,0.0061,0.08944059972225481,9
art_065,Trump,PERSON,-0.08334059972225481,0.0061,0.08944059972225481,9
art_065,John Sauer,PERSON,-0.19916374745662324,0.0061,0.20526374745662324,1
art_065,Sauer,PERSON,-0.19916374745662324,0.0061,0.20526374745662324,1
art_065,Trump,PERSON,-0.08334059972225481,0.0061,0.08944059972225481,9
art_065,District Judge,PERSON,-0.049437078181654215,0.0061,0.055537078181654216,1
art_065,John Coughenour,PERSON,-0.049437078181654215,0.0061,0.055537078181654216,1
art_065,Coughenour,PERSON,-0.049437078181654215,0.0061,0.055537078181654216,1
art_065,Republican,ORGANIZATION,-0.049437078181654215,0.0061,0.055537078181654216,1
art_065,Ronald Reagan,PERSON,-0.049437078181654215,0.0061,0.055537078181654216,1
art_065,Conservatives,ORGANIZATION,-0.0012889206409454346,0.0061,0.007388920640945435,1
art_065,Supreme Court,ORGANIZATION,-0.009439995900417367,0.0061,0.015539995900417367,3
art_065,Trump,PERSON,-0.08334059972225481,0.0061,0.08944059972225481,9
art_065,Cecillia Wang,PERSON,-0.14781957771629095,0.0061,0.15391957771629095,1
art_065,American Civil Liberties Union,ORGANIZATION,-0.14781957771629095,0.0061,0.15391957771629095,1
art_065,President,PERSON,-0.10970573127269745,0.0061,0.11580573127269744,4
art_065,Trump,PERSON,-0.08334059972225481,0.0061,0.08944059972225481,9
art_065,Wang,PERSON,-0.14781957771629095,0.0061,0.15391957771629095,1
art_066,President Donald Trump,PERSON,-0.0006160084158182144,-0.0002,0.00041600841581821443,1
art_066,Trump,PERSON,-0.047645434096921235,-0.0002,0.04744543409692124,8
art_066,Trump,PERSON,-0.047645434096921235,-0.0002,0.04744543409692124,8
art_066,Republican,ORGANIZATION,-0.10224037719308399,-0.0002,0.10204037719308398,2
art_066,High Court,ORGANIZATION,-0.03802844078745693,-0.0002,0.03782844078745693,2
art_066,Supreme Court,ORGANIZATION,0.13949309012386948,-0.0002,0.1396930901238695,5
art_066,National Guard,ORGANIZATION,0.018747654045000672,-0.0002,0.01894765404500067,1
art_066,Trump,PERSON,-0.047645434096921235,-0.0002,0.04744543409692124,8
art_066,Supreme Court,ORGANIZATION,0.13949309012386948,-0.0002,0.1396930901238695,5
art_066,Trump,PERSON,-0.047645434096921235,-0.0002,0.04744543409692124,8
art_066,Supreme Court,ORGANIZATION,0.13949309012386948,-0.0002,0.1396930901238695,5
art_066,Supreme Court,ORGANIZATION,0.13949309012386948,-0.0002,0.1396930901238695,5
art_066,Trump,PERSON,-0.047645434096921235,-0.0002,0.04744543409692124,8
art_066,American Civil Liberties Union,ORGANIZATION,0.02251449227333069,-0.0002,0.022714492273330687,1
art_066,Trump,PERSON,-0.047645434096921235,-0.0002,0.04744543409692124,8
art_066,Cecillia Wang,PERSON,0.02251449227333069,-0.0002,0.022714492273330687,1
art_066,American Civil Liberties Union,ORGANIZATION,0.02251449227333069,-0.0002,0.022714492273330687,1
art_066,ACLU,ORGANIZATION,0.02251449227333069,-0.0002,0.022714492273330687,1
art_066,Supreme Court,ORGANIZATION,0.13949309012386948,-0.0002,0.1396930901238695,5
art_066,Appeals Court,ORGANIZATION,-0.00836139841703698,-0.0002,0.00816139841703698,1
art_066,Democratic,ORGANIZATION,-0.00836139841703698,-0.0002,0.00816139841703698,1
art_066,Trump,PERSON,-0.047645434096921235,-0.0002,0.04744543409692124,8
art_066,9th Circuit,ORGANIZATION,-0.08511435985565186,-0.0002,0.08491435985565185,1
art_066,Supreme Court,ORGANIZATION,0.13949309012386948,-0.0002,0.1396930901238695,5
art_066,High Court,ORGANIZATION,-0.03802844078745693,-0.0002,0.03782844078745693,2
art_066,Senators,PERSON,-0.0006228298880159855,-0.0002,0.0004228298880159855,1
art_066,Ted Cruz,PERSON,-0.0006228298880159855,-0.0002,0.0004228298880159855,1
art_066,Lindsey Graham,PERSON,-0.0006228298880159855,-0.0002,0.0004228298880159855,1
art_067,President,PERSON,-0.03494829125702381,0.0547,0.08964829125702381,4
art_067,Donald Trump,PERSON,-0.03151309676468372,0.0547,0.08621309676468372,2
art_067,Supreme Court,ORGANIZATION,-0.00842540416851989,0.0547,0.06312540416851989,4
art_067,Trump,PERSON,-0.14081850445430832,0.0547,0.19551850445430832,13
art_067,Attorney General,PERSON,5.53834397578612e-05,0.0547,0.05464461656024214,1
art_067,Pam Bondi,PERSON,5.53834397578612e-05,0.0547,0.05464461656024214,1
art_067,Trump,PERSON,-0.14081850445430832,0.0547,0.19551850445430832,13
art_067,Supreme Court,ORGANIZATION,-0.00842540416851989,0.0547,0.06312540416851989,4
art_067,Trump,PERSON,-0.14081850445430832,0.0547,0.19551850445430832,13
art_067,Fox News',ORGANIZATION,-0.10084058274514973,0.0547,0.15554058274514973,1
art_067,Peter Doocy,PERSON,-0.10084058274514973,0.0547,0.15554058274514973,1
art_067,SUPREME COURT,ORGANIZATION,-0.00842540416851989,0.0547,0.06312540416851989,4
art_067,TRUMP,PERSON,-0.14081850445430832,0.0547,0.19551850445430832,13
art_067,Trump,PERSON,-0.14081850445430832,0.0547,0.19551850445430832,13
art_067,Trump,PERSON,-0.14081850445430832,0.0547,0.19551850445430832,13
art_067,Trump,PERSON,-0.14081850445430832,0.0547,0.19551850445430832,13
art_067,Trump,PERSON,-0.14081850445430832,0.0547,0.19551850445430832,13
art_067,Trump,PERSON,-0.14081850445430832,0.0547,0.19551850445430832,13
art_067,PRESIDENT,PERSON,-0.03494829125702381,0.0547,0.08964829125702381,4
art_067,DONALD TRUMP,PERSON,-0.03151309676468372,0.0547,0.08621309676468372,2
art_067,Trump,PERSON,-0.14081850445430832,0.0547,0.19551850445430832,13
art_067,John Sauer,PERSON,-0.08324229344725609,0.0547,0.1379422934472561,1
art_067,American Civil Liberties Union,ORGANIZATION,-0.016005820565624163,0.0547,0.07070582056562416,1
art_067,Trump,PERSON,-0.14081850445430832,0.0547,0.19551850445430832,13
art_067,ACLU,ORGANIZATION,-0.13550433237105608,0.0547,0.19020433237105608,1
art_067,Trump,PERSON,-0.14081850445430832,0.0547,0.19551850445430832,13
art_067,ACLU,ORGANIZATION,-0.13550433237105608,0.0547,0.19020433237105608,1
art_067,FOX NEWS,ORGANIZATION,-0.1181724575581029,0.0547,0.1728724575581029,2
art_067,ACLU,ORGANIZATION,-0.13550433237105608,0.0547,0.19020433237105608,1
art_067,Executive Director,PERSON,-0.13550433237105608,0.0547,0.19020433237105608,1
art_067,Anthony Romero,PERSON,-0.13550433237105608,0.0547,0.19020433237105608,1
art_067,Supreme Court,ORGANIZATION,-0.00842540416851989,0.0547,0.06312540416851989,4
art_068,China,ORGANIZATION,-0.007802332052960992,0.0036,0.011402332052960991,1
art_068,Supreme Court,ORGANIZATION,-0.001040460541844368,0.0036,0.004640460541844368,3
art_068,China,ORGANIZATION,-0.007802332052960992,0.0036,0.011402332052960991,1
art_068,Trump,PERSON,-0.10601481389021501,0.0036,0.10961481389021502,5
art_068,Solicitor General,PERSON,-0.007802332052960992,0.0036,0.011402332052960991,1
art_068,Trump,PERSON,-0.10601481389021501,0.0036,0.10961481389021502,5
art_068,Trump,PERSON,-0.10601481389021501,0.0036,0.10961481389021502,5
art_068,Supreme Court,ORGANIZATION,-0.001040460541844368,0.0036,0.004640460541844368,3
art_068,Trump,PERSON,-0.10601481389021501,0.0036,0.10961481389021502,5
art_068,Barbara,PERSON,0.008234171429648995,0.0036,0.0046341714296489955,1
art_068,Trump,PERSON,-0.10601481389021501,0.0036,0.10961481389021502,5
art_068,Trump,PERSON,-0.10601481389021501,0.0036,0.10961481389021502,5
art_068,Supreme Court,ORGANIZATION,-0.001040460541844368,0.0036,0.004640460541844368,3
art_069,US Supreme Court,ORGANIZATION,-0.037185896653681993,-0.1154,0.07821410334631801,2
art_069,Trump,PERSON,-0.09771478670336364,-0.1154,0.01768521329663636,8
art_069,Trump,PERSON,-0.09771478670336364,-0.1154,0.01768521329663636,8
art_069,Supreme Court,ORGANIZATION,-0.029910951638157712,-0.1154,0.08548904836184229,4
art_069,US,ORGANIZATION,-0.042511590056598096,-0.1154,0.0728884099434019,21
art_069,President,PERSON,0.004611922248538273,-0.1154,0.12001192224853828,3
art_069,Donald Trump,PERSON,0.020453003700822592,-0.1154,0.1358530037008226,1
art_069,US Supreme Court,ORGANIZATION,-0.037185896653681993,-0.1154,0.07821410334631801,2
art_069,Trump,PERSON,-0.09771478670336364,-0.1154,0.01768521329663636,8
art_069,Republican,ORGANIZATION,-0.009160872548818588,-0.1154,0.10623912745118141,1
art_069,President,PERSON,0.004611922248538273,-0.1154,0.12001192224853828,3
art_069,Justice Department,ORGANIZATION,-0.009160872548818588,-0.1154,0.10623912745118141,1
art_069,Trump,PERSON,-0.09771478670336364,-0.1154,0.01768521329663636,8
art_069,Trump,PERSON,-0.09771478670336364,-0.1154,0.01768521329663636,8
art_069,Supreme Court,ORGANIZATION,-0.029910951638157712,-0.1154,0.08548904836184229,4
art_069,Clare Cushman,PERSON,0.0025436355936108157,-0.1154,0.11794363559361082,1
art_069,Supreme Court Historical Society,ORGANIZATION,0.0025436355936108157,-0.1154,0.11794363559361082,1
art_069,White House,ORGANIZATION,-0.013330775143307013,-0.1154,0.102069224856693,3
art_069,David Warrington,PERSON,-1.6752004739828408e-05,-0.1154,0.11538324799526017,1
art_069,Commerce Secretary,PERSON,-1.6752004739828408e-05,-0.1154,0.11538324799526017,1
art_069,Howard Lutnick,PERSON,-1.6752004739828408e-05,-0.1154,0.11538324799526017,1
art_069,Attorney-General,PERSON,-1.6752004739828408e-05,-0.1154,0.11538324799526017,1
art_069,Pam Bondi,PERSON,-1.6752004739828408e-05,-0.1154,0.11538324799526017,1
art_069,Trump,PERSON,-0.09771478670336364,-0.1154,0.01768521329663636,8
art_069,Solicitor-General,PERSON,0.2648488963022828,-0.1154,0.3802488963022828,1
art_069,Pew Research Center,ORGANIZATION,0.07150252908468246,-0.1154,0.18690252908468247,1
art_069,Trump,PERSON,-0.09771478670336364,-0.1154,0.01768521329663636,8
art_069,Supreme Court,ORGANIZATION,-0.029910951638157712,-0.1154,0.08548904836184229,4
art_069,Trump,PERSON,-0.09771478670336364,-0.1154,0.01768521329663636,8
art_069,Conservative,PERSON,-0.046029201010242105,-0.1154,0.0693707989897579,3
art_069,Chief Justice,PERSON,-0.12876577954739332,-0.1154,0.01336577954739332,1
art_069,John Roberts,PERSON,-0.12876577954739332,-0.1154,0.01336577954739332,1
art_069,Sauer,PERSON,-0.07080333307385445,-0.1154,0.044596666926145556,3
art_069,Justice,PERSON,-0.05129494178849696,-0.1154,0.06410505821150304,11
art_069,Roberts,PERSON,-0.07733447391850252,-0.1154,0.03806552608149748,3
art_069,Sauer,PERSON,-0.07080333307385445,-0.1154,0.044596666926145556,3
art_069,Justice,PERSON,-0.05129494178849696,-0.1154,0.06410505821150304,11
art_069,Roberts,PERSON,-0.07733447391850252,-0.1154,0.03806552608149748,3
art_070,President Donald Trump,PERSON,0.002104225568473339,0.0467,0.04459577443152666,1
art_070,Supreme Court,ORGANIZATION,-0.029857339104637504,0.0467,0.0765573391046375,2
art_070,Trump,PERSON,-0.12422642746770923,0.0467,0.17092642746770922,11
art_070,Solicitor General,PERSON,-0.02804580982774496,0.0467,0.07474580982774495,1
art_070,Trump,PERSON,-0.12422642746770923,0.0467,0.17092642746770922,11
art_070,Trump,PERSON,-0.12422642746770923,0.0467,0.17092642746770922,11
art_070,Supreme Court,ORGANIZATION,-0.029857339104637504,0.0467,0.0765573391046375,2
art_070,Trump,PERSON,-0.12422642746770923,0.0467,0.17092642746770922,11
art_070,Trump,PERSON,-0.12422642746770923,0.0467,0.17092642746770922,11
art_070,Chief Justice,PERSON,-0.036749421153217554,0.0467,0.08344942115321755,1
art_070,John Roberts,PERSON,-0.036749421153217554,0.0467,0.08344942115321755,1
art_070,Trump,PERSON,-0.12422642746770923,0.0467,0.17092642746770922,11
art_070,Sauer,PERSON,-0.031007095479354676,0.0467,0.07770709547935467,9
art_070,Trump,PERSON,-0.12422642746770923,0.0467,0.17092642746770922,11
art_070,Trump,PERSON,-0.12422642746770923,0.0467,0.17092642746770922,11
art_070,Sauer,PERSON,-0.031007095479354676,0.0467,0.07770709547935467,9
art_070,Roberts,PERSON,-0.041466603482452534,0.0467,0.08816660348245253,3
art_070,Sauer,PERSON,-0.031007095479354676,0.0467,0.07770709547935467,9
art_070,Roberts,PERSON,-0.041466603482452534,0.0467,0.08816660348245253,3
art_070,Liberal,PERSON,-0.0653225738205947,0.0467,0.11202257382059469,2
art_070,Justice,PERSON,-0.15524761084088823,0.0467,0.20194761084088822,8
art_070,Elena Kagan,PERSON,-0.13274937320966274,0.0467,0.17944937320966273,1
art_070,Justice,PERSON,-0.15524761084088823,0.0467,0.20194761084088822,8
art_070,Neil Gorsuch,PERSON,-0.019136302056722343,0.0467,0.06583630205672233,1
art_070,Trump,PERSON,-0.12422642746770923,0.0467,0.17092642746770922,11
art_070,Sauer,PERSON,-0.031007095479354676,0.0467,0.07770709547935467,9
art_070,Trump,PERSON,-0.12422642746770923,0.0467,0.17092642746770922,11
art_070,Justice,PERSON,-0.15524761084088823,0.0467,0.20194761084088822,8
art_070,Amy Coney Barrett,PERSON,-0.05811764230020344,0.0467,0.10481764230020343,1
art_070,Trump,PERSON,-0.12422642746770923,0.0467,0.17092642746770922,11
art_070,Sauer,PERSON,-0.031007095479354676,0.0467,0.07770709547935467,9
art_070,Trump,PERSON,-0.12422642746770923,0.0467,0.17092642746770922,11
art_070,Sauer,PERSON,-0.031007095479354676,0.0467,0.07770709547935467,9
art_070,Sauer,PERSON,-0.031007095479354676,0.0467,0.07770709547935467,9
art_070,Gorsuch,PERSON,-0.03710818706895225,0.0467,0.08380818706895224,2
art_070,Kavanaugh,PERSON,0.13622380911450213,0.0467,0.08952380911450214,3
art_070,Trump,PERSON,-0.12422642746770923,0.0467,0.17092642746770922,11
art_070,Gorsuch,PERSON,-0.03710818706895225,0.0467,0.08380818706895224,2
art_070,Brett Kavanaugh,PERSON,-0.05508007208118215,0.0467,0.10178007208118214,1
art_070,Trump,PERSON,-0.12422642746770923,0.0467,0.17092642746770922,11
art_070,Trump,ORGANIZATION,-0.12422642746770923,0.0467,0.17092642746770922,11
art_070,Congress,ORGANIZATION,-0.05158793381997384,0.0467,0.09828793381997383,4
art_070,Congress,ORGANIZATION,-0.05158793381997384,0.0467,0.09828793381997383,4
art_070,Congress,ORGANIZATION,-0.05158793381997384,0.0467,0.09828793381997383,4
art_070,Kavanaugh,PERSON,0.13622380911450213,0.0467,0.08952380911450214,3
art_070,Sauer,PERSON,-0.031007095479354676,0.0467,0.07770709547935467,9
art_070,Congress,ORGANIZATION,-0.05158793381997384,0.0467,0.09828793381997383,4
art_070,Kavanaugh,PERSON,0.13622380911450213,0.0467,0.08952380911450214,3
art_070,American Civil Liberties Union,ORGANIZATION,0.46600860683247447,0.0467,0.41930860683247445,1
art_071,US Supreme Court,ORGANIZATION,-0.092842134879902,-0.0395,0.053342134879902005,1
art_071,Trump,PERSON,-0.02316768939437514,-0.0395,0.016332310605624862,11
art_071,Supreme Court,ORGANIZATION,-0.0434406583517557,-0.0395,0.003940658351755701,2
art_071,President Donald Trump,PERSON,-0.092842134879902,-0.0395,0.053342134879902005,1
art_071,US,ORGANIZATION,-0.053600651961460244,-0.0395,0.014100651961460244,20
art_071,Trump,PERSON,-0.02316768939437514,-0.0395,0.016332310605624862,11
art_071,Republican,ORGANIZATION,-0.07388448994606733,-0.0395,0.03438448994606733,1
art_071,Trump,PERSON,-0.02316768939437514,-0.0395,0.016332310605624862,11
art_071,America,ORGANIZATION,0.4098911574110389,-0.0395,0.44939115741103886,2
art_071,Solicitor General,PERSON,-0.04552535805851221,-0.0395,0.0060253580585122105,1
art_071,John Sauer,PERSON,-0.04552535805851221,-0.0395,0.0060253580585122105,1
art_071,Congress,ORGANIZATION,-0.02053757943212986,-0.0395,0.01896242056787014,2
art_071,Chief Justice,PERSON,-0.011205967282876372,-0.0395,0.028294032717123628,1
art_071,John Roberts,PERSON,-0.011205967282876372,-0.0395,0.028294032717123628,1
art_071,Trump,PERSON,-0.02316768939437514,-0.0395,0.016332310605624862,11
art_071,Roberts,PERSON,-0.02481350168818608,-0.0395,0.014686498311813921,2
art_071,Sauer,PERSON,-0.0170265082269907,-0.0395,0.0224734917730093,3
art_071,Sauer,PERSON,-0.0170265082269907,-0.0395,0.0224734917730093,3
art_071,Americans,PERSON,0.19941475987434387,-0.0395,0.23891475987434388,1
art_071,Justice,PERSON,0.008816479510278441,-0.0395,0.04831647951027844,10
art_071,Elena Kagan,PERSON,-0.05277399579063058,-0.0395,0.013273995790630579,1
art_071,1898 Supreme Court,ORGANIZATION,0.005960818176390603,-0.0395,0.045460818176390604,1
art_071,United States,ORGANIZATION,0.005960818176390603,-0.0395,0.045460818176390604,1
art_071,Wong Kim Ark,PERSON,0.11729013804870192,-0.0395,0.15679013804870193,2
art_071,Cecillia Wang,PERSON,-0.010693119489587843,-0.0395,0.028806880510412157,1
art_071,ACLU,ORGANIZATION,-0.010693119489587843,-0.0395,0.028806880510412157,1
art_071,Trump,PERSON,-0.02316768939437514,-0.0395,0.016332310605624862,11
art_071,Wong Kim,PERSON,0.11729013804870192,-0.0395,0.15679013804870193,2
art_071,Justice,PERSON,0.008816479510278441,-0.0395,0.04831647951027844,10
art_071,Brett Kavanaugh,PERSON,0.22861945792101324,-0.0395,0.2681194579210132,1
art_071,Congress,ORGANIZATION,-0.02053757943212986,-0.0395,0.01896242056787014,2
art_071,Stephen Yale-Loehr,PERSON,0.004450199194252491,-0.0395,0.04395019919425249,1
art_071,Yale-Loehr,PERSON,-0.003688995522679761,-0.0395,0.03581100447732024,2
art_071,Trump,PERSON,-0.02316768939437514,-0.0395,0.016332310605624862,11
art_071,Trump,PERSON,-0.02316768939437514,-0.0395,0.016332310605624862,11
art_071,Trump,PERSON,-0.02316768939437514,-0.0395,0.016332310605624862,11
art_071,Trump,PERSON,-0.02316768939437514,-0.0395,0.016332310605624862,11
art_071,Trump,PERSON,-0.02316768939437514,-0.0395,0.016332310605624862,11
art_071,Trump,PERSON,-0.02316768939437514,-0.0395,0.016332310605624862,11
art_072,Reuters,ORGANIZATION,1.2469747161958367e-05,0.0108,0.010787530252838042,1
art_072,President Donald Trump,PERSON,1.2469747161958367e-05,0.0108,0.010787530252838042,1
art_072,U.S.,ORGANIZATION,-0.09773637769623227,0.0108,0.10853637769623227,7
art_072,Trump,PERSON,-0.10566051672584661,0.0108,0.11646051672584662,9
art_072,Republican,ORGANIZATION,-0.0019799508154392242,0.0108,0.012779950815439225,1
art_072,president,PERSON,-0.005471684220538009,0.0108,0.01627168422053801,3
art_072,Justice Department,ORGANIZATION,-0.0019799508154392242,0.0108,0.012779950815439225,1
art_072,Trump,PERSON,-0.10566051672584661,0.0108,0.11646051672584662,9
art_072,Trump,PERSON,-0.10566051672584661,0.0108,0.11646051672584662,9
art_072,U.S.,ORGANIZATION,-0.09773637769623227,0.0108,0.10853637769623227,7
art_072,Supreme Court,ORGANIZATION,-0.03181973865139298,0.0108,0.042619738651392985,4
art_072,Clare Cushman,PERSON,-0.014447571593336761,0.0108,0.02524757159333676,1
art_072,Supreme Court Historical Society,ORGANIZATION,-0.014447571593336761,0.0108,0.02524757159333676,1
art_072,White House,ORGANIZATION,-0.04796316040058931,0.0108,0.05876316040058931,3
art_072,Counsel,PERSON,0.04014843096956611,0.0108,0.029348430969566106,1
art_072,David Warrington,PERSON,0.04014843096956611,0.0108,0.029348430969566106,1
art_072,Commerce Secretary,PERSON,0.04014843096956611,0.0108,0.029348430969566106,1
art_072,Howard Lutnick,PERSON,0.04014843096956611,0.0108,0.029348430969566106,1
art_072,Attorney General,PERSON,0.04014843096956611,0.0108,0.029348430969566106,1
art_072,Pamela Bondi,PERSON,0.04014843096956611,0.0108,0.029348430969566106,1
art_072,Trump,PERSON,-0.10566051672584661,0.0108,0.11646051672584662,9
art_072,Solicitor General,PERSON,5.692942067980766e-05,0.0108,0.010743070579320193,1
art_072,Sauer,PERSON,0.042223469975094,0.0108,0.031423469975094,3
art_072,Pew Research Center.Trump,ORGANIZATION,-0.010800287127494812,0.0108,0.021600287127494813,1
art_072,United,ORGANIZATION,-0.010997402685461566,0.0108,0.021797402685461566,4
art_072,Trump,PERSON,-0.10566051672584661,0.0108,0.11646051672584662,9
art_072,Supreme Court,ORGANIZATION,-0.03181973865139298,0.0108,0.042619738651392985,4
art_072,Trump,PERSON,-0.10566051672584661,0.0108,0.11646051672584662,9
art_072,Trump,PERSON,-0.10566051672584661,0.0108,0.11646051672584662,9
art_072,Chief Justice,PERSON,0.0034450655803084373,0.0108,0.007354934419691563,1
art_072,John Roberts,PERSON,0.0034450655803084373,0.0108,0.007354934419691563,1
art_072,Sauer,PERSON,0.042223469975094,0.0108,0.031423469975094,3
art_072,Roberts,PERSON,-0.009370876010507345,0.0108,0.020170876010507346,2
art_072,Sauer,PERSON,0.042223469975094,0.0108,0.031423469975094,3
art_072,Roberts,PERSON,-0.009370876010507345,0.0108,0.020170876010507346,2
art_072,Sauer,PERSON,0.042223469975094,0.0108,0.031423469975094,3
art_072,Roberts,PERSON,-0.009370876010507345,0.0108,0.020170876010507346,2
art_072,Sauer,PERSON,0.042223469975094,0.0108,0.031423469975094,3
art_072,1857 Supreme Court,ORGANIZATION,-0.022186817601323128,0.0108,0.03298681760132313,1
art_073,US Supreme Court,ORGANIZATION,-0.005962975439615548,0.01,0.01596297543961555,2
art_073,United States Supreme Court,ORGANIZATION,-0.002323650289326906,0.01,0.012323650289326906,1
art_073,US,ORGANIZATION,-0.012149787831488842,0.01,0.02214978783148884,15
art_073,President,PERSON,-0.015655925031751394,0.01,0.025655925031751396,4
art_073,Donald Trump,PERSON,0.0009292534086853266,0.01,0.009070746591314674,2
art_073,Trump administration,ORGANIZATION,-0.015017126745078713,0.01,0.025017126745078715,2
art_073,Trump,PERSON,-0.05338818202549841,0.01,0.06338818202549841,14
art_073,US Supreme Court,ORGANIZATION,-0.005962975439615548,0.01,0.01596297543961555,2
art_073,US Supreme Court,ORGANIZATION,-0.005962975439615548,0.01,0.01596297543961555,2
art_073,US,ORGANIZATION,-0.012149787831488842,0.01,0.02214978783148884,15
art_073,Trump,PERSON,-0.05338818202549841,0.01,0.06338818202549841,14
art_073,US,ORGANIZATION,-0.012149787831488842,0.01,0.02214978783148884,15
art_073,US,ORGANIZATION,-0.012149787831488842,0.01,0.02214978783148884,15
art_073,President,PERSON,-0.015655925031751394,0.01,0.025655925031751396,4
art_073,Donald Trump,PERSON,0.0009292534086853266,0.01,0.009070746591314674,2
art_073,Trump,PERSON,-0.05338818202549841,0.01,0.06338818202549841,14
art_073,Supreme Court,ORGANIZATION,-0.058217758972508214,0.01,0.06821775897250822,6
art_073,Luis Villaguzman,PERSON,0.010318079323042184,0.01,0.0003180793230421839,1
art_073,League of United Latin American Citizens,ORGANIZATION,0.010318079323042184,0.01,0.0003180793230421839,1
art_073,LULAC,ORGANIZATION,0.010318079323042184,0.01,0.0003180793230421839,1
art_073,Trump,PERSON,-0.05338818202549841,0.01,0.06338818202549841,14
art_073,Supreme Court,ORGANIZATION,-0.058217758972508214,0.01,0.06821775897250822,6
art_073,Trump,PERSON,-0.05338818202549841,0.01,0.06338818202549841,14
art_073,Trump,PERSON,-0.05338818202549841,0.01,0.06338818202549841,14
art_073,Roslyne Shiao,PERSON,-0.005025234189815819,0.01,0.01502523418981582,1
art_073,Trump,PERSON,-0.05338818202549841,0.01,0.06338818202549841,14
art_073,Shiao,PERSON,0.002758915856247768,0.01,0.007241084143752232,2
art_073,Trump,PERSON,-0.05338818202549841,0.01,0.06338818202549841,14
art_073,Pew Research Center,ORGANIZATION,0.015882590552791953,0.01,0.005882590552791953,1
art_073,Trump,PERSON,-0.05338818202549841,0.01,0.06338818202549841,14
art_073,John Eastman,PERSON,0.0017645650077611208,0.01,0.00823543499223888,1
art_073,The New York Times,ORGANIZATION,0.19788680411875248,0.01,0.18788680411875247,1
art_073,Trump,PERSON,-0.05338818202549841,0.01,0.06338818202549841,14
art_073,Stephen Miller,PERSON,-0.10127605497837067,0.01,0.11127605497837066,1
art_073,Trump,PERSON,-0.05338818202549841,0.01,0.06338818202549841,14
art_073,X,ORGANIZATION,-0.029218183486591442,0.01,0.039218183486591444,4
art_073,Supreme Court,ORGANIZATION,-0.058217758972508214,0.01,0.06821775897250822,6
art_073,Solicitor General,PERSON,-0.0010073597659356892,0.01,0.01100735976593569,1
art_073,John Sauer,PERSON,-0.0010073597659356892,0.01,0.01100735976593569,1
art_073,Sauer,PERSON,-0.00019409126252867281,0.01,0.010194091262528673,2
art_074,supreme court,ORGANIZATION,0.14098376699257642,0.0659,0.07508376699257642,2
art_074,Donald Trump,PERSON,-0.04138660058379173,0.0659,0.10728660058379173,1
art_074,president,PERSON,-0.022735516540706158,0.0659,0.08863551654070616,1
art_074,Trump,PERSON,-0.10111786648631096,0.0659,0.16701786648631095,5
art_074,Trump,PERSON,-0.10111786648631096,0.0659,0.16701786648631095,5
art_074,John Roberts,PERSON,-0.07403983362019062,0.0659,0.13993983362019063,1
art_074,Elena Kagan,PERSON,-0.000999961863271892,0.0659,0.06689996186327189,1
art_074,John Sauer,PERSON,-0.000999961863271892,0.0659,0.06689996186327189,1
art_074,Cecillia Wang,PERSON,-0.0016073188744485378,0.0659,0.06750731887444854,1
art_074,American Civil Liberties Union,ORGANIZATION,-0.0016073188744485378,0.0659,0.06750731887444854,1
art_074,Trump,PERSON,-0.10111786648631096,0.0659,0.16701786648631095,5
art_074,Trump,PERSON,-0.10111786648631096,0.0659,0.16701786648631095,5
art_074,Americans,PERSON,0.4305667169392109,0.0659,0.3646667169392109,2
art_074,Americans,PERSON,0.4305667169392109,0.0659,0.3646667169392109,2
art_074,Justice,PERSON,-0.031219900796713773,0.0659,0.09711990079671377,8
art_074,Alito,PERSON,0.008449164296810826,0.0659,0.05745083570318917,3
art_074,Alito,PERSON,0.008449164296810826,0.0659,0.05745083570318917,3
art_074,Wang,PERSON,-0.06472666272020433,0.0659,0.13062666272020435,4
art_074,Alito,PERSON,0.008449164296810826,0.0659,0.05745083570318917,3
art_074,Roberts,PERSON,-0.036787583339901175,0.0659,0.10268758333990118,2
art_074,New York Times,ORGANIZATION,0.0004646669403882697,0.0659,0.06543533305961173,1
art_074,Justice,PERSON,-0.031219900796713773,0.0659,0.09711990079671377,8
art_074,Clarence Thomas,PERSON,-8.781580254435539e-05,0.0659,0.06598781580254436,1
art_074,Sauer,PERSON,-0.013586985354777426,0.0659,0.07948698535477743,2
art_074,Wang,PERSON,-0.06472666272020433,0.0659,0.13062666272020435,4
art_074,Wang,PERSON,-0.06472666272020433,0.0659,0.13062666272020435,4
art_075,US Supreme Court,ORGANIZATION,-0.010557455476373434,-0.0007,0.009857455476373435,1
art_075,Donald Trump,PERSON,-0.010557455476373434,-0.0007,0.009857455476373435,1
art_075,Republican,ORGANIZATION,-0.010557455476373434,-0.0007,0.009857455476373435,1
art_075,Trump,PERSON,-0.018616581219248474,-0.0007,0.017916581219248474,4
art_075,Trump,PERSON,-0.018616581219248474,-0.0007,0.017916581219248474,4
art_075,John Sauer,PERSON,-0.014265744539443403,-0.0007,0.013565744539443404,1
art_075,American Civil Liberties Union,ORGANIZATION,-0.014265744539443403,-0.0007,0.013565744539443404,1
art_075,ACLU,ORGANIZATION,-0.014265744539443403,-0.0007,0.013565744539443404,1
art_075,Cecillia Wang,PERSON,-0.014265744539443403,-0.0007,0.013565744539443404,1
art_075,Trump,PERSON,-0.018616581219248474,-0.0007,0.017916581219248474,4
art_075,White House,ORGANIZATION,-0.004317002778407186,-0.0007,0.003617002778407186,1
art_075,Sauer,PERSON,0.06512637400301173,-0.0007,0.06582637400301174,5
art_075,Sauer,PERSON,0.06512637400301173,-0.0007,0.06582637400301174,5
art_075,Supreme Court,ORGANIZATION,-0.08480204129591584,-0.0007,0.08410204129591584,2
art_075,Chief Justice,PERSON,-0.001962189911864698,-0.0007,0.0012621899118646978,1
art_075,John Roberts,PERSON,-0.001962189911864698,-0.0007,0.0012621899118646978,1
art_075,Sauer,PERSON,0.06512637400301173,-0.0007,0.06582637400301174,5
art_075,Sauer,PERSON,0.06512637400301173,-0.0007,0.06582637400301174,5
art_075,Roberts,PERSON,-0.01277356845093891,-0.0007,0.012073568450938911,2
art_076,US Supreme Court,ORGANIZATION,-0.0001165647991001606,-0.0001,1.6564799100160594e-05,1
art_076,Donald Trump,PERSON,-0.0001165647991001606,-0.0001,1.6564799100160594e-05,1
art_076,Republican,ORGANIZATION,-0.0001165647991001606,-0.0001,1.6564799100160594e-05,1
art_076,Trump,PERSON,-0.15705227036960423,-0.0001,0.15695227036960424,2
art_076,John Sauer,PERSON,-0.0001165647991001606,-0.0001,1.6564799100160594e-05,1
art_076,American Civil Liberties Union,ORGANIZATION,-0.0001165647991001606,-0.0001,1.6564799100160594e-05,1
art_076,ACLU,ORGANIZATION,-0.15705227036960423,-0.0001,0.15695227036960424,2
art_076,Cecillia Wang,PERSON,-0.0001165647991001606,-0.0001,1.6564799100160594e-05,1
art_076,White House,ORGANIZATION,-0.0001165647991001606,-0.0001,1.6564799100160594e-05,1
art_076,Sauer,PERSON,-0.0001165647991001606,-0.0001,1.6564799100160594e-05,1
art_076,Supreme Court,ORGANIZATION,-0.15705227036960423,-0.0001,0.15695227036960424,2
art_076,Justice,PERSON,-0.15705227036960423,-0.0001,0.15695227036960424,2
art_076,John Roberts,PERSON,-0.0001165647991001606,-0.0001,1.6564799100160594e-05,1
art_076,Sauer,PERSON,-0.0001165647991001606,-0.0001,1.6564799100160594e-05,1
art_076,Sauer,PERSON,-0.0001165647991001606,-0.0001,1.6564799100160594e-05,1
art_076,Roberts,PERSON,-0.0001165647991001606,-0.0001,1.6564799100160594e-05,1
art_076,Roberts,PERSON,-0.0001165647991001606,-0.0001,1.6564799100160594e-05,1
art_076,Justice,PERSON,-0.15705227036960423,-0.0001,0.15695227036960424,2
art_076,Brett Kavanaugh,PERSON,-0.0001165647991001606,-0.0001,1.6564799100160594e-05,1
art_076,Sauer,PERSON,-0.0001165647991001606,-0.0001,1.6564799100160594e-05,1
art_076,Kavanaugh,PERSON,-0.0001165647991001606,-0.0001,1.6564799100160594e-05,1
art_076,Wang,PERSON,-0.15705227036960423,-0.0001,0.15695227036960424,2
art_076,ACLU,ORGANIZATION,-0.15705227036960423,-0.0001,0.15695227036960424,2
art_076,Americans,PERSON,-0.3139879759401083,-0.0001,0.3138879759401083,1
art_076,American,PERSON,-0.15705227036960423,-0.0001,0.15695227036960424,2
art_076,Wang,PERSON,-0.15705227036960423,-0.0001,0.15695227036960424,2
art_076,Trump,PERSON,-0.15705227036960423,-0.0001,0.15695227036960424,2
art_076,Congress,ORGANIZATION,-0.3139879759401083,-0.0001,0.3138879759401083,1
art_076,Trump administration,ORGANIZATION,-0.3139879759401083,-0.0001,0.3138879759401083,1
art_076,Supreme Court,ORGANIZATION,-0.15705227036960423,-0.0001,0.15695227036960424,2
art_076,Trump.If,PERSON,-0.3139879759401083,-0.0001,0.3138879759401083,1
art_076,Supreme Court,ORGANIZATION,-0.15705227036960423,-0.0001,0.15695227036960424,2
art_076,Trump,PERSON,-0.15705227036960423,-0.0001,0.15695227036960424,2
art_077,Supreme Court of the United States,ORGANIZATION,-0.0020648593781515956,0.0007,0.0027648593781515957,1
art_077,President Donald Trump,PERSON,-0.0020648593781515956,0.0007,0.0027648593781515957,1
art_077,Trump,PERSON,-0.29826428534844046,0.0007,0.29896428534844044,11
art_077,U.S.A.This,ORGANIZATION,-0.01556789968162775,0.0007,0.01626789968162775,1
art_077,Donald Trump,PERSON,-0.006684046413283795,0.0007,0.007384046413283795,2
art_077,Trump,PERSON,-0.29826428534844046,0.0007,0.29896428534844044,11
art_077,Trump,PERSON,-0.29826428534844046,0.0007,0.29896428534844044,11
art_077,Congress,ORGANIZATION,-0.26199921825900674,0.0007,0.2626992182590067,2
art_077,Trump,PERSON,-0.29826428534844046,0.0007,0.29896428534844044,11
art_077,Trump,PERSON,-0.29826428534844046,0.0007,0.29896428534844044,11
art_077,Trump,PERSON,-0.29826428534844046,0.0007,0.29896428534844044,11
art_077,Trump,PERSON,-0.29826428534844046,0.0007,0.29896428534844044,11
art_077,Trump,PERSON,-0.29826428534844046,0.0007,0.29896428534844044,11
art_077,SC,ORGANIZATION,-0.10705792938824743,0.0007,0.10775792938824744,3
art_077,SC,ORGANIZATION,-0.10705792938824743,0.0007,0.10775792938824744,3
art_078,Trump,PERSON,-0.004619079758413136,0.0069,0.011519079758413136,2
art_078,US Supreme Court,ORGANIZATION,0.0017376959440298378,0.0069,0.005162304055970162,1
art_078,President Donald Trump,PERSON,0.0017376959440298378,0.0069,0.005162304055970162,1
art_078,Trump,PERSON,-0.004619079758413136,0.0069,0.011519079758413136,2
art_078,Republican,ORGANIZATION,0.016663954127579927,0.0069,0.009763954127579928,1
art_078,Supreme Court,ORGANIZATION,-0.0010187623847741634,0.0069,0.007918762384774163,2
art_078,Xinhua,ORGANIZATION,-0.005499879014678299,0.0069,0.0123998790146783,1
art_079,President,PERSON,0.00137720862403512,-0.0052,0.00657720862403512,1
art_079,Donald Trump,PERSON,0.00137720862403512,-0.0052,0.00657720862403512,1
art_079,Friedrich Merz,PERSON,0.00137720862403512,-0.0052,0.00657720862403512,1
art_079,Social Democrat,ORGANIZATION,0.00137720862403512,-0.0052,0.00657720862403512,1
art_079,Chancellor,PERSON,0.00137720862403512,-0.0052,0.00657720862403512,1
art_079,Olaf Scholz,PERSON,0.00137720862403512,-0.0052,0.00657720862403512,1
art_079,Trump,PERSON,-0.09672779465909116,-0.0052,0.09152779465909117,5
art_079,Truth Social,ORGANIZATION,-0.09765398129820824,-0.0052,0.09245398129820824,1
art_079,USA,ORGANIZATION,-0.1250809133052826,-0.0052,0.1198809133052826,1
art_079,GENTLEMAN,PERSON,0.9056025333702564,-0.0052,0.9108025333702564,1
art_079,Germany,ORGANIZATION,0.15244215913116932,-0.0052,0.15764215913116933,4
art_079,Christian Democratic Union,ORGANIZATION,-0.07309900224208832,-0.0052,0.06789900224208832,1
art_079,CDU,ORGANIZATION,-0.09531199175398797,-0.0052,0.09011199175398797,2
art_079,Alternative for Germany,ORGANIZATION,-0.07309900224208832,-0.0052,0.06789900224208832,1
art_079,AfD,ORGANIZATION,-0.1881249190773815,-0.0052,0.18292491907738148,5
art_079,TRUMP,PERSON,-0.09672779465909116,-0.0052,0.09152779465909117,5
art_079,RUSSIA,ORGANIZATION,-0.3621015341486782,-0.0052,0.3569015341486782,1
art_079,CDU,ORGANIZATION,-0.09531199175398797,-0.0052,0.09011199175398797,2
art_079,Merz,PERSON,-0.040180880401749164,-0.0052,0.03498088040174917,4
art_079,Scholz,PERSON,-0.05807388632092625,-0.0052,0.05287388632092625,2
art_079,AfD,ORGANIZATION,-0.1881249190773815,-0.0052,0.18292491907738148,5
art_079,Merz,PERSON,-0.040180880401749164,-0.0052,0.03498088040174917,4
art_079,AfD,ORGANIZATION,-0.1881249190773815,-0.0052,0.18292491907738148,5
art_079,Merz,PERSON,-0.040180880401749164,-0.0052,0.03498088040174917,4
art_079,AfD,ORGANIZATION,-0.1881249190773815,-0.0052,0.18292491907738148,5
art_079,AfD,ORGANIZATION,-0.1881249190773815,-0.0052,0.18292491907738148,5
art_079,FOX NEWS,ORGANIZATION,0.004570981167489663,-0.0052,0.009770981167489663,1
art_079,Trump,PERSON,-0.09672779465909116,-0.0052,0.09152779465909117,5
art_079,Elon Musk,PERSON,0.006595715720322914,-0.0052,0.011795715720322914,2
art_079,Alice Weidel,PERSON,0.004570981167489663,-0.0052,0.009770981167489663,1
art_079,Tino Chrupalla,PERSON,0.004570981167489663,-0.0052,0.009770981167489663,1
art_080,U.S.,PERSON,0.0003873711102642119,-0.0294,0.02978737111026421,1
art_080,Vice-President,PERSON,9.606711319065653e-05,-0.0294,0.029496067113190656,1
art_080,Alternative for Germany,ORGANIZATION,-0.18451927765272558,-0.0294,0.15511927765272557,1
art_080,AfD,ORGANIZATION,-0.06304116345321138,-0.0294,0.03364116345321139,3
art_080,Vance,PERSON,-0.122323393530678,-0.0294,0.09292339353067801,2
art_080,Germany,ORGANIZATION,-0.01996922225225717,-0.0294,0.00943077774774283,3
art_080,AfD,ORGANIZATION,-0.06304116345321138,-0.0294,0.03364116345321139,3
art_080,Christian Democratic Union,ORGANIZATION,-0.0023331118281930685,-0.0294,0.02706688817180693,1
art_080,CDU,ORGANIZATION,-0.0023331118281930685,-0.0294,0.02706688817180693,1
art_080,Social Democratic Party,ORGANIZATION,-0.0023331118281930685,-0.0294,0.02706688817180693,1
art_080,SPD,ORGANIZATION,-0.0023331118281930685,-0.0294,0.02706688817180693,1
art_080,Germany,ORGANIZATION,-0.01996922225225717,-0.0294,0.00943077774774283,3
art_080,Europe,ORGANIZATION,0.00010992132592946291,-0.0294,0.029509921325929462,2
art_080,AfD,ORGANIZATION,-0.06304116345321138,-0.0294,0.03364116345321139,3
art_081,US,ORGANIZATION,-0.03159036673605442,0.0149,0.04649036673605442,2
art_081,President,PERSON,0.01488405466079712,0.0149,1.594533920288091e-05,1
art_081,Donald Trump.Frontrunner,PERSON,0.01488405466079712,0.0149,1.594533920288091e-05,1
art_081,Friedrich Merz,PERSON,0.01488405466079712,0.0149,1.594533920288091e-05,1
art_081,Alternative for Germany,ORGANIZATION,0.01488405466079712,0.0149,1.594533920288091e-05,1
art_081,AfD,ORGANIZATION,0.039439686884482704,0.0149,0.024539686884482704,3
art_081,Chancellor,PERSON,0.01488405466079712,0.0149,1.594533920288091e-05,1
art_081,Olaf Scholz,PERSON,0.01488405466079712,0.0149,1.594533920288091e-05,1
art_081,CDU,ORGANIZATION,0.01488405466079712,0.0149,1.594533920288091e-05,1
art_081,European Union,ORGANIZATION,0.01488405466079712,0.0149,1.594533920288091e-05,1
art_081,Trump,PERSON,-0.03159036673605442,0.0149,0.04649036673605442,2
art_081,President,PERSON,0.01488405466079712,0.0149,1.594533920288091e-05,1
art_081,Vladimir Putin,PERSON,0.01488405466079712,0.0149,1.594533920288091e-05,1
art_081,NATO,ORGANIZATION,0.01488405466079712,0.0149,1.594533920288091e-05,1
art_081,US,ORGANIZATION,-0.03159036673605442,0.0149,0.04649036673605442,2
art_081,Merz,PERSON,-0.03159036673605442,0.0149,0.04649036673605442,2
art_081,AfD,ORGANIZATION,0.039439686884482704,0.0149,0.024539686884482704,3
art_081,Trump,PERSON,-0.03159036673605442,0.0149,0.04649036673605442,2
art_081,Elon Musk,PERSON,0.01488405466079712,0.0149,1.594533920288091e-05,1
art_081,Merz,PERSON,-0.03159036673605442,0.0149,0.04649036673605442,2
art_081,CDU/CSU,ORGANIZATION,0.01488405466079712,0.0149,1.594533920288091e-05,1
art_081,Europe,ORGANIZATION,0.01488405466079712,0.0149,1.594533920288091e-05,1
art_081,Merz,PERSON,-0.03159036673605442,0.0149,0.04649036673605442,2
art_081,Germany,ORGANIZATION,-0.03159036673605442,0.0149,0.04649036673605442,2
art_081,Trump,PERSON,-0.03159036673605442,0.0149,0.04649036673605442,2
art_081,Germany,ORGANIZATION,-0.03159036673605442,0.0149,0.04649036673605442,2
art_081,Merz,PERSON,-0.03159036673605442,0.0149,0.04649036673605442,2
art_081,Germans,PERSON,-0.03159036673605442,0.0149,0.04649036673605442,2
art_081,Sylvia Otto,PERSON,0.01488405466079712,0.0149,1.594533920288091e-05,1
art_081,AfD,ORGANIZATION,0.039439686884482704,0.0149,0.024539686884482704,3
art_081,Alice Weidel,PERSON,0.18149979412555695,0.0149,0.16659979412555695,1
art_081,AfD,ORGANIZATION,0.039439686884482704,0.0149,0.024539686884482704,3
art_081,Scholz,PERSON,-0.03159036673605442,0.0149,0.04649036673605442,2
art_081,Trump,PERSON,-0.03159036673605442,0.0149,0.04649036673605442,2
art_081,SPD,ORGANIZATION,-0.07806478813290596,0.0149,0.09296478813290596,1
art_081,Greens,ORGANIZATION,-0.07806478813290596,0.0149,0.09296478813290596,1
art_081,FDP,ORGANIZATION,-0.07806478813290596,0.0149,0.09296478813290596,1
art_081,SPD,ORGANIZATION,-0.07806478813290596,0.0149,0.09296478813290596,1
art_081,Scholz,PERSON,-0.03159036673605442,0.0149,0.04649036673605442,2
art_081,Germany,ORGANIZATION,-0.03159036673605442,0.0149,0.04649036673605442,2
art_081,Ukraine,ORGANIZATION,-0.03159036673605442,0.0149,0.04649036673605442,2
art_081,AfD,ORGANIZATION,0.039439686884482704,0.0149,0.024539686884482704,3
art_081,AfD,ORGANIZATION,0.039439686884482704,0.0149,0.024539686884482704,3
art_081,Germany,ORGANIZATION,-0.03159036673605442,0.0149,0.04649036673605442,2
art_081,Jews,PERSON,-0.07806478813290596,0.0149,0.09296478813290596,1
art_081,Merz,ORGANIZATION,-0.03159036673605442,0.0149,0.04649036673605442,2
art_081,AfD,ORGANIZATION,0.039439686884482704,0.0149,0.024539686884482704,3
art_081,Germans,PERSON,-0.03159036673605442,0.0149,0.04649036673605442,2
art_082,AfD,ORGANIZATION,-0.12515798199456185,-0.0612,0.06395798199456185,14
art_082,Alternative for Germany,ORGANIZATION,-0.13560121424961835,-0.0612,0.07440121424961835,1
art_082,AfD,ORGANIZATION,-0.12515798199456185,-0.0612,0.06395798199456185,14
art_082,Communist,ORGANIZATION,-0.13560121424961835,-0.0612,0.07440121424961835,1
art_082,AfD,ORGANIZATION,-0.12515798199456185,-0.0612,0.06395798199456185,14
art_082,Frank Iffert,PERSON,-0.02799300104379654,-0.0612,0.03320699895620346,1
art_082,AfD,ORGANIZATION,-0.12515798199456185,-0.0612,0.06395798199456185,14
art_082,Germany,ORGANIZATION,-0.05821697485710805,-0.0612,0.0029830251428919485,9
art_082,Angela Merkel,PERSON,-0.06777338357642293,-0.0612,0.006573383576422932,1
art_082,AfD,ORGANIZATION,-0.12515798199456185,-0.0612,0.06395798199456185,14
art_082,AfD,ORGANIZATION,-0.12515798199456185,-0.0612,0.06395798199456185,14
art_082,AfD,ORGANIZATION,-0.12515798199456185,-0.0612,0.06395798199456185,14
art_082,Germany,ORGANIZATION,-0.05821697485710805,-0.0612,0.0029830251428919485,9
art_082,AfD,ORGANIZATION,-0.12515798199456185,-0.0612,0.06395798199456185,14
art_082,Enrico Schulz,PERSON,0.0008917508530430496,-0.0612,0.06209175085304305,1
art_082,chancellor,PERSON,-0.03344081636168994,-0.0612,0.027759183638310057,2
art_082,Helmut) Kohl,PERSON,0.0008917508530430496,-0.0612,0.06209175085304305,1
art_082,Germany,ORGANIZATION,-0.05821697485710805,-0.0612,0.0029830251428919485,9
art_082,Kohl,PERSON,-0.3665790614031721,-0.0612,0.3053790614031721,2
art_082,Christian Democratic Union,ORGANIZATION,-0.7340498736593872,-0.0612,0.6728498736593872,1
art_082,CDU,ORGANIZATION,-0.7340498736593872,-0.0612,0.6728498736593872,1
art_082,AfD,ORGANIZATION,-0.12515798199456185,-0.0612,0.06395798199456185,14
art_082,Schulz,PERSON,-0.14309471666638274,-0.0612,0.08189471666638273,4
art_082,Germany,ORGANIZATION,-0.05821697485710805,-0.0612,0.0029830251428919485,9
art_082,AfD,ORGANIZATION,-0.12515798199456185,-0.0612,0.06395798199456185,14
art_082,Jenny Luedcke,PERSON,-0.10344860702753067,-0.0612,0.04224860702753067,1
art_082,AfD,ORGANIZATION,-0.12515798199456185,-0.0612,0.06395798199456185,14
art_082,AfD,ORGANIZATION,-0.12515798199456185,-0.0612,0.06395798199456185,14
art_082,Schulz,PERSON,-0.14309471666638274,-0.0612,0.08189471666638273,4
art_082,Facebook,ORGANIZATION,-0.006565527059137821,-0.0612,0.054634472940862176,1
art_082,Manuel Steiof,PERSON,0.005263912491500378,-0.0612,0.06646391249150038,1
art_082,AfD,ORGANIZATION,-0.12515798199456185,-0.0612,0.06395798199456185,14
art_082,Hoechst,ORGANIZATION,-0.10536331869661808,-0.0612,0.04416331869661808,2
art_082,Sanofi-Aventis,ORGANIZATION,-0.2756094681099057,-0.0612,0.21440946810990572,1
art_082,Merkel,PERSON,-0.112008783199902,-0.0612,0.050808783199902,3
art_082,AfD,ORGANIZATION,-0.12515798199456185,-0.0612,0.06395798199456185,14
art_082,Dr,PERSON,-0.15042424644343555,-0.0612,0.08922424644343555,2
art_082,Merkel,PERSON,-0.112008783199902,-0.0612,0.050808783199902,3
art_082,Japan,ORGANIZATION,-0.25394433131441474,-0.0612,0.19274433131441474,1
art_082,AfD,ORGANIZATION,-0.12515798199456185,-0.0612,0.06395798199456185,14
art_082,Schulz,PERSON,-0.14309471666638274,-0.0612,0.08189471666638273,4
art_082,Merkel,PERSON,-0.112008783199902,-0.0612,0.050808783199902,3
art_082,EU,ORGANIZATION,0.01699246504722396,-0.0612,0.07819246504722396,4
art_082,European Union,ORGANIZATION,-0.01430863470886834,-0.0612,0.04689136529113166,1
art_082,UK,ORGANIZATION,-0.13412648301164154,-0.0612,0.07292648301164154,2
art_082,Karin Stieff-Kuhn,PERSON,-0.02125296334270388,-0.0612,0.03994703665729612,1
art_083,Germany,ORGANIZATION,0.015125257428735495,0.0329,0.017774742571264504,1
art_083,AfD,ORGANIZATION,-0.025229731807485223,0.0329,0.05812973180748522,2
art_083,Friedrich Merz,PERSON,0.015125257428735495,0.0329,0.017774742571264504,1
art_083,Germany,ORGANIZATION,0.015125257428735495,0.0329,0.017774742571264504,1
art_083,Germany,ORGANIZATION,0.015125257428735495,0.0329,0.017774742571264504,1
art_083,Alternative for Germany,ORGANIZATION,0.015125257428735495,0.0329,0.017774742571264504,1
art_083,AfD,ORGANIZATION,-0.025229731807485223,0.0329,0.05812973180748522,2
art_083,Friedrich Merz,PERSON,0.015125257428735495,0.0329,0.017774742571264504,1
art_083,Merz,PERSON,-0.014891657570842654,0.0329,0.04779165757084265,4
art_083,Russia,ORGANIZATION,0.0038982790429145098,0.0329,0.02900172095708549,2
art_083,China,ORGANIZATION,0.012889581266790628,0.0329,0.02001041873320937,1
art_083,Olaf Scholz,PERSON,-0.08248844579793513,0.0329,0.11538844579793513,1
art_083,Merz,PERSON,-0.014891657570842654,0.0329,0.04779165757084265,4
art_083,AfD,ORGANIZATION,-0.025229731807485223,0.0329,0.05812973180748522,2
art_083,Elon Musk,PERSON,-0.06558472104370594,0.0329,0.09848472104370594,1
art_083,Merz,PERSON,-0.014891657570842654,0.0329,0.04779165757084265,4
art_083,Russia,ORGANIZATION,0.0038982790429145098,0.0329,0.02900172095708549,2
art_084,Reuters,ORGANIZATION,0.001963998656719923,-0.0202,0.022163998656719922,1
art_084,Alternative for Germany,ORGANIZATION,0.001963998656719923,-0.0202,0.022163998656719922,1
art_084,Germans,PERSON,0.001963998656719923,-0.0202,0.022163998656719922,1
art_084,AfD,ORGANIZATION,-0.05886840634047985,-0.0202,0.038668406340479855,3
art_084,Alice Weidel,PERSON,-0.09048141911625862,-0.0202,0.07028141911625863,1
art_084,Weidel,PERSON,-0.0765953657682985,-0.0202,0.05639536576829851,2
art_084,AfD,ORGANIZATION,-0.05886840634047985,-0.0202,0.038668406340479855,3
art_084,White House,ORGANIZATION,0.7062543935608119,-0.0202,0.7264543935608119,1
art_084,Donald Trump,PERSON,0.7062543935608119,-0.0202,0.7264543935608119,1
art_084,Elon Musk,PERSON,0.7062543935608119,-0.0202,0.7264543935608119,1
art_084,Gilbert Kalb,PERSON,-0.05226037837564945,-0.0202,0.032060378375649456,1
art_084,AfD,ORGANIZATION,-0.05886840634047985,-0.0202,0.038668406340479855,3
art_084,AfD,ORGANIZATION,-0.05886840634047985,-0.0202,0.038668406340479855,3
art_084,AfD,ORGANIZATION,-0.05886840634047985,-0.0202,0.038668406340479855,3
art_084,Germany,ORGANIZATION,-0.002554510564853748,-0.0202,0.017645489435146253,3
art_084,European Union,ORGANIZATION,-0.03386342152953148,-0.0202,0.01366342152953148,1
art_084,Ukraine,ORGANIZATION,-0.03386342152953148,-0.0202,0.01366342152953148,1
art_084,Russia.One,ORGANIZATION,-0.03386342152953148,-0.0202,0.01366342152953148,1
art_084,Bjoern Hoecke,PERSON,-0.03386342152953148,-0.0202,0.01366342152953148,1
art_084,Adolf Hitler,PERSON,-0.03386342152953148,-0.0202,0.01366342152953148,1
art_084,Nazis,ORGANIZATION,-0.004813765175640583,-0.0202,0.015386234824359416,2
art_084,Alexander Gauland,PERSON,0.024235891178250313,-0.0202,0.04443589117825031,1
art_084,Nazis',ORGANIZATION,0.024235891178250313,-0.0202,0.04443589117825031,1
art_084,Jews,PERSON,0.024235891178250313,-0.0202,0.04443589117825031,1
art_084,Hoecke,PERSON,-0.004813765175640583,-0.0202,0.015386234824359416,2
art_084,Chancellor,PERSON,0.024235891178250313,-0.0202,0.04443589117825031,1
art_084,Angela Merkel,PERSON,0.024235891178250313,-0.0202,0.04443589117825031,1
art_084,Marine Le Pen,PERSON,0.024235891178250313,-0.0202,0.04443589117825031,1
art_084,Europeans,PERSON,0.024235891178250313,-0.0202,0.04443589117825031,1
art_084,Nazi,ORGANIZATION,-0.004813765175640583,-0.0202,0.015386234824359416,2
art_084,Russia,ORGANIZATION,-0.002554510564853748,-0.0202,0.017645489435146253,3
art_084,China,ORGANIZATION,-0.01923671062104404,-0.0202,0.0009632893789559595,2
art_084,European Parliament,ORGANIZATION,0.024235891178250313,-0.0202,0.04443589117825031,1
art_084,Petr Bystron,PERSON,0.024235891178250313,-0.0202,0.04443589117825031,1
art_084,Maximilian Krah,PERSON,-0.06270931242033839,-0.0202,0.042509312420338397,1
art_084,Weidel,PERSON,-0.0765953657682985,-0.0202,0.05639536576829851,2
art_084,Viktor Orban,PERSON,-0.06270931242033839,-0.0202,0.042509312420338397,1
art_084,Deputy Prime Minister,PERSON,-0.06270931242033839,-0.0202,0.042509312420338397,1
art_084,Matteo Salvini,PERSON,-0.06270931242033839,-0.0202,0.042509312420338397,1
art_084,Geert Wilders,PERSON,-0.06270931242033839,-0.0202,0.042509312420338397,1
art_085,Alternative for Germany,ORGANIZATION,0.1448763085063547,-0.0345,0.1793763085063547,1
art_085,AfD,ORGANIZATION,-0.02544639724267957,-0.0345,0.009053602757320433,18
art_085,Brandmauer,PERSON,-0.035909729078412056,-0.0345,0.001409729078412053,2
art_085,AfD,ORGANIZATION,-0.02544639724267957,-0.0345,0.009053602757320433,18
art_085,Tino Chrupalla,PERSON,-0.002848006784915924,-0.0345,0.03165199321508408,2
art_085,Germany,ORGANIZATION,-0.0038832980673760174,-0.0345,0.030616701932623985,5
art_085,AfD,ORGANIZATION,-0.02544639724267957,-0.0345,0.009053602757320433,18
art_085,Friedrich Merz,PERSON,0.008097439887933433,-0.0345,0.042597439887933436,2
art_085,AfD,ORGANIZATION,-0.02544639724267957,-0.0345,0.009053602757320433,18
art_085,AfD,ORGANIZATION,-0.02544639724267957,-0.0345,0.009053602757320433,18
art_085,AfD,ORGANIZATION,-0.02544639724267957,-0.0345,0.009053602757320433,18
art_085,East Germans,PERSON,0.010623432695865631,-0.0345,0.045123432695865634,1
art_085,Tino Chrupalla,PERSON,-0.002848006784915924,-0.0345,0.03165199321508408,2
art_085,Friedrich Merz,PERSON,0.008097439887933433,-0.0345,0.042597439887933436,2
art_085,Social Democrats,ORGANIZATION,0.010806837817654014,-0.0345,0.045306837817654017,1
art_085,AfD,ORGANIZATION,-0.02544639724267957,-0.0345,0.009053602757320433,18
art_085,Merz,PERSON,-0.037313473818358034,-0.0345,0.002813473818358031,4
art_085,Infratest dimap,ORGANIZATION,-0.13048146665096283,-0.0345,0.09598146665096283,1
art_085,Germany,ORGANIZATION,-0.0038832980673760174,-0.0345,0.030616701932623985,5
art_085,AfD,ORGANIZATION,-0.02544639724267957,-0.0345,0.009053602757320433,18
art_085,AfD,ORGANIZATION,-0.02544639724267957,-0.0345,0.009053602757320433,18
art_085,Christian Democrats,ORGANIZATION,-0.19037556648254395,-0.0345,0.15587556648254394,1
art_085,Merz,PERSON,-0.037313473818358034,-0.0345,0.002813473818358031,4
art_085,AfD,ORGANIZATION,-0.02544639724267957,-0.0345,0.009053602757320433,18
art_085,AfD,ORGANIZATION,-0.02544639724267957,-0.0345,0.009053602757320433,18
art_085,AfD,ORGANIZATION,-0.02544639724267957,-0.0345,0.009053602757320433,18
art_085,TikTok,ORGANIZATION,-0.05372266750782728,-0.0345,0.01922266750782728,1
art_085,Celina Brychcy,PERSON,-0.05372266750782728,-0.0345,0.01922266750782728,1
art_085,Brandmauer,PERSON,-0.035909729078412056,-0.0345,0.001409729078412053,2
art_085,Dominic,PERSON,-0.05550001189112663,-0.0345,0.02100001189112663,1
art_085,AfD,ORGANIZATION,-0.02544639724267957,-0.0345,0.009053602757320433,18
art_085,AfD,ORGANIZATION,-0.02544639724267957,-0.0345,0.009053602757320433,18
art_085,Trump,PERSON,-0.0753706842660904,-0.0345,0.04087068426609039,1
art_085,administration,ORGANIZATION,-0.0753706842660904,-0.0345,0.04087068426609039,1
art_085,US,ORGANIZATION,-0.17081806938707209,-0.0345,0.13631806938707208,6
art_085,Vice-President,PERSON,-0.0753706842660904,-0.0345,0.04087068426609039,1
art_085,JD Vance,PERSON,-0.0753706842660904,-0.0345,0.04087068426609039,1
art_085,Elon Musk,PERSON,-0.0753706842660904,-0.0345,0.04087068426609039,1
art_085,AfD,ORGANIZATION,-0.02544639724267957,-0.0345,0.009053602757320433,18
art_085,CDU,ORGANIZATION,-0.016444285109173506,-0.0345,0.018055714890826496,2
art_085,German TV,ORGANIZATION,0.02126850886270404,-0.0345,0.05576850886270404,1
art_085,Harsh,ORGANIZATION,0.02126850886270404,-0.0345,0.05576850886270404,1
art_085,Mirko Geissler,PERSON,0.02126850886270404,-0.0345,0.05576850886270404,1
art_085,AfD,ORGANIZATION,-0.02544639724267957,-0.0345,0.009053602757320433,18
art_085,Liane Bach,PERSON,-0.0038956065545789897,-0.0345,0.030604393445421013,1
art_085,AfD,ORGANIZATION,-0.02544639724267957,-0.0345,0.009053602757320433,18
art_085,CDU,ORGANIZATION,-0.016444285109173506,-0.0345,0.018055714890826496,2
art_085,Phillip Amthor,PERSON,-0.06043890956789255,-0.0345,0.02593890956789255,1
art_085,democratic,ORGANIZATION,-0.06043890956789255,-0.0345,0.02593890956789255,1
art_085,AfD,ORGANIZATION,-0.02544639724267957,-0.0345,0.009053602757320433,18
art_085,AfD,ORGANIZATION,-0.02544639724267957,-0.0345,0.009053602757320433,18
art_085,AfD,ORGANIZATION,-0.02544639724267957,-0.0345,0.009053602757320433,18
art_085,Prof,PERSON,-0.07872871775180101,-0.0345,0.04422871775180101,1
art_085,Conrad Ziller,PERSON,-0.07872871775180101,-0.0345,0.04422871775180101,1
art_085,University of Duisburg-Essen,ORGANIZATION,-0.07872871775180101,-0.0345,0.04422871775180101,1
art_086,Germany,ORGANIZATION,0.26995081760105677,0.0178,0.2521508176010568,4
art_086,Friedrich Merz,PERSON,0.04373840754851699,0.0178,0.02593840754851699,1
art_086,AfD,ORGANIZATION,-0.011977365706115961,0.0178,0.02977736570611596,4
art_086,Merz,PERSON,0.10334591616669463,0.0178,0.08554591616669463,9
art_086,US,ORGANIZATION,0.2873204347852152,0.0178,0.2695204347852152,4
art_086,President,PERSON,0.2594541730650235,0.0178,0.2416541730650235,4
art_086,Donald Trump,PERSON,-0.019203613454010338,0.0178,0.037003613454010334,2
art_086,Trump,PERSON,-0.140272118547,0.0178,0.158072118547,5
art_086,NATO,ORGANIZATION,0.254783341253642,0.0178,0.23698334125364198,2
art_086,Europe,ORGANIZATION,0.2594194710572166,0.0178,0.24161947105721657,11
art_086,Merz,PERSON,0.10334591616669463,0.0178,0.08554591616669463,9
art_086,CDU/CSU,ORGANIZATION,0.010642885696142912,0.0178,0.007157114303857088,2
art_086,Social Democrats,ORGANIZATION,-0.007435061037540436,0.0178,0.025235061037540436,1
art_086,SPD,ORGANIZATION,-0.02112123928964138,0.0178,0.03892123928964138,2
art_086,Chancellor,PERSON,-0.0010575089254416525,0.0178,0.018857508925441652,4
art_086,Olaf Scholz,PERSON,-0.007435061037540436,0.0178,0.025235061037540436,1
art_086,Alternative for Germany,ORGANIZATION,-0.03623125143349171,0.0178,0.0540312514334917,1
art_086,AfD,ORGANIZATION,-0.011977365706115961,0.0178,0.02977736570611596,4
art_086,Merz,PERSON,0.10334591616669463,0.0178,0.08554591616669463,9
art_086,Angela Merkel,PERSON,-0.04060493572615087,0.0178,0.05840493572615087,1
art_086,AfD,ORGANIZATION,-0.011977365706115961,0.0178,0.02977736570611596,4
art_086,Nazi,ORGANIZATION,0.06596275418996811,0.0178,0.04816275418996811,1
art_086,AfD,ORGANIZATION,-0.011977365706115961,0.0178,0.02977736570611596,4
art_086,Trump,PERSON,-0.140272118547,0.0178,0.158072118547,5
art_086,Alice Weidel,PERSON,0.02872083242982626,0.0178,0.01092083242982626,1
art_086,CDU/CSU,ORGANIZATION,0.010642885696142912,0.0178,0.007157114303857088,2
art_086,Merz,PERSON,0.10334591616669463,0.0178,0.08554591616669463,9
art_086,Scholz,PERSON,-0.014056975021958351,0.0178,0.03185697502195835,3
art_086,Berlin,ORGANIZATION,-0.5145296317059547,0.0178,0.5323296317059547,1
art_086,Trump administration,ORGANIZATION,-0.5145296317059547,0.0178,0.5323296317059547,1
art_086,Trump,PERSON,-0.140272118547,0.0178,0.158072118547,5
art_086,President Vladimir Putin,PERSON,-0.027044360991567373,0.0178,0.04484436099156737,1
art_086,Donald Trump,PERSON,-0.019203613454010338,0.0178,0.037003613454010334,2
art_086,Americans,PERSON,-0.03097216587048024,0.0178,0.048772165870480236,1
art_086,Merz,PERSON,0.10334591616669463,0.0178,0.08554591616669463,9
art_086,Europe,ORGANIZATION,0.2594194710572166,0.0178,0.24161947105721657,11
art_086,USA,ORGANIZATION,0.8491894475882873,0.0178,0.8313894475882873,1
art_086,Merz,PERSON,0.10334591616669463,0.0178,0.08554591616669463,9
art_086,SPD,ORGANIZATION,-0.02112123928964138,0.0178,0.03892123928964138,2
art_086,Scholz,PERSON,-0.014056975021958351,0.0178,0.03185697502195835,3
art_086,Merz,PERSON,0.10334591616669463,0.0178,0.08554591616669463,9
art_086,Greens,ORGANIZATION,-0.02036663517355919,0.0178,0.038166635173559185,1
art_086,CDU,ORGANIZATION,0.000306378739575545,0.0178,0.017493621260424454,3
art_086,CSU,ORGANIZATION,0.000306378739575545,0.0178,0.017493621260424454,3
art_086,Merz,PERSON,0.10334591616669463,0.0178,0.08554591616669463,9
art_086,President,PERSON,0.2594541730650235,0.0178,0.2416541730650235,4
art_086,Emmanuel Macron,PERSON,0.3600246710702777,0.0178,0.3422246710702777,1
art_086,France,ORGANIZATION,0.3600246710702777,0.0178,0.3422246710702777,1
art_086,Germany,ORGANIZATION,0.26995081760105677,0.0178,0.2521508176010568,4
art_086,Europe,ORGANIZATION,0.2594194710572166,0.0178,0.24161947105721657,11
art_086,Macron,PERSON,0.3600246710702777,0.0178,0.3422246710702777,1
art_086,President,PERSON,0.2594541730650235,0.0178,0.2416541730650235,4
art_086,Volodymyr Zelensky,PERSON,0.7122714432189241,0.0178,0.6944714432189241,1
art_086,Germany,ORGANIZATION,0.26995081760105677,0.0178,0.2521508176010568,4
art_086,Europe,ORGANIZATION,0.2594194710572166,0.0178,0.24161947105721657,11
art_086,Germany,ORGANIZATION,0.26995081760105677,0.0178,0.2521508176010568,4
art_086,Ukraine,ORGANIZATION,0.056899150173800685,0.0178,0.03909915017380068,3
art_086,Europe,ORGANIZATION,0.2594194710572166,0.0178,0.24161947105721657,11
art_086,Zelensky,PERSON,0.7122714432189241,0.0178,0.6944714432189241,1
art_086,Europe,ORGANIZATION,0.2594194710572166,0.0178,0.24161947105721657,11
art_086,Europe,ORGANIZATION,0.2594194710572166,0.0178,0.24161947105721657,11
art_086,Europe,ORGANIZATION,0.2594194710572166,0.0178,0.24161947105721657,11
art_086,NATO,ORGANIZATION,0.254783341253642,0.0178,0.23698334125364198,2
art_086,chief,PERSON,0.5170017435448244,0.0178,0.49920174354482444,1
art_086,Mark Rutte,PERSON,0.5170017435448244,0.0178,0.49920174354482444,1
art_086,Europe,ORGANIZATION,0.2594194710572166,0.0178,0.24161947105721657,11
art_086,X,ORGANIZATION,0.3785742974607274,0.0178,0.3607742974607274,5
art_086,Twitter,ORGANIZATION,0.5170017435448244,0.0178,0.49920174354482444,1
art_086,Prime Minister,PERSON,0.6604648287175223,0.0178,0.6426648287175223,1
art_086,Keir Starmer,PERSON,0.6604648287175223,0.0178,0.6426648287175223,1
art_086,Merz,ORGANIZATION,0.10334591616669463,0.0178,0.08554591616669463,9
art_086,Starmer,PERSON,0.6604648287175223,0.0178,0.6426648287175223,1
art_086,"X.""",PERSON,0.6604648287175223,0.0178,0.6426648287175223,1
art_086,Merz,PERSON,0.10334591616669463,0.0178,0.08554591616669463,9
art_086,Europe,ORGANIZATION,0.2594194710572166,0.0178,0.24161947105721657,11
art_087,Germany,ORGANIZATION,-0.038392596133053306,0.0354,0.0737925961330533,10
art_087,Alternative for Germany,ORGANIZATION,0.015156079083681107,0.0354,0.020243920916318894,1
art_087,AfD,ORGANIZATION,-0.009219198444043286,0.0354,0.04461919844404329,12
art_087,AfD,ORGANIZATION,-0.009219198444043286,0.0354,0.04461919844404329,12
art_087,Bundestag,ORGANIZATION,0.0212103514932096,0.0354,0.0141896485067904,2
art_087,AfD,ORGANIZATION,-0.009219198444043286,0.0354,0.04461919844404329,12
art_087,US,ORGANIZATION,0.08068077716355522,0.0354,0.04528077716355522,9
art_087,AfD,ORGANIZATION,-0.009219198444043286,0.0354,0.04461919844404329,12
art_087,Alice Weidel,PERSON,0.09235758427530527,0.0354,0.05695758427530527,1
art_087,Christian Democratic Union,ORGANIZATION,-0.001338454196229577,0.0354,0.03673845419622958,1
art_087,CDU,ORGANIZATION,-0.001338454196229577,0.0354,0.03673845419622958,1
art_087,Germany,ORGANIZATION,-0.038392596133053306,0.0354,0.0737925961330533,10
art_087,Friedrich Merz,PERSON,-0.001338454196229577,0.0354,0.03673845419622958,1
art_087,US,ORGANIZATION,0.08068077716355522,0.0354,0.04528077716355522,9
art_087,Trump administration,ORGANIZATION,-0.001338454196229577,0.0354,0.03673845419622958,1
art_087,AfD,ORGANIZATION,-0.009219198444043286,0.0354,0.04461919844404329,12
art_087,Merz,PERSON,-0.03713411053953072,0.0354,0.07253411053953071,3
art_087,AfD,ORGANIZATION,-0.009219198444043286,0.0354,0.04461919844404329,12
art_087,Nazi,ORGANIZATION,-0.022909176186658442,0.0354,0.05830917618665844,2
art_087,Bundestag,ORGANIZATION,0.0212103514932096,0.0354,0.0141896485067904,2
art_087,Germany,ORGANIZATION,-0.038392596133053306,0.0354,0.0737925961330533,10
art_087,Nazi,ORGANIZATION,-0.022909176186658442,0.0354,0.05830917618665844,2
art_087,AfD,ORGANIZATION,-0.009219198444043286,0.0354,0.04461919844404329,12
art_087,AfD,ORGANIZATION,-0.009219198444043286,0.0354,0.04461919844404329,12
art_087,Italy,ORGANIZATION,-0.033338298089802265,0.0354,0.06873829808980227,1
art_087,AfD,ORGANIZATION,-0.009219198444043286,0.0354,0.04461919844404329,12
art_087,Gemma Loomes,PERSON,0.18360444210702553,0.0354,0.14820444210702555,1
art_087,Keele University,ORGANIZATION,0.18360444210702553,0.0354,0.14820444210702555,1
art_087,Loomes,PERSON,0.07065331030753441,0.0354,0.03525331030753441,2
art_087,Germany,ORGANIZATION,-0.038392596133053306,0.0354,0.0737925961330533,10
art_087,AfD,ORGANIZATION,-0.009219198444043286,0.0354,0.04461919844404329,12
art_087,AfD,ORGANIZATION,-0.009219198444043286,0.0354,0.04461919844404329,12
art_087,Young Alternative,ORGANIZATION,-0.04297947231680155,0.0354,0.07837947231680155,1
art_087,JA,ORGANIZATION,-0.0223287686239928,0.0354,0.0577287686239928,2
art_087,CNN,ORGANIZATION,-0.04297947231680155,0.0354,0.07837947231680155,1
art_087,Merz,PERSON,-0.03713411053953072,0.0354,0.07253411053953071,3
art_087,AfD,ORGANIZATION,-0.009219198444043286,0.0354,0.04461919844404329,12
art_088,Nazis,PERSON,0.07980353673337959,0.1935,0.11369646326662042,1
art_088,David,PERSON,-0.11901693616528064,0.1935,0.31251693616528065,3
art_088,CDU/CSU,ORGANIZATION,-0.13392607380713648,0.1935,0.3274260738071365,3
art_088,Alternative für Deutschland,ORGANIZATION,-0.411831465549767,0.1935,0.605331465549767,1
art_088,AfD,ORGANIZATION,-0.07598422943265178,0.1935,0.26948422943265177,10
art_088,David,PERSON,-0.11901693616528064,0.1935,0.31251693616528065,3
art_088,Germans,PERSON,-0.16078172740526497,0.1935,0.354281727405265,2
art_088,CDU,ORGANIZATION,-0.06690171960508451,0.1935,0.2604017196050845,7
art_088,David,PERSON,-0.11901693616528064,0.1935,0.31251693616528065,3
art_088,CDU,ORGANIZATION,-0.06690171960508451,0.1935,0.2604017196050845,7
art_088,AfD,ORGANIZATION,-0.07598422943265178,0.1935,0.26948422943265177,10
art_088,CDU,ORGANIZATION,-0.06690171960508451,0.1935,0.2604017196050845,7
art_088,Friedrich Merz,PERSON,-0.020541789010167122,0.1935,0.21404178901016713,1
art_088,AfD,ORGANIZATION,-0.07598422943265178,0.1935,0.26948422943265177,10
art_088,AfD,ORGANIZATION,-0.07598422943265178,0.1935,0.26948422943265177,10
art_088,CDU/CSU bloc,ORGANIZATION,-0.20873261676752008,0.1935,0.4022326167675201,2
art_088,AfD,ORGANIZATION,-0.07598422943265178,0.1935,0.26948422943265177,10
art_088,Gian Mecheril,PERSON,-0.005633767985273153,0.1935,0.19913376798527316,1
art_088,Merz,PERSON,-0.09323207025105755,0.1935,0.28673207025105757,3
art_088,Germans,PERSON,-0.16078172740526497,0.1935,0.354281727405265,2
art_088,AfD,ORGANIZATION,-0.07598422943265178,0.1935,0.26948422943265177,10
art_088,Flo,PERSON,-0.35115528653841466,0.1935,0.5446552865384147,1
art_088,Ella,PERSON,-0.17664892971515656,0.1935,0.37014892971515656,1
art_088,CDU,ORGANIZATION,-0.06690171960508451,0.1935,0.2604017196050845,7
art_088,AfD,ORGANIZATION,-0.07598422943265178,0.1935,0.26948422943265177,10
art_088,AfD,ORGANIZATION,-0.07598422943265178,0.1935,0.26948422943265177,10
art_088,Alice Weidel,PERSON,0.06184150278568268,0.1935,0.13165849721431733,1
art_088,AfD,ORGANIZATION,-0.07598422943265178,0.1935,0.26948422943265177,10
art_088,Willi Schultz,PERSON,-0.030783559195697308,0.1935,0.2242835591956973,1
art_088,Antonio Gramsci,PERSON,-0.030783559195697308,0.1935,0.2242835591956973,1
art_088,AfD,ORGANIZATION,-0.07598422943265178,0.1935,0.26948422943265177,10
art_088,Elon Musk,PERSON,-0.030783559195697308,0.1935,0.2242835591956973,1
art_088,AfD,ORGANIZATION,-0.07598422943265178,0.1935,0.26948422943265177,10
art_088,Germany,ORGANIZATION,0.002498657840381687,0.1935,0.1910013421596183,6
art_088,Germany,ORGANIZATION,0.002498657840381687,0.1935,0.1910013421596183,6
art_088,Charlotte,PERSON,-0.01506607115152292,0.1935,0.20856607115152292,2
art_088,Merz,PERSON,-0.09323207025105755,0.1935,0.28673207025105757,3
art_088,Social Democrats,ORGANIZATION,-0.003170432522892952,0.1935,0.19667043252289296,1
art_088,Greens,ORGANIZATION,0.00625828979536891,0.1935,0.1872417102046311,2
art_088,Charlotte,PERSON,-0.01506607115152292,0.1935,0.20856607115152292,2
art_088,AfD,ORGANIZATION,-0.07598422943265178,0.1935,0.26948422943265177,10
art_088,CDU/CSU,ORGANIZATION,-0.13392607380713648,0.1935,0.3274260738071365,3
art_088,Greens,ORGANIZATION,0.00625828979536891,0.1935,0.1872417102046311,2
art_088,Die Linke,ORGANIZATION,0.01568701211363077,0.1935,0.17781298788636923,1
art_089,Germany,ORGANIZATION,0.013275750068714842,0.0505,0.03722424993128516,11
art_089,AfD,ORGANIZATION,0.018697534596867627,0.0505,0.03180246540313238,19
art_089,AfD,ORGANIZATION,0.018697534596867627,0.0505,0.03180246540313238,19
art_089,Germany,ORGANIZATION,0.013275750068714842,0.0505,0.03722424993128516,11
art_089,Alternative for Germany,ORGANIZATION,0.009817985584959388,0.0505,0.040682014415040615,1
art_089,AfD,ORGANIZATION,0.018697534596867627,0.0505,0.03180246540313238,19
art_089,Bundestag,ORGANIZATION,0.023428832049830817,0.0505,0.027071167950169187,4
art_089,Christian Democratic Union,ORGANIZATION,0.06647501909174025,0.0505,0.015975019091740247,1
art_089,CDU,ORGANIZATION,0.009807683081210902,0.0505,0.0406923169187891,3
art_089,Christian Social Union,ORGANIZATION,0.06647501909174025,0.0505,0.015975019091740247,1
art_089,CDU,ORGANIZATION,0.009807683081210902,0.0505,0.0406923169187891,3
art_089,AfD,ORGANIZATION,0.018697534596867627,0.0505,0.03180246540313238,19
art_089,AfD,ORGANIZATION,0.018697534596867627,0.0505,0.03180246540313238,19
art_089,NATO,ORGANIZATION,-0.011888925451785326,0.0505,0.06238892545178533,1
art_089,AfD,ORGANIZATION,0.018697534596867627,0.0505,0.03180246540313238,19
art_089,Alice Weidel,PERSON,0.012817501929021091,0.0505,0.03768249807097891,2
art_089,Alice Weidel,PERSON,0.012817501929021091,0.0505,0.03768249807097891,2
art_089,AfD,ORGANIZATION,0.018697534596867627,0.0505,0.03180246540313238,19
art_089,AfD,ORGANIZATION,0.018697534596867627,0.0505,0.03180246540313238,19
art_089,Weidel,PERSON,0.018867570031579815,0.0505,0.03163242996842019,5
art_089,Weidel,PERSON,0.018867570031579815,0.0505,0.03163242996842019,5
art_089,Elon Musk,PERSON,0.11941443337127566,0.0505,0.06891443337127566,1
art_089,Weidel,PERSON,0.018867570031579815,0.0505,0.03163242996842019,5
art_089,AfD,ORGANIZATION,0.018697534596867627,0.0505,0.03180246540313238,19
art_089,AfD,ORGANIZATION,0.018697534596867627,0.0505,0.03180246540313238,19
art_089,AfD,ORGANIZATION,0.018697534596867627,0.0505,0.03180246540313238,19
art_089,Bundestag,ORGANIZATION,0.023428832049830817,0.0505,0.027071167950169187,4
art_089,Bundestag,ORGANIZATION,0.023428832049830817,0.0505,0.027071167950169187,4
art_089,Chancellor,PERSON,0.003044628450879827,0.0505,0.047455371549120176,2
art_089,Angela Merkel,PERSON,0.0017087752930819988,0.0505,0.048791224706918004,1
art_089,AfD,ORGANIZATION,0.018697534596867627,0.0505,0.03180246540313238,19
art_089,Bundestag,ORGANIZATION,0.023428832049830817,0.0505,0.027071167950169187,4
art_089,AfD,ORGANIZATION,0.018697534596867627,0.0505,0.03180246540313238,19
art_089,AfD,ORGANIZATION,0.018697534596867627,0.0505,0.03180246540313238,19
art_089,AfD,ORGANIZATION,0.018697534596867627,0.0505,0.03180246540313238,19
art_089,AfD,ORGANIZATION,0.018697534596867627,0.0505,0.03180246540313238,19
art_089,AfD,ORGANIZATION,0.018697534596867627,0.0505,0.03180246540313238,19
art_089,AfD,ORGANIZATION,0.018697534596867627,0.0505,0.03180246540313238,19
art_089,Left,ORGANIZATION,0.03932019183412194,0.0505,0.01117980816587806,2
art_089,Left,ORGANIZATION,0.03932019183412194,0.0505,0.01117980816587806,2
art_089,Socialist Unity Party,ORGANIZATION,0.00288561824709177,0.0505,0.04761438175290823,1
art_089,AfD,ORGANIZATION,0.018697534596867627,0.0505,0.03180246540313238,19
art_089,AfD,ORGANIZATION,0.018697534596867627,0.0505,0.03180246540313238,19
art_089,Germany,ORGANIZATION,0.013275750068714842,0.0505,0.03722424993128516,11
art_089,CDU,ORGANIZATION,0.009807683081210902,0.0505,0.0406923169187891,3
art_089,CSU,ORGANIZATION,0.0043804816086776555,0.0505,0.04611951839132235,1
art_089,Social Democratic Party,ORGANIZATION,0.0043804816086776555,0.0505,0.04611951839132235,1
art_089,SPD,ORGANIZATION,0.0043804816086776555,0.0505,0.04611951839132235,1
art_089,CDU,ORGANIZATION,0.009807683081210902,0.0505,0.0406923169187891,3
art_089,Friedrich Merz,PERSON,0.0043804816086776555,0.0505,0.04611951839132235,1
art_090,Musk,PERSON,-0.10519049930298933,0.008,0.11319049930298933,5
art_090,AfD,ORGANIZATION,-0.0076181927819561675,0.008,0.015618192781956168,10
art_090,Elon Musk,PERSON,0.0128221216982638,0.008,0.0048221216982638,2
art_090,Alternative for Germany,ORGANIZATION,0.024979306966997683,0.008,0.016979306966997683,1
art_090,AfD,ORGANIZATION,-0.0076181927819561675,0.008,0.015618192781956168,10
art_090,Social Democrats,ORGANIZATION,-0.0016991414595395327,0.008,0.009699141459539533,1
art_090,SPD,ORGANIZATION,-0.005213620723225176,0.008,0.013213620723225177,2
art_090,Chancellor,PERSON,-0.0005171025150048081,0.008,0.008517102515004808,2
art_090,Olaf Scholz,PERSON,-0.0016991414595395327,0.008,0.009699141459539533,1
art_090,Tesla,ORGANIZATION,-0.011942461133003235,0.008,0.019942461133003235,1
art_090,Space X,ORGANIZATION,-0.011942461133003235,0.008,0.019942461133003235,1
art_090,CEO,PERSON,-0.011942461133003235,0.008,0.019942461133003235,1
art_090,AfD,ORGANIZATION,-0.0076181927819561675,0.008,0.015618192781956168,10
art_090,Germany,ORGANIZATION,0.011989992600865662,0.008,0.003989992600865662,5
art_090,AfD,ORGANIZATION,-0.0076181927819561675,0.008,0.015618192781956168,10
art_090,Musk,PERSON,-0.10519049930298933,0.008,0.11319049930298933,5
art_090,X,ORGANIZATION,-0.006599470645596739,0.008,0.014599470645596739,3
art_090,AfD,ORGANIZATION,-0.0076181927819561675,0.008,0.015618192781956168,10
art_090,AfD,ORGANIZATION,-0.0076181927819561675,0.008,0.015618192781956168,10
art_090,Germany,ORGANIZATION,0.011989992600865662,0.008,0.003989992600865662,5
art_090,Adolf Hitler,PERSON,0.05703157186508179,0.008,0.04903157186508179,1
art_090,AfD,ORGANIZATION,-0.0076181927819561675,0.008,0.015618192781956168,10
art_090,Nazi,ORGANIZATION,-0.29884062268926453,0.008,0.30684062268926454,3
art_090,Musk,PERSON,-0.10519049930298933,0.008,0.11319049930298933,5
art_090,AfD,ORGANIZATION,-0.0076181927819561675,0.008,0.015618192781956168,10
art_090,Germans,PERSON,-0.010026664996985346,0.008,0.018026664996985346,2
art_090,Germany,ORGANIZATION,0.011989992600865662,0.008,0.003989992600865662,5
art_090,AfD,ORGANIZATION,-0.0076181927819561675,0.008,0.015618192781956168,10
art_090,Elon Musk,PERSON,0.0128221216982638,0.008,0.0048221216982638,2
art_090,@elonmusk,PERSON,0.0006649364295299165,0.008,0.007335063570470084,1
art_090,Musk,PERSON,-0.10519049930298933,0.008,0.11319049930298933,5
art_090,AfD,ORGANIZATION,-0.0076181927819561675,0.008,0.015618192781956168,10
art_090,Alice Weidel,PERSON,0.0006649364295299165,0.008,0.007335063570470084,1
art_090,Scholz,PERSON,-0.15622352459467947,0.008,0.16422352459467948,4
art_090,Dani Dayan,PERSON,-0.5687446898082271,0.008,0.5767446898082271,1
art_090,Holocaust museum,ORGANIZATION,-0.5687446898082271,0.008,0.5767446898082271,1
art_090,Musk,PERSON,-0.10519049930298933,0.008,0.11319049930298933,5
art_090,Germans,PERSON,-0.010026664996985346,0.008,0.018026664996985346,2
art_090,Scholz,PERSON,-0.15622352459467947,0.008,0.16422352459467948,4
art_090,Ukraine,ORGANIZATION,-0.045722167124040425,0.008,0.053722167124040425,1
art_090,AfD,ORGANIZATION,-0.0076181927819561675,0.008,0.015618192781956168,10
art_090,Christian Democratic Union,ORGANIZATION,0.001018894778098911,0.008,0.006981105221901089,1
art_090,CDU,ORGANIZATION,0.001018894778098911,0.008,0.006981105221901089,1
art_090,Christian Social Union,ORGANIZATION,0.001018894778098911,0.008,0.006981105221901089,1
art_090,CSU,ORGANIZATION,0.001018894778098911,0.008,0.006981105221901089,1
art_090,Scholz,PERSON,-0.15622352459467947,0.008,0.16422352459467948,4
art_090,SPD,ORGANIZATION,-0.005213620723225176,0.008,0.013213620723225177,2
art_091,Friedrich Merz,PERSON,-0.01209956303864601,0.0009,0.01299956303864601,2
art_091,Christian Democratic Union,ORGANIZATION,0.0012815198751923162,0.0009,0.0003815198751923163,2
art_091,CDU,ORGANIZATION,-0.00491369884366577,0.0009,0.00581369884366577,4
art_091,Christian Social Union,ORGANIZATION,0.0012815198751923162,0.0009,0.0003815198751923163,2
art_091,CSU,ORGANIZATION,0.0016583063528135729,0.0009,0.0007583063528135729,3
art_091,CDU,ORGANIZATION,-0.00491369884366577,0.0009,0.00581369884366577,4
art_091,"VCG
Germany",ORGANIZATION,0.002132451394572854,0.0009,0.001232451394572854,1
art_091,Christian Democratic Union,ORGANIZATION,0.0012815198751923162,0.0009,0.0003815198751923163,2
art_091,CDU,ORGANIZATION,-0.00491369884366577,0.0009,0.00581369884366577,4
art_091,Christian Social Union,ORGANIZATION,0.0012815198751923162,0.0009,0.0003815198751923163,2
art_091,CSU,ORGANIZATION,0.0016583063528135729,0.0009,0.0007583063528135729,3
art_091,Xinhua News Agency,ORGANIZATION,0.002132451394572854,0.0009,0.001232451394572854,1
art_091,China,ORGANIZATION,0.27665696147596464,0.0009,0.2757569614759646,3
art_091,China,ORGANIZATION,0.27665696147596464,0.0009,0.2757569614759646,3
art_091,Foreign Ministry,ORGANIZATION,0.05212001275504008,0.0009,0.05122001275504008,1
art_091,Lin Jian,PERSON,0.05212001275504008,0.0009,0.05122001275504008,1
art_091,China,ORGANIZATION,0.27665696147596464,0.0009,0.2757569614759646,3
art_091,German federal government,ORGANIZATION,0.05212001275504008,0.0009,0.05122001275504008,1
art_091,China,ORGANIZATION,0.27665696147596464,0.0009,0.2757569614759646,3
art_091,Germany,ORGANIZATION,0.12424916567179026,0.0009,0.12334916567179026,10
art_091,China,ORGANIZATION,0.27665696147596464,0.0009,0.2757569614759646,3
art_091,Germany,ORGANIZATION,0.12424916567179026,0.0009,0.12334916567179026,10
art_091,Germany,ORGANIZATION,0.12424916567179026,0.0009,0.12334916567179026,10
art_091,EU,ORGANIZATION,0.04834671326049526,0.0009,0.04744671326049526,12
art_091,China,ORGANIZATION,0.27665696147596464,0.0009,0.2757569614759646,3
art_091,Germany,ORGANIZATION,0.12424916567179026,0.0009,0.12334916567179026,10
art_091,EU,ORGANIZATION,0.04834671326049526,0.0009,0.04744671326049526,12
art_091,Europe,ORGANIZATION,0.03941479278312597,0.0009,0.03851479278312597,7
art_091,EU,ORGANIZATION,0.04834671326049526,0.0009,0.04744671326049526,12
art_091,Germany,ORGANIZATION,0.12424916567179026,0.0009,0.12334916567179026,10
art_091,EU,ORGANIZATION,0.04834671326049526,0.0009,0.04744671326049526,12
art_091,Lin,PERSON,0.15164219297912496,0.0009,0.15074219297912494,4
art_091,CDU/CSU,ORGANIZATION,0.0024118793080560863,0.0009,0.0015118793080560863,1
art_091,Alternative for Germany,ORGANIZATION,0.0024118793080560863,0.0009,0.0015118793080560863,1
art_091,AfD,ORGANIZATION,0.004502472991589457,0.0009,0.003602472991589457,3
art_091,Social Democratic Party,ORGANIZATION,0.0024118793080560863,0.0009,0.0015118793080560863,1
art_091,SPD,ORGANIZATION,0.0024118793080560863,0.0009,0.0015118793080560863,1
art_091,Xinhua,ORGANIZATION,0.008496904105413705,0.0009,0.007596904105413705,3
art_091,ARD,ORGANIZATION,0.0024118793080560863,0.0009,0.0015118793080560863,1
art_091,Greens,ORGANIZATION,0.02703533973544836,0.0009,0.02613533973544836,1
art_091,Die Linke,ORGANIZATION,0.02703533973544836,0.0009,0.02613533973544836,1
art_091,Free Democratic Party,ORGANIZATION,0.0006620683998335153,0.0009,0.0002379316001664847,1
art_091,FDP,ORGANIZATION,0.0006620683998335153,0.0009,0.0002379316001664847,1
art_091,Sahra Wagenknecht Alliance,ORGANIZATION,0.0006620683998335153,0.0009,0.0002379316001664847,1
art_091,BSW,ORGANIZATION,0.0006620683998335153,0.0009,0.0002379316001664847,1
art_091,Bundestag,ORGANIZATION,0.010419575410196558,0.0009,0.009519575410196558,2
art_091,Germany,ORGANIZATION,0.12424916567179026,0.0009,0.12334916567179026,10
art_091,Bundestag,ORGANIZATION,0.010419575410196558,0.0009,0.009519575410196558,2
art_091,Xinhua,ORGANIZATION,0.008496904105413705,0.0009,0.007596904105413705,3
art_091,CDU,ORGANIZATION,-0.00491369884366577,0.0009,0.00581369884366577,4
art_091,Friedrich Merz,PERSON,-0.01209956303864601,0.0009,0.01299956303864601,2
art_091,Deutsche Welle,ORGANIZATION,-0.0246297144331038,0.0009,0.0255297144331038,1
art_091,Merz,PERSON,-0.00951844055816764,0.0009,0.01041844055816764,7
art_091,AfD,ORGANIZATION,0.004502472991589457,0.0009,0.003602472991589457,3
art_091,Chancellor,PERSON,-0.024348468449413,0.0009,0.025248468449413003,3
art_091,Olaf Scholz,PERSON,-0.04884627927094698,0.0009,0.04974627927094698,1
art_091,Reuters,ORGANIZATION,-0.11247199634090066,0.0009,0.11337199634090066,4
art_091,Merz,PERSON,-0.00951844055816764,0.0009,0.01041844055816764,7
art_091,US,ORGANIZATION,-0.029703365532138076,0.0009,0.030603365532138077,9
art_091,Germany,ORGANIZATION,0.12424916567179026,0.0009,0.12334916567179026,10
art_091,Washington,ORGANIZATION,0.0036093872040510178,0.0009,0.002709387204051018,1
art_091,US,ORGANIZATION,-0.029703365532138076,0.0009,0.030603365532138077,9
art_091,President,PERSON,0.013138054258888587,0.0009,0.012238054258888588,2
art_091,Donald Trump,PERSON,0.0036093872040510178,0.0009,0.002709387204051018,1
art_091,Europe,ORGANIZATION,0.03941479278312597,0.0009,0.03851479278312597,7
art_091,Financial Times,ORGANIZATION,0.0036093872040510178,0.0009,0.002709387204051018,1
art_091,Trump,PERSON,0.03177560307085514,0.0009,0.03087560307085514,2
art_091,AfD,ORGANIZATION,0.004502472991589457,0.0009,0.003602472991589457,3
art_091,Reuters,ORGANIZATION,-0.11247199634090066,0.0009,0.11337199634090066,4
art_091,Merz,ORGANIZATION,-0.00951844055816764,0.0009,0.01041844055816764,7
art_091,Europe,ORGANIZATION,0.03941479278312597,0.0009,0.03851479278312597,7
art_091,US,ORGANIZATION,-0.029703365532138076,0.0009,0.030603365532138077,9
art_091,DPA,ORGANIZATION,0.00645090639591217,0.0009,0.005550906395912171,1
art_091,Jiang Feng,PERSON,0.022666721313726157,0.0009,0.021766721313726155,1
art_091,Shanghai International Studies University,ORGANIZATION,0.022666721313726157,0.0009,0.021766721313726155,1
art_091,president,PERSON,0.013138054258888587,0.0009,0.012238054258888588,2
art_091,Shanghai Association of Regional and Country Studies,ORGANIZATION,0.022666721313726157,0.0009,0.021766721313726155,1
art_091,Global Times,ORGANIZATION,0.011601127000176348,0.0009,0.010701127000176348,2
art_091,Merz,PERSON,-0.00951844055816764,0.0009,0.01041844055816764,7
art_091,Europe,ORGANIZATION,0.03941479278312597,0.0009,0.03851479278312597,7
art_091,Ukraine,ORGANIZATION,0.014558813854819164,0.0009,0.013658813854819164,2
art_091,US,ORGANIZATION,-0.029703365532138076,0.0009,0.030603365532138077,9
art_091,Jiang,PERSON,-0.004629301673655088,0.0009,0.005529301673655088,3
art_091,US,ORGANIZATION,-0.029703365532138076,0.0009,0.030603365532138077,9
art_091,Reuters,ORGANIZATION,-0.11247199634090066,0.0009,0.11337199634090066,4
art_091,Merz,PERSON,-0.00951844055816764,0.0009,0.01041844055816764,7
art_091,European Union,ORGANIZATION,-0.4346728315576911,0.0009,0.4355728315576911,1
art_091,Reuters,ORGANIZATION,-0.11247199634090066,0.0009,0.11337199634090066,4
art_091,US,ORGANIZATION,-0.029703365532138076,0.0009,0.030603365532138077,9
art_091,Europe,ORGANIZATION,0.03941479278312597,0.0009,0.03851479278312597,7
art_091,Dong Yifan,PERSON,0.0005355326866265386,0.0009,0.00036446731337346134,1
art_091,school,ORGANIZATION,0.0005355326866265386,0.0009,0.00036446731337346134,1
art_091,Xinjiang University,ORGANIZATION,0.0005355326866265386,0.0009,0.00036446731337346134,1
art_091,Global Times,ORGANIZATION,0.011601127000176348,0.0009,0.010701127000176348,2
art_091,Europe,ORGANIZATION,0.03941479278312597,0.0009,0.03851479278312597,7
art_091,US,ORGANIZATION,-0.029703365532138076,0.0009,0.030603365532138077,9
art_091,Dong,PERSON,-0.013697534406674094,0.0009,0.014597534406674094,2
art_092,CDU/CSU,ORGANIZATION,0.017518999036838068,0.0011,0.016418999036838067,4
art_092,Xinhua,ORGANIZATION,0.0003139034233754501,0.0011,0.00078609657662455,1
art_092,Germany,ORGANIZATION,-0.01317218289768789,0.0011,0.01427218289768789,5
art_092,Christian Democratic Union,ORGANIZATION,0.0003139034233754501,0.0011,0.00078609657662455,1
art_092,CDU,ORGANIZATION,0.017518999036838068,0.0011,0.016418999036838067,4
art_092,Christian Social Union,ORGANIZATION,0.0003139034233754501,0.0011,0.00078609657662455,1
art_092,CSU,ORGANIZATION,0.017518999036838068,0.0011,0.016418999036838067,4
art_092,ARD,ORGANIZATION,-0.0026382125688542146,0.0011,0.003738212568854215,4
art_092,ARD,ORGANIZATION,-0.0026382125688542146,0.0011,0.003738212568854215,4
art_092,CDU/CSU,ORGANIZATION,0.017518999036838068,0.0011,0.016418999036838067,4
art_092,Alternative for Germany,ORGANIZATION,0.006996266602072865,0.0011,0.0058962666020728645,1
art_092,AfD,ORGANIZATION,-0.016974517109338193,0.0011,0.018074517109338193,5
art_092,Social Democratic Party,ORGANIZATION,-0.13315937467268668,0.0011,0.13425937467268667,2
art_092,SPD,ORGANIZATION,-0.04059628492298847,0.0011,0.041696284922988464,3
art_092,Greens,ORGANIZATION,0.02703533973544836,0.0011,0.02593533973544836,1
art_092,Die Linke,ORGANIZATION,0.02703533973544836,0.0011,0.02593533973544836,1
art_092,Free Democratic Party,ORGANIZATION,0.0017776136519387364,0.0011,0.0006776136519387364,1
art_092,FDP,ORGANIZATION,-0.002794459151724974,0.0011,0.003894459151724974,3
art_092,Sahra Wagenknecht Alliance,ORGANIZATION,0.0017776136519387364,0.0011,0.0006776136519387364,1
art_092,BSW,ORGANIZATION,0.0017776136519387364,0.0011,0.0006776136519387364,1
art_092,Bundestag,ORGANIZATION,0.04577310584136285,0.0011,0.04467310584136285,2
art_092,Germany,ORGANIZATION,-0.01317218289768789,0.0011,0.01427218289768789,5
art_092,Bundestag,ORGANIZATION,0.04577310584136285,0.0011,0.04467310584136285,2
art_092,ARD,ORGANIZATION,-0.0026382125688542146,0.0011,0.003738212568854215,4
art_092,Germany,ORGANIZATION,-0.01317218289768789,0.0011,0.01427218289768789,5
art_092,Friedrich Merz,PERSON,0.0029879542998969555,0.0011,0.0018879542998969554,1
art_092,CDU/CSU,ORGANIZATION,0.017518999036838068,0.0011,0.016418999036838067,4
art_092,Merz,PERSON,0.10987249690806493,0.0011,0.10877249690806493,5
art_092,Chancellor,PERSON,-0.021465164318215102,0.0011,0.022565164318215102,3
art_092,Olaf Scholz,PERSON,-0.0835248101502657,0.0011,0.0846248101502657,1
art_092,SPD,ORGANIZATION,-0.04059628492298847,0.0011,0.041696284922988464,3
art_092,Social Democratic Party,ORGANIZATION,-0.13315937467268668,0.0011,0.13425937467268667,2
art_092,Scholz,PERSON,-0.1340333791061615,0.0011,0.1351333791061615,3
art_092,Christian Lindner,PERSON,0.035099320113658905,0.0011,0.03399932011365891,1
art_092,FDP,ORGANIZATION,-0.002794459151724974,0.0011,0.003894459151724974,3
art_092,FDP,ORGANIZATION,-0.002794459151724974,0.0011,0.003894459151724974,3
art_092,Scholz,PERSON,-0.1340333791061615,0.0011,0.1351333791061615,3
art_092,SPD,ORGANIZATION,-0.04059628492298847,0.0011,0.041696284922988464,3
art_092,AfD,ORGANIZATION,-0.016974517109338193,0.0011,0.018074517109338193,5
art_092,Alice Weidel,PERSON,0.059777871822007,0.0011,0.058677871822007004,1
art_092,AfD,ORGANIZATION,-0.016974517109338193,0.0011,0.018074517109338193,5
art_092,AfD,ORGANIZATION,-0.016974517109338193,0.0011,0.018074517109338193,5
art_092,CDU/CSU,ORGANIZATION,0.017518999036838068,0.0011,0.016418999036838067,4
art_092,Merz,PERSON,0.10987249690806493,0.0011,0.10877249690806493,5
art_092,AfD,ORGANIZATION,-0.016974517109338193,0.0011,0.018074517109338193,5
art_092,AfD,ORGANIZATION,-0.016974517109338193,0.0011,0.018074517109338193,5
art_092,Germany,ORGANIZATION,-0.01317218289768789,0.0011,0.01427218289768789,5
art_092,Merz,PERSON,0.10987249690806493,0.0011,0.10877249690806493,5
art_092,ARD,ORGANIZATION,-0.0026382125688542146,0.0011,0.003738212568854215,4
art_092,ZDF,ORGANIZATION,-0.017796058673411608,0.0011,0.018896058673411608,1
art_092,Merz,PERSON,0.10987249690806493,0.0011,0.10877249690806493,5
art_092,Trump administration,ORGANIZATION,-0.017796058673411608,0.0011,0.018896058673411608,1
art_093,Reuters,ORGANIZATION,0.03882774578717848,-0.1925,0.2313277457871785,3
art_093,Global Sumud Flotilla,ORGANIZATION,-0.07319682114757597,-0.1925,0.11930317885242403,1
art_093,GSF,ORGANIZATION,-0.10206519640050829,-0.1925,0.09043480359949171,5
art_093,interior ministry,ORGANIZATION,-0.07319682114757597,-0.1925,0.11930317885242403,1
art_093,GSF,ORGANIZATION,-0.10206519640050829,-0.1925,0.09043480359949171,5
art_093,Israel,ORGANIZATION,-0.13494455278851092,-0.1925,0.057555447211489086,6
art_093,Greta Thunberg,PERSON,0.01750273071229458,-0.1925,0.21000273071229458,1
art_093,Mariana Mortagua.A,PERSON,0.01750273071229458,-0.1925,0.21000273071229458,1
art_093,GSF,ORGANIZATION,-0.10206519640050829,-0.1925,0.09043480359949171,5
art_093,Reuters,ORGANIZATION,0.03882774578717848,-0.1925,0.2313277457871785,3
art_093,Hamas,ORGANIZATION,-0.2009939081617631,-0.1925,0.008493908161763097,4
art_093,Hamas,ORGANIZATION,-0.2009939081617631,-0.1925,0.008493908161763097,4
art_093,Hamas,ORGANIZATION,-0.2009939081617631,-0.1925,0.008493908161763097,4
art_093,Palestinians,PERSON,-0.22409573174081743,-0.1925,0.03159573174081742,1
art_093,Gaza,ORGANIZATION,-0.0269031235948205,-0.1925,0.1655968764051795,4
art_093,health ministry,ORGANIZATION,-0.22409573174081743,-0.1925,0.03159573174081742,1
art_093,Hamas,ORGANIZATION,-0.2009939081617631,-0.1925,0.008493908161763097,4
art_093,Israel,ORGANIZATION,-0.13494455278851092,-0.1925,0.057555447211489086,6
art_093,Hamas,ORGANIZATION,-0.2009939081617631,-0.1925,0.008493908161763097,4
art_093,GSF,ORGANIZATION,-0.10206519640050829,-0.1925,0.09043480359949171,5
art_093,GSF,ORGANIZATION,-0.10206519640050829,-0.1925,0.09043480359949171,5
art_093,United Nations',ORGANIZATION,0.17217732779681683,-0.1925,0.36467732779681683,1
art_093,Special Rapporteur,PERSON,0.17217732779681683,-0.1925,0.36467732779681683,1
art_093,Francesca Albanese,PERSON,0.17217732779681683,-0.1925,0.36467732779681683,1
art_093,Reuters,ORGANIZATION,0.03882774578717848,-0.1925,0.2313277457871785,3
art_094,Greta Thunberg,PERSON,-0.08384252898395061,-0.0618,0.022042528983950614,1
art_094,Global Sumud Flotilla,ORGANIZATION,-0.0002818580251187086,-0.0618,0.06151814197488129,1
art_094,GSF,ORGANIZATION,0.16777492770925165,-0.0618,0.22957492770925164,5
art_094,GSF,ORGANIZATION,0.16777492770925165,-0.0618,0.22957492770925164,5
art_094,GSF,ORGANIZATION,0.16777492770925165,-0.0618,0.22957492770925164,5
art_094,Family Boat,ORGANIZATION,0.03390249237418175,-0.0618,0.09570249237418174,1
art_094,Thunberg,PERSON,-0.023725276405457407,-0.0618,0.038074723594542594,4
art_094,Tunisia,ORGANIZATION,-0.046645411427432136,-0.0618,0.015154588572567865,7
art_094,interior ministry,ORGANIZATION,-0.22821470454800874,-0.0618,0.16641470454800875,1
art_094,Miguel Duarte,PERSON,-0.037854574620723724,-0.0618,0.023945425379276276,1
art_094,Duarte,PERSON,-0.05048494739457965,-0.0618,0.011315052605420352,2
art_094,GSF,ORGANIZATION,0.16777492770925165,-0.0618,0.22957492770925164,5
art_094,Israel,ORGANIZATION,-0.16830752566844845,-0.0618,0.10650752566844846,9
art_094,Thunberg,PERSON,-0.023725276405457407,-0.0618,0.038074723594542594,4
art_094,Mariana Mortágua,PERSON,-0.003529059700667858,-0.0618,0.05827094029933214,1
art_094,Francesca Albanese,PERSON,-0.04427309281891212,-0.0618,0.017526907181087882,1
art_094,UN,ORGANIZATION,-0.006344883558995207,-0.0618,0.055455116441004794,16
art_094,Tunisia,ORGANIZATION,-0.046645411427432136,-0.0618,0.015154588572567865,7
art_094,Israel,ORGANIZATION,-0.16830752566844845,-0.0618,0.10650752566844846,9
art_094,Hamas,ORGANIZATION,-0.2563757642521523,-0.0618,0.1945757642521523,5
art_094,Israel,ORGANIZATION,-0.16830752566844845,-0.0618,0.10650752566844846,9
art_094,Hamas,ORGANIZATION,-0.2563757642521523,-0.0618,0.1945757642521523,5
art_094,Israel,ORGANIZATION,-0.16830752566844845,-0.0618,0.10650752566844846,9
art_094,Hamas,ORGANIZATION,-0.2563757642521523,-0.0618,0.1945757642521523,5
art_094,Palestinians,PERSON,-0.5282614720053971,-0.0618,0.46646147200539706,1
art_094,Gaza,ORGANIZATION,-0.09407089955805402,-0.0618,0.03227089955805402,7
art_094,health ministry,ORGANIZATION,-0.5282614720053971,-0.0618,0.46646147200539706,1
art_094,Israel,ORGANIZATION,-0.16830752566844845,-0.0618,0.10650752566844846,9
art_094,Hamas,ORGANIZATION,-0.2563757642521523,-0.0618,0.1945757642521523,5
art_094,Israel,ORGANIZATION,-0.16830752566844845,-0.0618,0.10650752566844846,9
art_094,Hamas,ORGANIZATION,-0.2563757642521523,-0.0618,0.1945757642521523,5
art_094,Conscience,ORGANIZATION,-0.11796895053703338,-0.0618,0.05616895053703338,1
art_094,Freedom Flotilla Coalition,ORGANIZATION,-0.11796895053703338,-0.0618,0.05616895053703338,1
art_094,GSF,ORGANIZATION,0.16777492770925165,-0.0618,0.22957492770925164,5
art_094,Ghassen Henchiri,PERSON,0.09628837509080768,-0.0618,0.15808837509080767,1
art_094,Nadir al-Nuri,PERSON,-0.0010744344617705792,-0.0618,0.06072556553822942,1
art_095,Global Sumud Flotilla,ORGANIZATION,-0.03622323530726135,-0.1365,0.10027676469273866,2
art_095,GSF,ORGANIZATION,-0.0739882392808795,-0.1365,0.06251176071912051,1
art_095,Melanie Schweizer,PERSON,-0.03248643278493546,-0.1365,0.10401356721506455,1
art_095,Agence France-Presse,ORGANIZATION,-0.03248643278493546,-0.1365,0.10401356721506455,1
art_095,AFP,ORGANIZATION,-0.13720180240731375,-0.1365,0.0007018024073137397,3
art_095,UAV,ORGANIZATION,-0.012363191199256107,-0.1365,0.1241368088007439,1
art_095,Israel,ORGANIZATION,-0.26024160953238606,-0.1365,0.12374160953238605,1
art_095,Greta Thunberg,PERSON,0.007056254766212078,-0.1365,0.1435562547662121,2
art_095,Miguel Duarte,PERSON,-0.01653459807857871,-0.1365,0.1199654019214213,1
art_095,Duarte,PERSON,-0.0016373165417462587,-0.1365,0.13486268345825375,2
art_095,AFP,ORGANIZATION,-0.13720180240731375,-0.1365,0.0007018024073137397,3
art_095,Houcem Eddine Jebabli,PERSON,-0.10215648158919066,-0.1365,0.03434351841080935,1
art_095,AFP,ORGANIZATION,-0.13720180240731375,-0.1365,0.0007018024073137397,3
art_095,Henchiri,PERSON,-0.03213516529649496,-0.1365,0.10436483470350505,1
art_095,Francesca Albanese,PERSON,-0.03213516529649496,-0.1365,0.10436483470350505,1
art_095,United Nations,ORGANIZATION,-0.03213516529649496,-0.1365,0.10436483470350505,1
art_095,Sumud,ORGANIZATION,-0.03622323530726135,-0.1365,0.10027676469273866,2
art_095,Global Sumud Flotilla,ORGANIZATION,-0.03622323530726135,-0.1365,0.10027676469273866,2
art_095,Greta Thunberg,PERSON,0.007056254766212078,-0.1365,0.1435562547662121,2
art_095,French-Palestinian European Parliament,ORGANIZATION,0.0235863660054747,-0.1365,0.1600863660054747,1
art_095,Rima Hassan,PERSON,0.0235863660054747,-0.1365,0.1600863660054747,1
art_096,Tunisia,ORGANIZATION,-0.06798001450079028,-0.0305,0.037480014500790276,2
art_096,Gaza,ORGANIZATION,0.08019971841713414,-0.0305,0.11069971841713414,2
art_096,Global Sumud Flotilla,ORGANIZATION,-0.020977693726308644,-0.0305,0.009522306273691356,1
art_096,GSF,ORGANIZATION,-0.17193698087551942,-0.0305,0.14143698087551942,3
art_096,Gaza,ORGANIZATION,0.08019971841713414,-0.0305,0.11069971841713414,2
art_096,Tunisia,ORGANIZATION,-0.06798001450079028,-0.0305,0.037480014500790276,2
art_096,interior ministry,ORGANIZATION,-0.11498233527527191,-0.0305,0.08448233527527191,1
art_096,GSF,ORGANIZATION,-0.17193698087551942,-0.0305,0.14143698087551942,3
art_096,Israel,ORGANIZATION,0.18137713056057692,-0.0305,0.21187713056057692,1
art_096,Greta Thunberg,PERSON,0.18137713056057692,-0.0305,0.21187713056057692,1
art_096,Mariana Mortagua,PERSON,0.18137713056057692,-0.0305,0.21187713056057692,1
art_096,GSF,ORGANIZATION,-0.17193698087551942,-0.0305,0.14143698087551942,3
art_096,Reuters,ORGANIZATION,-0.045551812974736094,-0.0305,0.015051812974736095,1
art_097,Tunisian Interior Ministry,ORGANIZATION,-0.06731699171359651,-0.031,0.03631699171359651,1
art_097,Reuters,ORGANIZATION,-0.06731699171359651,-0.031,0.03631699171359651,1
art_097,Global Sumud Flotilla,ORGANIZATION,-0.13084891065955162,-0.031,0.09984891065955162,1
art_097,GSF,ORGANIZATION,-0.13084891065955162,-0.031,0.09984891065955162,1
art_097,GAZA,ORGANIZATION,0.14375358988763765,-0.031,0.17475358988763764,4
art_097,HAMAS,PERSON,0.2844460697378963,-0.031,0.31544606973789635,3
art_097,Greta Thunberg,PERSON,0.003945887736335862,-0.031,0.03494588773633586,1
art_097,Miguel Duarte,PERSON,-0.02856125310063362,-0.031,0.0024387468993663786,1
art_097,Duarte,PERSON,-0.044006066396832466,-0.031,0.013006066396832466,2
art_097,Israel,ORGANIZATION,0.2598647248232737,-0.031,0.29086472482327375,2
art_097,Hamas,ORGANIZATION,0.2844460697378963,-0.031,0.31544606973789635,3
art_097,Israel,ORGANIZATION,0.2598647248232737,-0.031,0.29086472482327375,2
art_097,Hamas,ORGANIZATION,0.2844460697378963,-0.031,0.31544606973789635,3
art_098,Global Sumud Flotilla,ORGANIZATION,-0.19651046021317597,-0.0856,0.11091046021317598,2
art_098,GSF,ORGANIZATION,-0.18764864710828988,-0.0856,0.10204864710828988,4
art_098,Israel,ORGANIZATION,-0.32639809206843245,-0.0856,0.24079809206843245,14
art_098,GSF,ORGANIZATION,-0.18764864710828988,-0.0856,0.10204864710828988,4
art_098,Tunisian Coast Guard,ORGANIZATION,-0.06470083979365882,-0.0856,0.02089916020634118,1
art_098,Reuters,ORGANIZATION,-0.22116069483745376,-0.0856,0.13556069483745375,5
art_098,Israel,ORGANIZATION,-0.32639809206843245,-0.0856,0.24079809206843245,14
art_098,Israel,ORGANIZATION,-0.32639809206843245,-0.0856,0.24079809206843245,14
art_098,Saif Abukeshek,PERSON,-0.22048395685851574,-0.0856,0.13488395685851573,1
art_098,GSF,ORGANIZATION,-0.18764864710828988,-0.0856,0.10204864710828988,4
art_098,Reuters,ORGANIZATION,-0.22116069483745376,-0.0856,0.13556069483745375,5
art_098,Reuters,ORGANIZATION,-0.22116069483745376,-0.0856,0.13556069483745375,5
art_098,Israel,ORGANIZATION,-0.32639809206843245,-0.0856,0.24079809206843245,14
art_098,United,ORGANIZATION,-0.1508429329842329,-0.0856,0.06524293298423291,1
art_098,Reuters,ORGANIZATION,-0.22116069483745376,-0.0856,0.13556069483745375,5
art_098,Greta Thunberg,PERSON,0.0015887415502220392,-0.0856,0.08718874155022203,1
art_098,Mariana Mortagua,PERSON,0.0015887415502220392,-0.0856,0.08718874155022203,1
art_098,Israel,ORGANIZATION,-0.32639809206843245,-0.0856,0.24079809206843245,14
art_098,Hamas,ORGANIZATION,-0.2588673249585554,-0.0856,0.1732673249585554,5
art_098,Hamas,ORGANIZATION,-0.2588673249585554,-0.0856,0.1732673249585554,5
art_098,Israel,ORGANIZATION,-0.32639809206843245,-0.0856,0.24079809206843245,14
art_098,Hamas,ORGANIZATION,-0.2588673249585554,-0.0856,0.1732673249585554,5
art_098,Palestinians,PERSON,-0.5983045058965217,-0.0856,0.5127045058965217,2
art_098,Gaza's health ministry,ORGANIZATION,-0.4515579621074721,-0.0856,0.3659579621074721,1
art_098,Israel,ORGANIZATION,-0.32639809206843245,-0.0856,0.24079809206843245,14
art_098,Israel,ORGANIZATION,-0.32639809206843245,-0.0856,0.24079809206843245,14
art_098,Hamas,ORGANIZATION,-0.2588673249585554,-0.0856,0.1732673249585554,5
art_098,Israel,ORGANIZATION,-0.32639809206843245,-0.0856,0.24079809206843245,14
art_098,Israel,ORGANIZATION,-0.32639809206843245,-0.0856,0.24079809206843245,14
art_098,Hamas,ORGANIZATION,-0.2588673249585554,-0.0856,0.1732673249585554,5
art_098,Palestinians,PERSON,-0.5983045058965217,-0.0856,0.5127045058965217,2
art_098,Global Sumud Flotilla,ORGANIZATION,-0.19651046021317597,-0.0856,0.11091046021317598,2
art_098,GSF,ORGANIZATION,-0.18764864710828988,-0.0856,0.10204864710828988,4
art_098,REUTERS,ORGANIZATION,-0.22116069483745376,-0.0856,0.13556069483745375,5
art_099,Israel,ORGANIZATION,-0.039741700825591884,-0.0034,0.036341700825591884,3
art_099,Global Sumud Flotilla,ORGANIZATION,-0.05226254288572818,-0.0034,0.04886254288572818,2
art_099,GSF,ORGANIZATION,-0.003397510969080031,-0.0034,2.4890309199688924e-06,1
art_099,AFP,ORGANIZATION,-0.08007313684599164,-0.0034,0.07667313684599164,3
art_099,national,PERSON,-0.066428370133508,-0.0034,0.063028370133508,2
art_099,Houcem Eddine Jebabli,PERSON,-0.031729165464639664,-0.0034,0.028329165464639663,1
art_099,AFP,ORGANIZATION,-0.08007313684599164,-0.0034,0.07667313684599164,3
art_099,national,PERSON,-0.066428370133508,-0.0034,0.063028370133508,2
art_099,Thiago Avila,PERSON,-0.10112757480237633,-0.0034,0.09772757480237633,1
art_099,Instagram,ORGANIZATION,-0.10112757480237633,-0.0034,0.09772757480237633,1
art_099,AFP,ORGANIZATION,-0.08007313684599164,-0.0034,0.07667313684599164,3
art_099,Albanese,PERSON,-0.10112757480237633,-0.0034,0.09772757480237633,1
art_099,UN,ORGANIZATION,-0.03773856698535383,-0.0034,0.03433856698535383,4
art_099,X.The,ORGANIZATION,-0.10112757480237633,-0.0034,0.09772757480237633,1
art_099,Global Sumud Flotilla,ORGANIZATION,-0.05226254288572818,-0.0034,0.04886254288572818,2
art_099,Sumud,ORGANIZATION,-0.039741700825591884,-0.0034,0.036341700825591884,3
art_099,Greta Thunberg,PERSON,-0.014700016705319285,-0.0034,0.011300016705319285,1
art_099,United Nations,ORGANIZATION,-0.014700016705319285,-0.0034,0.011300016705319285,1
art_100,Global Sumud Flotilla,ORGANIZATION,-0.18932461907388642,-0.0887,0.10062461907388642,4
art_100,Israelis,PERSON,-0.16776527187903412,-0.0887,0.07906527187903412,3
art_100,Israeli Defense Forces,ORGANIZATION,-0.06713672261685133,-0.0887,0.02156327738314867,1
art_100,Israelis,PERSON,-0.16776527187903412,-0.0887,0.07906527187903412,3
art_100,South,PERSON,0.01469085382996127,-0.0887,0.10339085382996127,4
art_100,South,PERSON,0.01469085382996127,-0.0887,0.10339085382996127,4
art_100,Global Sumud Flotilla,ORGANIZATION,-0.18932461907388642,-0.0887,0.10062461907388642,4
art_100,Mandla Mandela,PERSON,-0.024720030836760998,-0.0887,0.063979969163239,1
art_100,Nelson Mandela,PERSON,0.004327523056417704,-0.0887,0.0930275230564177,2
art_100,South,PERSON,0.01469085382996127,-0.0887,0.10339085382996127,4
art_100,Israel,ORGANIZATION,-0.23592687835399476,-0.0887,0.14722687835399476,9
art_100,Palestinians,PERSON,-0.38769626678549685,-0.0887,0.29899626678549684,2
art_100,Mandela,PERSON,-0.06559756027612214,-0.0887,0.023102439723877863,3
art_100,Dr,PERSON,-0.23372261933400296,-0.0887,0.14502261933400296,4
art_100,Fatima Hendricks,PERSON,0.033375076949596405,-0.0887,0.1220750769495964,1
art_100,Nelson Mandela,PERSON,0.004327523056417704,-0.0887,0.0930275230564177,2
art_100,Sumud,ORGANIZATION,-0.18932461907388642,-0.0887,0.10062461907388642,4
art_100,Israel,ORGANIZATION,-0.23592687835399476,-0.0887,0.14722687835399476,9
art_100,UN,ORGANIZATION,-0.15206006582064385,-0.0887,0.06336006582064385,11
art_100,Israel,ORGANIZATION,-0.23592687835399476,-0.0887,0.14722687835399476,9
art_100,Jared Sacks,PERSON,0.052019705064594746,-0.0887,0.14071970506459475,1
art_100,Palestinians,PERSON,-0.38769626678549685,-0.0887,0.29899626678549684,2
art_100,Sacks,PERSON,-0.17919205565704033,-0.0887,0.09049205565704033,5
art_100,Daily Maverick,ORGANIZATION,-0.5699448066297919,-0.0887,0.48124480662979185,1
art_100,Raeez Moola,PERSON,0.025786222890019417,-0.0887,0.11448622289001942,1
art_100,Zukisa Wanner,PERSON,0.04938950639916584,-0.0887,0.13808950639916584,1
art_100,Sacks,PERSON,-0.17919205565704033,-0.0887,0.09049205565704033,5
art_100,Israelis,PERSON,-0.16776527187903412,-0.0887,0.07906527187903412,3
art_100,Sacks,PERSON,-0.17919205565704033,-0.0887,0.09049205565704033,5
art_100,Flotilla,ORGANIZATION,-0.19723874094250443,-0.0887,0.10853874094250443,11
art_100,Basheerah Soomar,PERSON,-0.0004286400508135557,-0.0887,0.08827135994918645,1
art_101,Israeli navy,ORGANIZATION,-0.1135909641161561,-0.0233,0.0902909641161561,1
art_101,Israeli Navy,ORGANIZATION,-0.1135909641161561,-0.0233,0.0902909641161561,1
art_101,Global,ORGANIZATION,-0.025795655441470444,-0.0233,0.002495655441470443,3
art_101,Israel,ORGANIZATION,-0.1639272061487039,-0.0233,0.1406272061487039,9
art_101,naval,ORGANIZATION,-0.10343215521425009,-0.0233,0.08013215521425009,3
art_101,Israel’s Foreign Ministry,ORGANIZATION,-0.02670061227399856,-0.0233,0.0034006122739985573,1
art_101,Greta Thunberg,PERSON,-0.02670061227399856,-0.0233,0.0034006122739985573,1
art_101,Greta,PERSON,0.35727292589338805,-0.0233,0.38057292589338804,3
art_101,Hamas,ORGANIZATION,-0.36583370837615803,-0.0233,0.34253370837615804,2
art_101,Greta,PERSON,0.35727292589338805,-0.0233,0.38057292589338804,3
art_101,Israel Foreign Ministry,ORGANIZATION,-0.056335424073040485,-0.0233,0.033035424073040484,1
art_101,@IsraelMFA,ORGANIZATION,-0.056335424073040485,-0.0233,0.033035424073040484,1
art_101,naval,ORGANIZATION,-0.10343215521425009,-0.0233,0.08013215521425009,3
art_101,Global Sumud Flotilla,ORGANIZATION,-0.025795655441470444,-0.0233,0.002495655441470443,3
art_101,Global Sumud Flotilla,ORGANIZATION,-0.025795655441470444,-0.0233,0.002495655441470443,3
art_101,@GlobalSumudF,ORGANIZATION,-0.020337798981927335,-0.0233,0.002962201018072666,1
art_101,Saif Abukeshek,PERSON,-0.020337798981927335,-0.0233,0.002962201018072666,1
art_101,Israel,ORGANIZATION,-0.1639272061487039,-0.0233,0.1406272061487039,9
art_101,Hamas,ORGANIZATION,-0.36583370837615803,-0.0233,0.34253370837615804,2
art_101,Palestinians,PERSON,-0.7645647821482271,-0.0233,0.7412647821482271,1
art_102,Greta Thunberg,PERSON,0.013946169754490256,-0.0142,0.028146169754490257,2
art_102,Israeli,ORGANIZATION,-0.056323414313374086,-0.0142,0.04212341431337409,10
art_102,Spain,ORGANIZATION,-0.1387749807909131,-0.0142,0.1245749807909131,1
art_102,Italy,ORGANIZATION,-0.07181757422707354,-0.0142,0.05761757422707353,3
art_102,Sumud,ORGANIZATION,-0.08102207859046757,-0.0142,0.06682207859046757,5
art_102,Israel,ORGANIZATION,-0.06578751531560556,-0.0142,0.051587515315605556,16
art_102,Israel,ORGANIZATION,-0.06578751531560556,-0.0142,0.051587515315605556,16
art_102,Ministry of Foreign Affairs,ORGANIZATION,-0.09137998125515878,-0.0142,0.07717998125515878,2
art_102,Greta Thunberg,PERSON,0.013946169754490256,-0.0142,0.028146169754490257,2
art_102,Thunberg,PERSON,0.012144570947081471,-0.0142,0.026344570947081473,3
art_102,Mali,ORGANIZATION,0.00030745348340133205,-0.0142,0.014507453483401333,1
art_102,Huga,ORGANIZATION,0.00030745348340133205,-0.0142,0.014507453483401333,1
art_102,Spectre,ORGANIZATION,0.00030745348340133205,-0.0142,0.014507453483401333,1
art_102,Adara,ORGANIZATION,0.00030745348340133205,-0.0142,0.014507453483401333,1
art_102,Global Sumud Flotilla,ORGANIZATION,-0.048322298214770854,-0.0142,0.03412229821477085,2
art_102,Israel,ORGANIZATION,-0.06578751531560556,-0.0142,0.051587515315605556,16
art_102,Israel,ORGANIZATION,-0.06578751531560556,-0.0142,0.051587515315605556,16
art_102,Israel,ORGANIZATION,-0.06578751531560556,-0.0142,0.051587515315605556,16
art_102,Israel,ORGANIZATION,-0.06578751531560556,-0.0142,0.051587515315605556,16
art_102,Israel,ORGANIZATION,-0.06578751531560556,-0.0142,0.051587515315605556,16
art_102,Leila Hegazy,PERSON,-0.20130534702911973,-0.0142,0.18710534702911974,1
art_102,United States government,ORGANIZATION,-0.007106859236955643,-0.0142,0.007093140763044358,1
art_102,Hassan Jabareen,PERSON,-0.0344803974730894,-0.0142,0.020280397473089396,1
art_102,Adalah,ORGANIZATION,-0.0344803974730894,-0.0142,0.020280397473089396,1
art_102,Al Jazeera,ORGANIZATION,-0.0344803974730894,-0.0142,0.020280397473089396,1
art_102,Israel,ORGANIZATION,-0.06578751531560556,-0.0142,0.051587515315605556,16
art_102,Israel,ORGANIZATION,-0.06578751531560556,-0.0142,0.051587515315605556,16
art_102,Jabareen,PERSON,-0.13311028720636386,-0.0142,0.11891028720636386,2
art_102,Israel,ORGANIZATION,-0.06578751531560556,-0.0142,0.051587515315605556,16
art_102,United Nations,ORGANIZATION,-0.04385740600991994,-0.0142,0.02965740600991994,1
art_102,Danny Danon,PERSON,-0.04385740600991994,-0.0142,0.02965740600991994,1
art_102,Turkiye,ORGANIZATION,-0.07935185311362147,-0.0142,0.06515185311362147,1
art_102,Ministry of Foreign Affairs,ORGANIZATION,-0.09137998125515878,-0.0142,0.07717998125515878,2
art_102,Israel,ORGANIZATION,-0.06578751531560556,-0.0142,0.051587515315605556,16
art_102,Italy,ORGANIZATION,-0.07181757422707354,-0.0142,0.05761757422707353,3
art_102,Foreign Minister,PERSON,-0.010395035555120558,-0.0142,0.0038049644448794433,1
art_102,Antonio Tajani,PERSON,-0.010395035555120558,-0.0142,0.0038049644448794433,1
art_102,TV Rai,ORGANIZATION,-0.17905591474846005,-0.0142,0.16485591474846006,1
art_102,Italy,ORGANIZATION,-0.07181757422707354,-0.0142,0.05761757422707353,3
art_102,Flotilla,ORGANIZATION,-0.11728591331047937,-0.0142,0.10308591331047937,10
art_103,Greta Thunberg,PERSON,-0.2127354796975851,-0.0488,0.1639354796975851,1
art_103,Global Sumud Flotilla,ORGANIZATION,-0.10391921177506447,-0.0488,0.055119211775064465,1
art_103,GSF,ORGANIZATION,-0.15555593881290405,-0.0488,0.10675593881290404,5
art_103,Israel,ORGANIZATION,-0.09694550528781422,-0.0488,0.048145505287814215,14
art_103,Israeli foreign ministry,ORGANIZATION,-0.004429512657225132,-0.0488,0.04437048734277487,1
art_103,foreign ministry,ORGANIZATION,-0.019705571583472192,-0.0488,0.02909442841652781,4
art_103,Israeli military,ORGANIZATION,-0.12409182079136372,-0.0488,0.0752918207913637,2
art_103,GSF,ORGANIZATION,-0.15555593881290405,-0.0488,0.10675593881290404,5
art_103,Defense Minister,PERSON,0.09865995682775974,-0.0488,0.14745995682775975,1
art_103,Israel Katz,PERSON,0.09865995682775974,-0.0488,0.14745995682775975,1
art_103,Israel Defense Forces,ORGANIZATION,0.09865995682775974,-0.0488,0.14745995682775975,1
art_103,Prime Minister,PERSON,0.04805830947589129,-0.0488,0.0968583094758913,2
art_103,Benjamin Netanyahu,PERSON,0.04805830947589129,-0.0488,0.0968583094758913,2
art_103,Israel,ORGANIZATION,-0.09694550528781422,-0.0488,0.048145505287814215,14
art_103,Israel,ORGANIZATION,-0.09694550528781422,-0.0488,0.048145505287814215,14
art_103,Israel,ORGANIZATION,-0.09694550528781422,-0.0488,0.048145505287814215,14
art_103,GSF,ORGANIZATION,-0.15555593881290405,-0.0488,0.10675593881290404,5
art_103,Israel,ORGANIZATION,-0.09694550528781422,-0.0488,0.048145505287814215,14
art_103,GSF,ORGANIZATION,-0.15555593881290405,-0.0488,0.10675593881290404,5
art_103,Israel,ORGANIZATION,-0.09694550528781422,-0.0488,0.048145505287814215,14
art_103,foreign ministry,ORGANIZATION,-0.019705571583472192,-0.0488,0.02909442841652781,4
art_103,Greta,PERSON,-0.10539499763399363,-0.0488,0.05659499763399362,2
art_103,X,ORGANIZATION,-0.056677114800550044,-0.0488,0.00787711480055004,4
art_103,Thunberg,PERSON,-0.08157787154777907,-0.0488,0.032777871547779065,3
art_103,GSF,ORGANIZATION,-0.15555593881290405,-0.0488,0.10675593881290404,5
art_103,Israel,ORGANIZATION,-0.09694550528781422,-0.0488,0.048145505287814215,14
art_103,Israel,ORGANIZATION,-0.09694550528781422,-0.0488,0.048145505287814215,14
art_103,US,ORGANIZATION,-0.050806165498215705,-0.0488,0.002006165498215702,6
art_103,President,PERSON,-0.0025433378759771585,-0.0488,0.046256662124022845,1
art_103,Donald Trump,PERSON,-0.0025433378759771585,-0.0488,0.046256662124022845,1
art_103,Prime Minister,PERSON,0.04805830947589129,-0.0488,0.0968583094758913,2
art_103,Benjamin Netanyahu,PERSON,0.04805830947589129,-0.0488,0.0968583094758913,2
art_103,Israel,ORGANIZATION,-0.09694550528781422,-0.0488,0.048145505287814215,14
art_103,Israel,ORGANIZATION,-0.09694550528781422,-0.0488,0.048145505287814215,14
art_103,Israel,ORGANIZATION,-0.09694550528781422,-0.0488,0.048145505287814215,14
art_103,Palestinians,PERSON,-0.6662510277237743,-0.0488,0.6174510277237744,1
art_103,UN,ORGANIZATION,-0.1446001094627718,-0.0488,0.09580010946277179,8
art_103,James Smith,PERSON,-0.0034322296269237995,-0.0488,0.045367770373076204,1
art_103,Israel,ORGANIZATION,-0.09694550528781422,-0.0488,0.048145505287814215,14
art_103,Smith,PERSON,0.002492031897418201,-0.0488,0.051292031897418204,2
art_103,CNN,ORGANIZATION,-0.0034322296269237995,-0.0488,0.045367770373076204,1
art_103,Lynda Kinkade,PERSON,-0.0034322296269237995,-0.0488,0.045367770373076204,1
art_103,Smith,PERSON,0.002492031897418201,-0.0488,0.051292031897418204,2
art_103,al-Aqsa,ORGANIZATION,0.008416293421760201,-0.0488,0.057216293421760205,1
art_103,Israel,ORGANIZATION,-0.09694550528781422,-0.0488,0.048145505287814215,14
art_103,Israel,ORGANIZATION,-0.09694550528781422,-0.0488,0.048145505287814215,14
art_103,foreign ministry,ORGANIZATION,-0.019705571583472192,-0.0488,0.02909442841652781,4
art_103,Israel,ORGANIZATION,-0.09694550528781422,-0.0488,0.048145505287814215,14
art_104,Israel,ORGANIZATION,-0.05801950324645364,-0.087,0.028980496753546352,19
art_104,Greta Thunberg,PERSON,-0.06988327798899263,-0.087,0.017116722011007363,1
art_104,Greta Thunberg,PERSON,-0.06988327798899263,-0.087,0.017116722011007363,1
art_104,Israel,ORGANIZATION,-0.05801950324645364,-0.087,0.028980496753546352,19
art_104,Foreign Ministry,ORGANIZATION,-0.11821252573281527,-0.087,0.03121252573281527,2
art_104,Global Sumud Flotilla,ORGANIZATION,-0.07678845967166126,-0.087,0.010211540328338736,1
art_104,GSF,ORGANIZATION,-0.0680952809828644,-0.087,0.0189047190171356,6
art_104,Israel,ORGANIZATION,-0.05801950324645364,-0.087,0.028980496753546352,19
art_104,Israel,ORGANIZATION,-0.05801950324645364,-0.087,0.028980496753546352,19
art_104,GSF,ORGANIZATION,-0.0680952809828644,-0.087,0.0189047190171356,6
art_104,Israel,ORGANIZATION,-0.05801950324645364,-0.087,0.028980496753546352,19
art_104,Israel,ORGANIZATION,-0.05801950324645364,-0.087,0.028980496753546352,19
art_104,Israel,ORGANIZATION,-0.05801950324645364,-0.087,0.028980496753546352,19
art_104,President,PERSON,-0.03526209422852844,-0.087,0.051737905771471554,1
art_104,Gustavo Petro,PERSON,-0.03526209422852844,-0.087,0.051737905771471554,1
art_104,Israel,ORGANIZATION,-0.05801950324645364,-0.087,0.028980496753546352,19
art_104,Prime Minister,PERSON,-0.09744934301124886,-0.087,0.010449343011248863,2
art_104,Netanyahu,PERSON,-0.03526209422852844,-0.087,0.051737905771471554,1
art_104,Petro,PERSON,-0.01598418428329751,-0.087,0.07101581571670249,2
art_104,Colombia,ORGANIZATION,-0.01598418428329751,-0.087,0.07101581571670249,2
art_104,Israel,ORGANIZATION,-0.05801950324645364,-0.087,0.028980496753546352,19
art_104,Colombians,PERSON,0.003293725661933422,-0.087,0.09029372566193342,1
art_104,Amnesty International,ORGANIZATION,-0.04754667729139328,-0.087,0.039453322708606714,1
art_104,Secretary General,PERSON,-0.04754667729139328,-0.087,0.039453322708606714,1
art_104,Agnès Callamard,PERSON,-0.04754667729139328,-0.087,0.039453322708606714,1
art_104,Israel,ORGANIZATION,-0.05801950324645364,-0.087,0.028980496753546352,19
art_104,Israel,ORGANIZATION,-0.05801950324645364,-0.087,0.028980496753546352,19
art_104,Italy,ORGANIZATION,-0.054719361379587404,-0.087,0.03228063862041259,3
art_104,Prime Minister,PERSON,-0.09744934301124886,-0.087,0.010449343011248863,2
art_104,Giorgia Meloni,PERSON,-0.15963659179396927,-0.087,0.07263659179396928,1
art_104,Israel,ORGANIZATION,-0.05801950324645364,-0.087,0.028980496753546352,19
art_104,Foreign Ministry,ORGANIZATION,-0.11821252573281527,-0.087,0.03121252573281527,2
art_104,Thunberg,PERSON,-0.11475993489148095,-0.087,0.02775993489148096,2
art_104,Israel,ORGANIZATION,-0.05801950324645364,-0.087,0.028980496753546352,19
art_104,Greta,PERSON,0.08446196041768417,-0.087,0.17146196041768416,2
art_104,Israeli government,ORGANIZATION,0.23880719882436097,-0.087,0.32580719882436093,1
art_104,Israel,ORGANIZATION,-0.05801950324645364,-0.087,0.028980496753546352,19
art_104,GSF,ORGANIZATION,-0.0680952809828644,-0.087,0.0189047190171356,6
art_104,Israel,ORGANIZATION,-0.05801950324645364,-0.087,0.028980496753546352,19
art_104,GSF,ORGANIZATION,-0.0680952809828644,-0.087,0.0189047190171356,6
art_104,GSF,ORGANIZATION,-0.0680952809828644,-0.087,0.0189047190171356,6
art_104,Israel,ORGANIZATION,-0.05801950324645364,-0.087,0.028980496753546352,19
art_104,Caoimhe Butterly,PERSON,-0.0007127635180950165,-0.087,0.08628723648190498,1
art_104,GSF,ORGANIZATION,-0.0680952809828644,-0.087,0.0189047190171356,6
art_104,Freedom Flotilla Coalition,ORGANIZATION,-0.0007127635180950165,-0.087,0.08628723648190498,1
art_104,Israel,ORGANIZATION,-0.05801950324645364,-0.087,0.028980496753546352,19
art_104,CGIL,ORGANIZATION,-0.015331411734223366,-0.087,0.07166858826577663,1
art_104,Italian government,ORGANIZATION,-0.015331411734223366,-0.087,0.07166858826577663,1
art_104,UN,ORGANIZATION,-0.04605228610506112,-0.087,0.04094771389493888,11
art_104,High Commissioner for Human Rights,PERSON,0.03924815123900771,-0.087,0.1262481512390077,1
art_104,Volker Türk,PERSON,0.03924815123900771,-0.087,0.1262481512390077,1
art_104,Israel,ORGANIZATION,-0.05801950324645364,-0.087,0.028980496753546352,19
art_104,UK Foreign Office,ORGANIZATION,0.032812125980854034,-0.087,0.11981212598085403,1
art_105,Reuters,ORGANIZATION,-0.08096512517658994,-0.0198,0.06116512517658994,2
art_105,Israel,ORGANIZATION,-0.060177258759116135,-0.0198,0.04037725875911613,9
art_105,Israeli foreign ministry,ORGANIZATION,-0.01980785862542689,-0.0198,7.85862542688684e-06,1
art_105,Reuters,ORGANIZATION,-0.08096512517658994,-0.0198,0.06116512517658994,2
art_105,Greta Thunberg,PERSON,-0.01980785862542689,-0.0198,7.85862542688684e-06,1
art_105,Hamas-,ORGANIZATION,-0.01980785862542689,-0.0198,7.85862542688684e-06,1
art_105,Israeli foreign ministry,ORGANIZATION,-0.01980785862542689,-0.0198,7.85862542688684e-06,1
art_105,Greta,PERSON,0.07632789621129632,-0.0198,0.09612789621129632,2
art_105,Global Sumud,ORGANIZATION,0.17246365104801953,-0.0198,0.19226365104801954,1
art_105,Turkey,ORGANIZATION,-0.020648330450057983,-0.0198,0.0008483304500579818,1
art_105,Italy,ORGANIZATION,-0.020648330450057983,-0.0198,0.0008483304500579818,1
art_105,Israel,ORGANIZATION,-0.060177258759116135,-0.0198,0.04037725875911613,9
art_105,foreign ministry,ORGANIZATION,-0.020228094537742436,-0.0198,0.0004280945377424343,2
art_105,Israel,ORGANIZATION,-0.060177258759116135,-0.0198,0.04037725875911613,9
art_105,Israel,ORGANIZATION,-0.060177258759116135,-0.0198,0.04037725875911613,9
art_105,Israeli Occupation Forces,ORGANIZATION,-0.1478508694563061,-0.0198,0.1280508694563061,1
art_105,Reuters,ORGANIZATION,-0.08096512517658994,-0.0198,0.06116512517658994,2
art_105,Israeli,ORGANIZATION,-0.10614436562173069,-0.0198,0.08634436562173069,6
art_105,Israel,ORGANIZATION,-0.060177258759116135,-0.0198,0.04037725875911613,9
art_105,Turks,PERSON,-0.4539881832897663,-0.0198,0.4341881832897663,1
art_105,Spain,ORGANIZATION,-0.23731825686991215,-0.0198,0.21751825686991214,2
art_105,Israel,ORGANIZATION,-0.060177258759116135,-0.0198,0.04037725875911613,9
art_105,Ireland,ORGANIZATION,0.006982669234275818,-0.0198,0.02678266923427582,1
art_105,Foreign Minister,PERSON,0.006982669234275818,-0.0198,0.02678266923427582,1
art_105,Simon Harris,PERSON,0.006982669234275818,-0.0198,0.02678266923427582,1
art_105,Israel,ORGANIZATION,-0.060177258759116135,-0.0198,0.04037725875911613,9
art_105,Hamas,ORGANIZATION,-0.00048052717465907335,-0.0198,0.01931947282534093,2
art_106,Israeli foreign ministry,ORGANIZATION,-0.0011500853579491377,0.0012,0.0023500853579491374,2
art_106,Greta Thunberg,PERSON,0.002836584550095722,0.0012,0.0016365845500957222,2
art_106,Thunberg,PERSON,-0.12790718888572883,0.0012,0.12910718888572884,4
art_106,Greta Thunberg,PERSON,0.002836584550095722,0.0012,0.0016365845500957222,2
art_106,Thunberg,PERSON,-0.12790718888572883,0.0012,0.12910718888572884,4
art_106,Global Sumud Flotilla,ORGANIZATION,0.011742272065021098,0.0012,0.010542272065021098,1
art_106,Thunberg,PERSON,-0.12790718888572883,0.0012,0.12910718888572884,4
art_106,Israeli navy,ORGANIZATION,-0.0025443507668872676,0.0012,0.0037443507668872677,3
art_106,Sky Italia,ORGANIZATION,0.09119401779025793,0.0012,0.08999401779025792,1
art_106,Israeli foreign ministry,ORGANIZATION,-0.0011500853579491377,0.0012,0.0023500853579491374,2
art_106,Israeli navy,ORGANIZATION,-0.0025443507668872676,0.0012,0.0037443507668872677,3
art_106,Israel’s navy,ORGANIZATION,-0.007915019989013672,0.0012,0.009115019989013672,1
art_106,Italy,ORGANIZATION,0.004859380268802245,0.0012,0.0036593802688022455,3
art_106,foreign minister,PERSON,0.009829649337916635,0.0012,0.008629649337916635,2
art_106,IDF,ORGANIZATION,0.005021428689360619,0.0012,0.003821428689360619,1
art_106,foreign minister,PERSON,0.009829649337916635,0.0012,0.008629649337916635,2
art_106,Gideon Sa’ar,PERSON,0.014637869986472651,0.0012,0.013437869986472652,1
art_106,Tel Aviv armed forces,ORGANIZATION,0.014637869986472651,0.0012,0.013437869986472652,1
art_106,Antonio Tajani,PERSON,0.014637869986472651,0.0012,0.013437869986472652,1
art_106,Rai,ORGANIZATION,0.006492405562312342,0.0012,0.0052924055623123425,2
art_106,Italians,PERSON,-0.0087548668961972,0.0012,0.0099548668961972,1
art_106,Israel,ORGANIZATION,-0.06883923175337259,0.0012,0.0700392317533726,14
art_106,Hamas,ORGANIZATION,-0.2070040829712525,0.0012,0.2082040829712525,1
art_106,Israel,ORGANIZATION,-0.06883923175337259,0.0012,0.0700392317533726,14
art_106,Spain,ORGANIZATION,-0.004546753130853176,0.0012,0.005746753130853176,1
art_106,Italy,ORGANIZATION,0.004859380268802245,0.0012,0.0036593802688022455,3
art_107,Global Sumud Flotilla,ORGANIZATION,-0.010409052018076181,-0.01,0.0004090520180761812,1
art_107,Greta Thunberg,PERSON,-0.010409052018076181,-0.01,0.0004090520180761812,1
art_107,Israel,ORGANIZATION,-0.06719494737529506,-0.01,0.05719494737529506,15
art_107,United Nations,ORGANIZATION,-0.010409052018076181,-0.01,0.0004090520180761812,1
art_107,Israeli navy,ORGANIZATION,-0.05934866704046726,-0.01,0.04934866704046726,1
art_107,Thunberg,PERSON,-0.04133819307511052,-0.01,0.031338193075110515,3
art_107,Israeli occupation navy,ORGANIZATION,-0.06096319667994976,-0.01,0.05096319667994976,1
art_107,Flotilla,ORGANIZATION,-0.06214882706020338,-0.01,0.05214882706020338,12
art_107,Saif Abukeshek,PERSON,-0.05796327954158187,-0.01,0.04796327954158187,1
art_107,flotilla,ORGANIZATION,-0.06214882706020338,-0.01,0.05214882706020338,12
art_107,Israeli foreign ministry,ORGANIZATION,-0.20130909030558541,-0.01,0.1913090903055854,2
art_107,Thunberg,PERSON,-0.04133819307511052,-0.01,0.031338193075110515,3
art_107,Greta,PERSON,-0.03233295609243214,-0.01,0.02233295609243214,2
art_107,Hamas,ORGANIZATION,0.040488400496542454,-0.01,0.050488400496542456,2
art_107,Israel,ORGANIZATION,-0.06719494737529506,-0.01,0.05719494737529506,15
art_107,Israeli foreign ministry,ORGANIZATION,-0.20130909030558541,-0.01,0.1913090903055854,2
art_107,naval,ORGANIZATION,-0.05341854109428823,-0.01,0.04341854109428823,3
art_107,Hamas,ORGANIZATION,0.040488400496542454,-0.01,0.050488400496542456,2
art_107,Israeli,ORGANIZATION,-0.07961775300791488,-0.01,0.06961775300791488,10
art_107,X,ORGANIZATION,-0.0061083732871338725,-0.01,0.0038916267128661277,7
art_107,Israel,ORGANIZATION,-0.06719494737529506,-0.01,0.05719494737529506,15
art_107,President,PERSON,0.012418002123013139,-0.01,0.02241800212301314,1
art_107,Gustavo Petro,PERSON,0.012418002123013139,-0.01,0.02241800212301314,1
art_107,Turkey,ORGANIZATION,-0.2844115742482245,-0.01,0.2744115742482245,1
art_107,foreign minister,PERSON,-0.2844115742482245,-0.01,0.2744115742482245,1
art_107,Israel,ORGANIZATION,-0.06719494737529506,-0.01,0.05719494737529506,15
art_107,Spain,ORGANIZATION,-0.07823840407654643,-0.01,0.06823840407654644,5
art_107,transformation minister,PERSON,-0.023089852184057236,-0.01,0.013089852184057236,1
art_107,Oscar Lopez,PERSON,-0.023089852184057236,-0.01,0.013089852184057236,1
art_107,Italy,ORGANIZATION,-0.10378489792346954,-0.01,0.09378489792346954,5
art_107,Spain,ORGANIZATION,-0.07823840407654643,-0.01,0.06823840407654644,5
art_107,Italy,ORGANIZATION,-0.10378489792346954,-0.01,0.09378489792346954,5
art_107,Prime Minister,PERSON,-0.04550857376307249,-0.01,0.03550857376307249,1
art_107,Pedro Sanchez,PERSON,-0.04550857376307249,-0.01,0.03550857376307249,1
art_107,Benjamin Netanyahu,PERSON,-0.04550857376307249,-0.01,0.03550857376307249,1
art_108,Israel,ORGANIZATION,-0.1675354443335285,-0.1717,0.004164555666471503,3
art_108,Malaysians,PERSON,-0.07799367608095054,-0.1717,0.09370632391904946,2
art_108,Anwar,PERSON,-0.17113443743437529,-0.1717,0.0005655625656247054,1
art_108,Prime Minister,PERSON,-0.17113443743437529,-0.1717,0.0005655625656247054,1
art_108,Anwar,PERSON,-0.17113443743437529,-0.1717,0.0005655625656247054,1
art_108,Malaysians,PERSON,-0.07799367608095054,-0.1717,0.09370632391904946,2
art_108,Prime Minister,PERSON,-0.17113443743437529,-0.1717,0.0005655625656247054,1
art_108,Anwar Ibrahim,PERSON,-0.17113443743437529,-0.1717,0.0005655625656247054,1
art_108,Global Sumud Flotilla,ORGANIZATION,-0.2647243947722018,-0.1717,0.09302439477220178,1
art_108,Israel,ORGANIZATION,-0.1675354443335285,-0.1717,0.004164555666471503,3
art_108,United Nations,ORGANIZATION,-0.2647243947722018,-0.1717,0.09302439477220178,1
art_108,Israel,ORGANIZATION,-0.1675354443335285,-0.1717,0.004164555666471503,3
art_108,Malaysians,PERSON,-0.07799367608095054,-0.1717,0.09370632391904946,2
art_108,Malaysian Consultative Council of Islamic Organisations,ORGANIZATION,-0.005013040732592344,-0.1717,0.16668695926740765,1
art_108,Rapper Zizi Kirana,PERSON,-0.06674750079400837,-0.1717,0.10495249920599162,1
art_109,Italy,ORGANIZATION,0.0013678102113772184,0.0106,0.009232189788622782,6
art_109,Israel,ORGANIZATION,-0.09968093000601844,0.0106,0.11028093000601843,7
art_109,Xinhua,ORGANIZATION,0.0010985585395246744,0.0106,0.009501441460475326,1
art_109,Italy,ORGANIZATION,0.0013678102113772184,0.0106,0.009232189788622782,6
art_109,Greece,ORGANIZATION,0.002877300954423845,0.0106,0.007722699045576155,4
art_109,Global Sumud Flotilla,ORGANIZATION,0.0010985585395246744,0.0106,0.009501441460475326,1
art_109,GSF,ORGANIZATION,0.0022352018859237432,0.0106,0.008364798114076257,3
art_109,GSF,ORGANIZATION,0.0022352018859237432,0.0106,0.008364798114076257,3
art_109,Israel,ORGANIZATION,-0.09968093000601844,0.0106,0.11028093000601843,7
art_109,Palestinians,PERSON,0.026122674345970154,0.0106,0.015522674345970154,1
art_109,Italy,ORGANIZATION,0.0013678102113772184,0.0106,0.009232189788622782,6
art_109,Foreign Minister,PERSON,-0.001959743181942031,0.0106,0.01255974318194203,1
art_109,Antonio Tajani,PERSON,-0.001959743181942031,0.0106,0.01255974318194203,1
art_109,Italian government,ORGANIZATION,0.0022159588988870382,0.0106,0.008384041101112962,1
art_109,Defense Minister,PERSON,0.29830234218388796,0.0106,0.28770234218388796,1
art_109,Guido Crosetto,PERSON,0.29830234218388796,0.0106,0.28770234218388796,1
art_109,Italy,ORGANIZATION,0.0013678102113772184,0.0106,0.009232189788622782,6
art_109,Rai News 24,ORGANIZATION,-0.0013425993674900383,0.0106,0.011942599367490038,1
art_109,Israel,ORGANIZATION,-0.09968093000601844,0.0106,0.11028093000601843,7
art_109,GSF,ORGANIZATION,0.0022352018859237432,0.0106,0.008364798114076257,3
art_109,Portuguese,PERSON,0.0003623833181336522,0.0106,0.010237616681866348,3
art_109,President,PERSON,0.009790931013412774,0.0106,0.0008090689865872264,1
art_109,Marcelo Rebelo de Sousa,PERSON,0.009790931013412774,0.0106,0.0008090689865872264,1
art_109,Portuguese embassy,ORGANIZATION,0.009790931013412774,0.0106,0.0008090689865872264,1
art_109,Portuguese foreign ministry,ORGANIZATION,0.011811846168711782,0.0106,0.0012118461687117815,1
art_109,embassy,ORGANIZATION,0.010801388591062278,0.0106,0.0002013885910622775,2
art_109,Italy,ORGANIZATION,0.0013678102113772184,0.0106,0.009232189788622782,6
art_109,Greece,ORGANIZATION,0.002877300954423845,0.0106,0.007722699045576155,4
art_109,Greece,ORGANIZATION,0.002877300954423845,0.0106,0.007722699045576155,4
art_109,Italy,ORGANIZATION,0.0013678102113772184,0.0106,0.009232189788622782,6
art_110,Greta Thunberg,PERSON,-0.033234387170523405,-0.0318,0.0014343871705234032,1
art_110,Associated Press,ORGANIZATION,-0.033234387170523405,-0.0318,0.0014343871705234032,1
art_110,Global Sumud Flotilla,ORGANIZATION,-0.06201895851215037,-0.0318,0.030218958512150368,3
art_110,Israel,ORGANIZATION,-0.05543360112443969,-0.0318,0.023633601124439685,11
art_110,AP,ORGANIZATION,-0.049684690014449494,-0.0318,0.017884690014449492,6
art_110,Global Sumud Flotilla,ORGANIZATION,-0.06201895851215037,-0.0318,0.030218958512150368,3
art_110,AP,ORGANIZATION,-0.049684690014449494,-0.0318,0.017884690014449492,6
art_110,Israel,ORGANIZATION,-0.05543360112443969,-0.0318,0.023633601124439685,11
art_110,foreign ministry,ORGANIZATION,-0.06416147425382708,-0.0318,0.03236147425382708,3
art_110,Thunberg,PERSON,-0.013096477989165578,-0.0318,0.018703522010834424,3
art_110,Thunberg,PERSON,-0.013096477989165578,-0.0318,0.018703522010834424,3
art_110,Barcelona,ORGANIZATION,-0.0012751992253470235,-0.0318,0.03052480077465298,1
art_110,Mayor,PERSON,-0.0012751992253470235,-0.0318,0.03052480077465298,1
art_110,Ada Colau,PERSON,-0.0012751992253470235,-0.0318,0.03052480077465298,1
art_110,European Parliament,ORGANIZATION,-0.0012751992253470235,-0.0318,0.03052480077465298,1
art_110,Rima Hassan,PERSON,-0.0012751992253470235,-0.0318,0.03052480077465298,1
art_110,AP,ORGANIZATION,-0.049684690014449494,-0.0318,0.017884690014449492,6
art_110,Israel's foreign ministry,ORGANIZATION,-0.06416147425382708,-0.0318,0.03236147425382708,3
art_110,Israel's foreign ministry,ORGANIZATION,-0.06416147425382708,-0.0318,0.03236147425382708,3
art_110,X,ORGANIZATION,-0.05457047789726251,-0.0318,0.02277047789726251,6
art_110,Hamas,ORGANIZATION,-0.0321385029819794,-0.0318,0.00033850298197939804,3
art_110,ITALY,ORGANIZATION,-0.019865044567268342,-0.0318,0.01193495543273166,2
art_110,MELONI,PERSON,-0.03244113584514707,-0.0318,0.0006411358451470714,1
art_110,AP,ORGANIZATION,-0.049684690014449494,-0.0318,0.017884690014449492,6
art_110,Italy,ORGANIZATION,-0.019865044567268342,-0.0318,0.01193495543273166,2
art_110,Israel,ORGANIZATION,-0.05543360112443969,-0.0318,0.023633601124439685,11
art_110,Hamas,ORGANIZATION,-0.0321385029819794,-0.0318,0.00033850298197939804,3
art_110,Israel Defense Forces,ORGANIZATION,-0.07750462312833406,-0.0318,0.04570462312833406,1
art_110,IDF,ORGANIZATION,-0.07750462312833406,-0.0318,0.04570462312833406,1
art_110,Global Sumud Flotilla,ORGANIZATION,-0.06201895851215037,-0.0318,0.030218958512150368,3
art_110,Fox News Digital,ORGANIZATION,-0.07750462312833406,-0.0318,0.04570462312833406,1
art_111,Israeli Foreign Ministry,ORGANIZATION,-0.0012723462423309684,-0.0427,0.04142765375766903,2
art_111,Reuters,ORGANIZATION,0.0001626277808099985,-0.0427,0.04286262778081,1
art_111,Greta Thunberg,PERSON,0.0001626277808099985,-0.0427,0.04286262778081,1
art_111,Hamas,ORGANIZATION,-0.0027073202654719353,-0.0427,0.03999267973452807,1
art_111,Israeli Foreign Ministry,ORGANIZATION,-0.0012723462423309684,-0.0427,0.04142765375766903,2
art_111,Greta,PERSON,0.11138831317657605,-0.0427,0.15408831317657606,2
art_111,Global,ORGANIZATION,0.2226139985723421,-0.0427,0.2653139985723421,1
art_111,Israel,ORGANIZATION,-0.13848026789783036,-0.0427,0.09578026789783035,20
art_111,Turkey,ORGANIZATION,-0.04935235752782319,-0.0427,0.006652357527823186,4
art_111,Spain,ORGANIZATION,0.10903245699591935,-0.0427,0.15173245699591936,2
art_111,Italy,ORGANIZATION,-0.014545221391017549,-0.0427,0.028154778608982453,4
art_111,Turkey’s Foreign Ministry,ORGANIZATION,-0.20773717205156572,-0.0427,0.1650371720515657,2
art_111,Israel,ORGANIZATION,-0.13848026789783036,-0.0427,0.09578026789783035,20
art_111,Turkey,ORGANIZATION,-0.04935235752782319,-0.0427,0.006652357527823186,4
art_111,Spain,ORGANIZATION,0.10903245699591935,-0.0427,0.15173245699591936,2
art_111,Italy,ORGANIZATION,-0.014545221391017549,-0.0427,0.028154778608982453,4
art_111,Israel,ORGANIZATION,-0.13848026789783036,-0.0427,0.09578026789783035,20
art_111,Turkey,ORGANIZATION,-0.04935235752782319,-0.0427,0.006652357527823186,4
art_111,foreign ministry,ORGANIZATION,-0.10450475914694835,-0.0427,0.06180475914694834,4
art_111,Israel,ORGANIZATION,-0.13848026789783036,-0.0427,0.09578026789783035,20
art_111,President,PERSON,-0.011698893387801945,-0.0427,0.031001106612198057,1
art_111,Gustavo Petro,PERSON,-0.011698893387801945,-0.0427,0.031001106612198057,1
art_111,Israel,ORGANIZATION,-0.13848026789783036,-0.0427,0.09578026789783035,20
art_111,Colombians,PERSON,-0.03890170267550275,-0.0427,0.0037982973244972545,2
art_111,Israel,ORGANIZATION,-0.13848026789783036,-0.0427,0.09578026789783035,20
art_111,Petro,PERSON,-0.03890170267550275,-0.0427,0.0037982973244972545,2
art_111,Prime Minister,PERSON,-0.09451741364318877,-0.0427,0.05181741364318877,2
art_111,Benjamin Netanyahu,PERSON,-0.06610451196320355,-0.0427,0.023404511963203548,1
art_111,Colombians,PERSON,-0.03890170267550275,-0.0427,0.0037982973244972545,2
art_111,Colombia,ORGANIZATION,-0.05364186053629964,-0.0427,0.010941860536299641,5
art_111,Israel,ORGANIZATION,-0.13848026789783036,-0.0427,0.09578026789783035,20
art_111,Prime Minister,PERSON,-0.09451741364318877,-0.0427,0.05181741364318877,2
art_111,Anwar Ibrahim,PERSON,-0.122930315323174,-0.0427,0.080230315323174,1
art_111,Israel,ORGANIZATION,-0.13848026789783036,-0.0427,0.09578026789783035,20
art_111,Malaysians,PERSON,-0.122930315323174,-0.0427,0.080230315323174,1
art_111,Israel,ORGANIZATION,-0.13848026789783036,-0.0427,0.09578026789783035,20
art_111,Anwar,PERSON,-0.1748545978916809,-0.0427,0.13215459789168088,2
art_111,Israel,ORGANIZATION,-0.13848026789783036,-0.0427,0.09578026789783035,20
art_111,international aid flotilla,ORGANIZATION,-0.04778869450092316,-0.0427,0.005088694500923155,1
art_111,Israel,ORGANIZATION,-0.13848026789783036,-0.0427,0.09578026789783035,20
art_111,Israel,ORGANIZATION,-0.13848026789783036,-0.0427,0.09578026789783035,20
art_111,Israeli Occupation Forces,ORGANIZATION,-0.1549903340637684,-0.0427,0.11229033406376838,1
art_111,Israel,ORGANIZATION,-0.13848026789783036,-0.0427,0.09578026789783035,20
art_112,navy,ORGANIZATION,-0.023686504078796133,0.0188,0.04248650407879613,4
art_112,Greta Thunberg,PERSON,0.10043409187346697,0.0188,0.08163409187346697,1
art_112,Global Sumud Flotilla,ORGANIZATION,0.10043409187346697,0.0188,0.08163409187346697,1
art_112,Nelson Mandela,PERSON,0.007116391323506832,0.0188,0.011683608676493169,1
art_112,Mandla Mandela,PERSON,0.007116391323506832,0.0188,0.011683608676493169,1
art_112,Mayor,PERSON,0.007116391323506832,0.0188,0.011683608676493169,1
art_112,Ada Colau,PERSON,0.007116391323506832,0.0188,0.011683608676493169,1
art_112,Palestinians.Greg Stoker,PERSON,0.007116391323506832,0.0188,0.011683608676493169,1
art_112,Stoker,PERSON,-0.0031931244302541018,0.0188,0.021993124430254102,2
art_112,Israeli Foreign Ministry,ORGANIZATION,-0.005135149462148547,0.0188,0.023935149462148548,2
art_112,Thunberg,PERSON,0.04982568556442857,0.0188,0.031025685564428567,2
art_112,Greta,PERSON,0.07149933563778177,0.0188,0.05269933563778177,2
art_112,Foreign Minister,PERSON,-0.02182951319264248,0.0188,0.04062951319264248,2
art_112,Antonio Tajani,PERSON,0.04256457940209657,0.0188,0.02376457940209657,1
art_112,TV Rai,ORGANIZATION,-0.17905591474846005,0.0188,0.19785591474846007,1
art_112,Turkiye,ORGANIZATION,-0.10601406916975975,0.0188,0.12481406916975975,1
art_112,Foreign Ministry,ORGANIZATION,-0.03876145603135228,0.0188,0.05756145603135228,3
art_112,Israel,ORGANIZATION,-0.02873014357800667,0.0188,0.04753014357800667,13
art_112,navy,ORGANIZATION,-0.023686504078796133,0.0188,0.04248650407879613,4
art_112,Israeli,ORGANIZATION,-0.0033836537739261987,0.0188,0.0221836537739262,10
art_112,navy,ORGANIZATION,-0.023686504078796133,0.0188,0.04248650407879613,4
art_112,Israeli foreign ministry,ORGANIZATION,-0.005135149462148547,0.0188,0.023935149462148548,2
art_112,Israel,ORGANIZATION,-0.02873014357800667,0.0188,0.04753014357800667,13
art_112,Foreign Minister,PERSON,-0.02182951319264248,0.0188,0.04062951319264248,2
art_112,Gideon Saar,PERSON,-0.08622360578738153,0.0188,0.10502360578738153,1
art_112,Hamas,ORGANIZATION,-0.08622360578738153,0.0188,0.10502360578738153,1
art_112,Israel,ORGANIZATION,-0.02873014357800667,0.0188,0.04753014357800667,13
art_112,Spain,ORGANIZATION,-0.07437580823898315,0.0188,0.09317580823898315,1
art_112,Italy,ORGANIZATION,-0.015905614418443292,0.0188,0.03470561441844329,2
art_113,Israeli,ORGANIZATION,-0.1709837932139635,-0.2904,0.11941620678603648,4
art_113,Israel,ORGANIZATION,-0.22128066775224975,-0.2904,0.06911933224775024,11
art_113,Israel,ORGANIZATION,-0.22128066775224975,-0.2904,0.06911933224775024,11
art_113,Palestinians,PERSON,-0.3427872380707413,-0.2904,0.052387238070741304,2
art_113,Israel,ORGANIZATION,-0.22128066775224975,-0.2904,0.06911933224775024,11
art_113,Israel,ORGANIZATION,-0.22128066775224975,-0.2904,0.06911933224775024,11
art_113,Palestinians,PERSON,-0.3427872380707413,-0.2904,0.052387238070741304,2
art_113,Global Sumud Flotilla,ORGANIZATION,-0.31710726022720337,-0.2904,0.026707260227203378,1
art_113,South Africans,PERSON,-0.6943017784506083,-0.2904,0.40390177845060826,1
art_113,ubuntu,ORGANIZATION,-0.6943017784506083,-0.2904,0.40390177845060826,1
art_113,United Nations,ORGANIZATION,0.9974856929038651,-0.2904,1.2878856929038651,1
art_113,Palestine,ORGANIZATION,0.6594726346957032,-0.2904,0.9498726346957032,2
art_113,South Africa,ORGANIZATION,-0.14219537552271505,-0.2904,0.14820462447728494,5
art_113,Israeli government,ORGANIZATION,0.10089536383748055,-0.2904,0.39129536383748054,1
art_113,Israel,ORGANIZATION,-0.22128066775224975,-0.2904,0.06911933224775024,11
art_113,South Africa,ORGANIZATION,-0.14219537552271505,-0.2904,0.14820462447728494,5
art_113,Africa,ORGANIZATION,-0.14219537552271505,-0.2904,0.14820462447728494,5
art_113,Israel,ORGANIZATION,-0.22128066775224975,-0.2904,0.06911933224775024,11
art_113,Glencore,ORGANIZATION,0.043956650522886775,-0.2904,0.33435665052288677,1
art_113,South Africa,ORGANIZATION,-0.14219537552271505,-0.2904,0.14820462447728494,5
art_113,Israel,ORGANIZATION,-0.22128066775224975,-0.2904,0.06911933224775024,11
art_113,Israel,ORGANIZATION,-0.22128066775224975,-0.2904,0.06911933224775024,11
art_113,South African government,ORGANIZATION,-0.17309410125017166,-0.2904,0.11730589874982833,1
art_113,South Africa,ORGANIZATION,-0.14219537552271505,-0.2904,0.14820462447728494,5
art_113,Colombia,ORGANIZATION,0.011566987726837397,-0.2904,0.3019669877268374,1
art_113,Israel,ORGANIZATION,-0.22128066775224975,-0.2904,0.06911933224775024,11
art_114,Thunberg,PERSON,-0.10373802072135732,0.0039,0.10763802072135732,5
art_114,Greta Thunberg,PERSON,-0.09223579234094359,0.0039,0.09613579234094359,2
art_114,Global Sumud Flotilla,ORGANIZATION,0.16323497891426086,0.0039,0.15933497891426088,1
art_114,Israel,ORGANIZATION,-0.045238941711431835,0.0039,0.049138941711431836,8
art_114,Thunberg,PERSON,-0.10373802072135732,0.0039,0.10763802072135732,5
art_114,Israel,ORGANIZATION,-0.045238941711431835,0.0039,0.049138941711431836,8
art_114,Thunberg,PERSON,-0.10373802072135732,0.0039,0.10763802072135732,5
art_114,Ersin Celik,PERSON,-0.06994144356576726,0.0039,0.07384144356576726,1
art_114,Greta Thunberg,PERSON,-0.09223579234094359,0.0039,0.09613579234094359,2
art_114,Thunberg,PERSON,-0.10373802072135732,0.0039,0.10763802072135732,5
art_114,Israeli government,ORGANIZATION,-0.024421718902885914,0.0039,0.028321718902885915,1
art_114,Israeli Foreign Ministry,ORGANIZATION,0.0009545581415295601,0.0039,0.0029454418584704397,1
art_114,Thunberg,PERSON,-0.10373802072135732,0.0039,0.10763802072135732,5
art_115,Greta Thunberg,PERSON,-0.15642588553600945,-0.0424,0.11402588553600945,4
art_115,Israel,ORGANIZATION,-0.2031110522686504,-0.0424,0.1607110522686504,10
art_115,Greta Thunberg,PERSON,-0.15642588553600945,-0.0424,0.11402588553600945,4
art_115,3Can,ORGANIZATION,-0.02355846017599106,-0.0424,0.018841539824008942,1
art_115,US,ORGANIZATION,-0.18117841131752357,-0.0424,0.13877841131752358,10
art_115,3Norman,ORGANIZATION,-0.1263806272763759,-0.0424,0.0839806272763759,1
art_115,Finkelstein,PERSON,-0.1263806272763759,-0.0424,0.0839806272763759,1
art_115,Ersin Celik,PERSON,-0.1263806272763759,-0.0424,0.0839806272763759,1
art_115,Greta Thunberg,PERSON,-0.15642588553600945,-0.0424,0.11402588553600945,4
art_115,Hazwani Helmi,PERSON,-0.1263806272763759,-0.0424,0.0839806272763759,1
art_115,Windfield Beaver,PERSON,-0.1263806272763759,-0.0424,0.0839806272763759,1
art_115,Thunberg,PERSON,-0.11788292126827098,-0.0424,0.07548292126827097,6
art_115,Helmi,PERSON,-0.10317884443793446,-0.0424,0.06077884443793446,2
art_115,Beaver,PERSON,-0.10425630584359169,-0.0424,0.06185630584359169,2
art_115,Thunberg,PERSON,-0.11788292126827098,-0.0424,0.07548292126827097,6
art_115,National Security Minister,PERSON,-0.08213198441080749,-0.0424,0.03973198441080749,1
art_115,Itamar Ben-Gvir,PERSON,-0.08213198441080749,-0.0424,0.03973198441080749,1
art_115,Lorenzo Agostino,PERSON,0.0005379989452194422,-0.0424,0.04293799894521944,1
art_115,Thunberg,PERSON,-0.11788292126827098,-0.0424,0.07548292126827097,6
art_115,Greta Thunberg,PERSON,-0.15642588553600945,-0.0424,0.11402588553600945,4
art_115,Anadolu,ORGANIZATION,-0.365114260581322,-0.0424,0.322714260581322,1
art_115,Turkish,ORGANIZATION,-0.07860297463048482,-0.0424,0.03620297463048482,4
art_115,Ikbal Gurpinar,PERSON,-0.06761427409946918,-0.0424,0.025214274099469185,1
art_115,Aycin Kantoglu,PERSON,-0.12163438089191914,-0.0424,0.07923438089191914,1
art_115,Palestinians,PERSON,-0.011548303067684174,-0.0424,0.030851696932315827,2
art_115,Foreign Minister,PERSON,-0.06144023931119591,-0.0424,0.01904023931119591,1
art_115,Antonio Tajani,PERSON,-0.06144023931119591,-0.0424,0.01904023931119591,1
art_115,MP,PERSON,-0.12483657109551131,-0.0424,0.08243657109551131,5
art_115,Arturo Scotto,PERSON,-0.07498014997690916,-0.0424,0.03258014997690916,1
art_115,Adalah,ORGANIZATION,-0.03736806195229292,-0.0424,0.005031938047707081,2
art_115,Israel,ORGANIZATION,-0.2031110522686504,-0.0424,0.1607110522686504,10
art_115,foreign ministry,ORGANIZATION,-0.08788679586723447,-0.0424,0.04548679586723447,1
art_115,Adalah,PERSON,-0.03736806195229292,-0.0424,0.005031938047707081,2
art_115,Ministry of Foreign Affairs,ORGANIZATION,0.09983589872717857,-0.0424,0.14223589872717857,1
art_115,Reuters,ORGANIZATION,0.09983589872717857,-0.0424,0.14223589872717857,1
art_115,Israel,ORGANIZATION,-0.2031110522686504,-0.0424,0.1607110522686504,10
art_115,Israel,ORGANIZATION,-0.2031110522686504,-0.0424,0.1607110522686504,10
art_115,Israel,ORGANIZATION,-0.2031110522686504,-0.0424,0.1607110522686504,10
art_115,Israel,ORGANIZATION,-0.2031110522686504,-0.0424,0.1607110522686504,10
art_115,Palestinians,PERSON,-0.011548303067684174,-0.0424,0.030851696932315827,2
art_116,Israel,ORGANIZATION,-0.2073609429062344,-0.2568,0.04943905709376556,17
art_116,Lorenzo D’Agostino,PERSON,-0.18958578899037093,-0.2568,0.06721421100962904,1
art_116,Israel,ORGANIZATION,-0.2073609429062344,-0.2568,0.04943905709376556,17
art_116,CNN,ORGANIZATION,-0.4897671905346215,-0.2568,0.2329671905346215,1
art_116,D’Agostino,PERSON,-0.20839609530022635,-0.2568,0.048403904699773626,7
art_116,D’Agostino,PERSON,-0.20839609530022635,-0.2568,0.048403904699773626,7
art_116,Israel,ORGANIZATION,-0.2073609429062344,-0.2568,0.04943905709376556,17
art_116,Israel,ORGANIZATION,-0.2073609429062344,-0.2568,0.04943905709376556,17
art_116,foreign ministry,ORGANIZATION,-0.06485683118808083,-0.2568,0.19194316881191914,2
art_116,D’Agostino,PERSON,-0.20839609530022635,-0.2568,0.048403904699773626,7
art_116,Greta Thunberg,PERSON,0.001713823527097702,-0.2568,0.2585138235270977,1
art_116,Global Sumud Flotilla,ORGANIZATION,0.001713823527097702,-0.2568,0.2585138235270977,1
art_116,Israel,ORGANIZATION,-0.2073609429062344,-0.2568,0.04943905709376556,17
art_116,Thunberg,PERSON,-0.13494477425410878,-0.2568,0.1218552257458912,4
art_116,D’Agostino,PERSON,-0.20839609530022635,-0.2568,0.048403904699773626,7
art_116,Lubna Tuma,PERSON,-0.13142748590325937,-0.2568,0.1253725140967406,1
art_116,Adalah Legal Centre,ORGANIZATION,-0.13142748590325937,-0.2568,0.1253725140967406,1
art_116,Thunberg,PERSON,-0.13494477425410878,-0.2568,0.1218552257458912,4
art_116,Israel,ORGANIZATION,-0.2073609429062344,-0.2568,0.04943905709376556,17
art_116,foreign ministry,ORGANIZATION,-0.06485683118808083,-0.2568,0.19194316881191914,2
art_116,Thunberg,PERSON,-0.13494477425410878,-0.2568,0.1218552257458912,4
art_116,Thunberg,PERSON,-0.13494477425410878,-0.2568,0.1218552257458912,4
art_116,Israel,ORGANIZATION,-0.2073609429062344,-0.2568,0.04943905709376556,17
art_116,Israeli government,ORGANIZATION,-0.12311357632279396,-0.2568,0.133686423677206,1
art_116,D’Agostino,PERSON,-0.20839609530022635,-0.2568,0.048403904699773626,7
art_116,Israel,ORGANIZATION,-0.2073609429062344,-0.2568,0.04943905709376556,17
art_116,National Security Minister,PERSON,-0.006447204737924039,-0.2568,0.25035279526207593,1
art_116,Itamar Ben Gvir,PERSON,-0.006447204737924039,-0.2568,0.25035279526207593,1
art_116,D’Agostino,PERSON,-0.20839609530022635,-0.2568,0.048403904699773626,7
art_116,Ben Gvir,PERSON,-0.2739560100453673,-0.2568,0.01715601004536732,4
art_116,Ben Gvir,PERSON,-0.2739560100453673,-0.2568,0.01715601004536732,4
art_116,Prime Minister,PERSON,-0.3375611998878109,-0.2568,0.08076119988781094,3
art_116,Benjamin Netanyahu,PERSON,-0.09165770834079012,-0.2568,0.16514229165920985,1
art_116,Prime Minister,PERSON,-0.3375611998878109,-0.2568,0.08076119988781094,3
art_116,X.,ORGANIZATION,-0.2846526517532766,-0.2568,0.027852651753276614,1
art_116,Prime Minister,PERSON,-0.3375611998878109,-0.2568,0.08076119988781094,3
art_116,Ben Gvir,PERSON,-0.2739560100453673,-0.2568,0.01715601004536732,4
art_117,Israel,ORGANIZATION,-0.04918547242414206,0.0177,0.06688547242414206,12
art_117,Greta Thunberg,PERSON,-0.2714016658719629,0.0177,0.2891016658719629,1
art_117,Israel,ORGANIZATION,-0.04918547242414206,0.0177,0.06688547242414206,12
art_117,Greta Thunberg,PERSON,-0.2714016658719629,0.0177,0.2891016658719629,1
art_117,Thunberg,PERSON,0.13221168896416202,0.0177,0.11451168896416203,3
art_117,foreign minister,PERSON,-0.004146368009969592,0.0177,0.021846368009969593,1
art_117,Global Sumud Flotilla,ORGANIZATION,-0.1949218949303031,0.0177,0.2126218949303031,1
art_117,GSF,ORGANIZATION,-0.06780868707573973,0.0177,0.08550868707573972,4
art_117,GSF,ORGANIZATION,-0.06780868707573973,0.0177,0.08550868707573972,4
art_117,Greece,ORGANIZATION,-0.024585442675743252,0.0177,0.04228544267574325,2
art_117,foreign ministry,ORGANIZATION,0.0032390824635513127,0.0177,0.014460917536448688,2
art_117,Thunberg,PERSON,0.13221168896416202,0.0177,0.11451168896416203,3
art_117,Slovakia,ORGANIZATION,-0.014774025068618357,0.0177,0.03247402506861836,2
art_117,GSF,ORGANIZATION,-0.06780868707573973,0.0177,0.08550868707573972,4
art_117,Israel,ORGANIZATION,-0.04918547242414206,0.0177,0.06688547242414206,12
art_117,Rafael Borrego,PERSON,-0.13703227578662336,0.0177,0.15473227578662335,1
art_117,Reuters,ORGANIZATION,-0.5588760983082466,0.0177,0.5765760983082466,1
art_117,foreign ministry,ORGANIZATION,0.0032390824635513127,0.0177,0.014460917536448688,2
art_117,GSF,ORGANIZATION,-0.06780868707573973,0.0177,0.08550868707573972,4
art_117,UN,ORGANIZATION,-0.11575919735866289,0.0177,0.13345919735866288,15
art_117,Integrated,ORGANIZATION,-0.010699390200898051,0.0177,0.02839939020089805,1
art_117,Phase,ORGANIZATION,-0.010699390200898051,0.0177,0.02839939020089805,1
art_117,Hamas,ORGANIZATION,-0.31362862727837637,0.0177,0.33132862727837636,2
art_117,health ministry,ORGANIZATION,-0.277901331273218,0.0177,0.29560133127321797,3
art_117,Palestinians,PERSON,-0.25368677580263466,0.0177,0.27138677580263465,2
art_117,UN,ORGANIZATION,-0.11575919735866289,0.0177,0.13345919735866288,15
art_117,Israel,ORGANIZATION,-0.04918547242414206,0.0177,0.06688547242414206,12
art_117,Israel,ORGANIZATION,-0.04918547242414206,0.0177,0.06688547242414206,12
art_117,Israel,ORGANIZATION,-0.04918547242414206,0.0177,0.06688547242414206,12
art_117,IPC,ORGANIZATION,-0.07964212901424617,0.0177,0.09734212901424616,2
art_117,UN,ORGANIZATION,-0.11575919735866289,0.0177,0.13345919735866288,15
art_117,Palestinians,PERSON,-0.25368677580263466,0.0177,0.27138677580263465,2
art_117,Hamas,ORGANIZATION,-0.31362862727837637,0.0177,0.33132862727837636,2
art_117,health ministry,ORGANIZATION,-0.277901331273218,0.0177,0.29560133127321797,3
art_118,Reuters,ORGANIZATION,-0.07533232318625475,-0.0231,0.05223232318625476,3
art_118,Israel,ORGANIZATION,-0.1443280290598826,-0.0231,0.1212280290598826,6
art_118,Greta Thunberg,PERSON,-0.02306897536618635,-0.0231,3.102463381364842e-05,1
art_118,foreign ministry,ORGANIZATION,-0.023714651567085337,-0.0231,0.0006146515670853378,3
art_118,foreign ministry,ORGANIZATION,-0.023714651567085337,-0.0231,0.0006146515670853378,3
art_118,Hazwani Helmi,PERSON,-0.02306897536618635,-0.0231,3.102463381364842e-05,1
art_118,Reuters,ORGANIZATION,-0.07533232318625475,-0.0231,0.05223232318625476,3
art_118,Thunberg,PERSON,-0.02893043201765977,-0.0231,0.0058304320176597695,2
art_118,Helmi,PERSON,-0.09528500385931693,-0.0231,0.07218500385931693,2
art_118,Beaver,PERSON,-0.02893043201765977,-0.0231,0.0058304320176597695,2
art_118,Thunberg,PERSON,-0.02893043201765977,-0.0231,0.0058304320176597695,2
art_118,Israel,ORGANIZATION,-0.1443280290598826,-0.0231,0.1212280290598826,6
art_118,National Security Minister,PERSON,-0.034791888669133186,-0.0231,0.011691888669133187,1
art_118,Itamar Ben-Gvir,PERSON,-0.034791888669133186,-0.0231,0.011691888669133187,1
art_118,Reuters,ORGANIZATION,-0.07533232318625475,-0.0231,0.05223232318625476,3
art_118,Foreign Minister,PERSON,-0.18964490352664143,-0.0231,0.16654490352664142,1
art_118,Antonio Tajani,PERSON,-0.18964490352664143,-0.0231,0.16654490352664142,1
art_118,Turkish Airlines,ORGANIZATION,-0.18964490352664143,-0.0231,0.16654490352664142,1
art_118,Italian Embassy,ORGANIZATION,0.0626560061937198,-0.0231,0.0857560061937198,1
art_118,Tajani,PERSON,-0.06349444866646081,-0.0231,0.04039444866646082,2
art_118,X.A,ORGANIZATION,0.0626560061937198,-0.0231,0.0857560061937198,1
art_118,Italians,PERSON,-0.06349444866646081,-0.0231,0.04039444866646082,2
art_118,Arturo Scotto,PERSON,0.0626560061937198,-0.0231,0.0857560061937198,1
art_118,Benedetta Scuderi,PERSON,-0.23089689062908292,-0.0231,0.2077968906290829,1
art_118,Adalah,ORGANIZATION,-0.12119336635805666,-0.0231,0.09809336635805667,2
art_118,Adalah,PERSON,-0.12119336635805666,-0.0231,0.09809336635805667,2
art_118,Israel,ORGANIZATION,-0.1443280290598826,-0.0231,0.1212280290598826,6
art_118,Adalah,PERSON,-0.12119336635805666,-0.0231,0.09809336635805667,2
art_118,Reuters.The,ORGANIZATION,-0.01328309066593647,-0.0231,0.009816909334063529,1
art_118,Israel,ORGANIZATION,-0.1443280290598826,-0.0231,0.1212280290598826,6
art_118,Hamas',ORGANIZATION,-0.01328309066593647,-0.0231,0.009816909334063529,1
art_119,Hamas,ORGANIZATION,-0.3782130547333509,-0.1787,0.19951305473335088,1
art_119,Saverio Tommasi,PERSON,-0.007530656643211842,-0.1787,0.17116934335678816,1
art_119,Global Sumud flotilla,ORGANIZATION,-0.26703417487442493,-0.1787,0.08833417487442494,1
art_119,GSF,ORGANIZATION,-0.26703417487442493,-0.1787,0.08833417487442494,1
art_119,Greta Thunberg,PERSON,-0.26703417487442493,-0.1787,0.08833417487442494,1
art_119,Palestinians,PERSON,-0.031151873525232077,-0.1787,0.14754812647476792,1
art_119,Israel,ORGANIZATION,-0.16440858988911108,-0.1787,0.014291410110888914,12
art_119,Israel,ORGANIZATION,-0.16440858988911108,-0.1787,0.014291410110888914,12
art_119,foreign ministry,ORGANIZATION,-0.14655415892290571,-0.1787,0.032145841077094284,3
art_119,national security minister,PERSON,-0.10384512692689896,-0.1787,0.07485487307310104,1
art_119,Itamar Ben-Gvir,PERSON,-0.10384512692689896,-0.1787,0.07485487307310104,1
art_119,Rafael Borrego,PERSON,-0.3473965786397457,-0.1787,0.16869657863974571,1
art_119,Reuters,ORGANIZATION,-0.3473965786397457,-0.1787,0.16869657863974571,1
art_119,Australia,ORGANIZATION,-0.0475350379711017,-0.1787,0.1311649620288983,1
art_119,New Zealand,ORGANIZATION,-0.0475350379711017,-0.1787,0.1311649620288983,1
art_119,Global Movement,ORGANIZATION,-0.0475350379711017,-0.1787,0.1311649620288983,1
art_119,Australian Department of Foreign Affairs and Trade,ORGANIZATION,-0.0475350379711017,-0.1787,0.1311649620288983,1
art_119,DFAT,ORGANIZATION,-0.2406076036277227,-0.1787,0.06190760362772271,2
art_119,DFAT,ORGANIZATION,-0.2406076036277227,-0.1787,0.06190760362772271,2
art_119,Ada Colau,PERSON,-0.03995278477668762,-0.1787,0.13874721522331238,1
art_119,mayor,PERSON,-0.03995278477668762,-0.1787,0.13874721522331238,1
art_119,Lorenzo D’Agostino,PERSON,-0.00014620559522882104,-0.1787,0.17855379440477118,1
art_119,Guardian,ORGANIZATION,-0.1293603690864984,-0.1787,0.0493396309135016,2
art_119,Israelis,PERSON,-0.267484154435806,-0.1787,0.08878415443580598,1
art_119,D’Agostino,PERSON,-0.08564152399776503,-0.1787,0.09305847600223496,3
art_119,Thunberg,PERSON,-0.3155109161540167,-0.1787,0.13681091615401672,5
art_119,Greta,PERSON,-0.10992619255557656,-0.1787,0.06877380744442343,2
art_119,D’Agostino,PERSON,-0.08564152399776503,-0.1787,0.09305847600223496,3
art_119,Swedish foreign ministry,ORGANIZATION,-0.25857453257776797,-0.1787,0.07987453257776797,1
art_119,Guardian,ORGANIZATION,-0.1293603690864984,-0.1787,0.0493396309135016,2
art_119,Israeli foreign ministry,ORGANIZATION,-0.07724281726405025,-0.1787,0.10145718273594975,1
art_119,Thunberg,PERSON,-0.3155109161540167,-0.1787,0.13681091615401672,5
art_119,White House,ORGANIZATION,-0.14569007011596113,-0.1787,0.03300992988403886,1
art_119,Donald Trump,PERSON,-0.14569007011596113,-0.1787,0.03300992988403886,1
art_119,Thunberg,PERSON,-0.3155109161540167,-0.1787,0.13681091615401672,5
art_119,US,ORGANIZATION,-0.16628001513890922,-0.1787,0.012419984861090777,11
art_119,president,PERSON,0.017578900791704655,-0.1787,0.19627890079170465,1
art_119,Thunberg,PERSON,-0.3155109161540167,-0.1787,0.13681091615401672,5
art_119,Israel,ORGANIZATION,-0.16440858988911108,-0.1787,0.014291410110888914,12
art_120,Greta Thunberg,PERSON,-0.00010266818571835756,0.0045,0.004602668185718357,1
art_120,Israel,ORGANIZATION,-0.07931892143743527,0.0045,0.08381892143743527,9
art_120,Agence France-Presse,ORGANIZATION,-0.00010266818571835756,0.0045,0.004602668185718357,1
art_120,AFP,ORGANIZATION,0.025085846214399982,0.0045,0.020585846214399982,3
art_120,United Nations,ORGANIZATION,-0.16634823195636272,0.0045,0.17084823195636273,1
art_120,Thunberg,PERSON,-0.04797344349208288,0.0045,0.052473443492082876,4
art_120,AFP,ORGANIZATION,0.025085846214399982,0.0045,0.020585846214399982,3
art_120,Thunberg,PERSON,-0.04797344349208288,0.0045,0.052473443492082876,4
art_120,Global Sumud Flotilla,ORGANIZATION,-0.10176161711569875,0.0045,0.10626161711569876,2
art_120,Israel,ORGANIZATION,-0.07931892143743527,0.0045,0.08381892143743527,9
art_120,Israel,ORGANIZATION,-0.07931892143743527,0.0045,0.08381892143743527,9
art_120,Palestinians,PERSON,-0.19196873158216476,0.0045,0.19646873158216477,1
art_120,Thunberg,PERSON,-0.04797344349208288,0.0045,0.052473443492082876,4
art_120,Greek foreign ministry,ORGANIZATION,-0.00883124303072691,0.0045,0.01333124303072691,1
art_120,Israel's foreign ministry,ORGANIZATION,-0.15751884563360363,0.0045,0.16201884563360364,1
art_120,Bratislava's foreign ministry,ORGANIZATION,0.0002207614597864449,0.0045,0.004279238540213555,1
art_120,Slovak,PERSON,-0.0553764424015147,0.0045,0.0598764424015147,3
art_120,Global Sumud,ORGANIZATION,-0.10176161711569875,0.0045,0.10626161711569876,2
art_120,Israel,ORGANIZATION,-0.07931892143743527,0.0045,0.08381892143743527,9
art_120,Hamas,ORGANIZATION,-0.1207136819139123,0.0045,0.1252136819139123,1
art_120,foreign,ORGANIZATION,-0.04194547815131955,0.0045,0.046445478151319546,4
art_120,AFP,ORGANIZATION,0.025085846214399982,0.0045,0.020585846214399982,3
art_121,Malaysians,PERSON,-0.11532555131998379,-0.1291,0.013774448680016205,2
art_121,Malaysians,PERSON,-0.11532555131998379,-0.1291,0.013774448680016205,2
art_121,Israel,ORGANIZATION,-0.08953222037234809,-0.1291,0.0395677796276519,4
art_121,Malaysians,PERSON,-0.11532555131998379,-0.1291,0.013774448680016205,2
art_121,Global Sumud Flotilla,ORGANIZATION,0.05444786683074199,-0.1291,0.18354786683074198,1
art_121,Greta Thunberg,PERSON,0.012338418047875166,-0.1291,0.14143841804787516,1
art_121,Prime Minister,PERSON,-0.24695842614164576,-0.1291,0.11785842614164577,1
art_121,Anwar Ibrahim,PERSON,-0.24695842614164576,-0.1291,0.11785842614164577,1
art_122,Palestinians,PERSON,0.03480537352152169,0.1431,0.10829462647847832,1
art_122,Global Times,ORGANIZATION,0.017682815027910692,0.1431,0.1254171849720893,2
art_122,Global Sumud Flotilla,ORGANIZATION,0.1995968112837545,0.1431,0.0564968112837545,4
art_122,VCG,ORGANIZATION,0.004773472901433706,0.1431,0.1383265270985663,1
art_122,Egypt,ORGANIZATION,0.12635949673131108,0.1431,0.016740503268688922,1
art_122,Israel,ORGANIZATION,0.01371551272247664,0.1431,0.12938448727752336,11
art_122,Hamas,ORGANIZATION,-0.06793434522114694,0.1431,0.21103434522114695,2
art_122,Israel,ORGANIZATION,0.01371551272247664,0.1431,0.12938448727752336,11
art_122,Hamas,ORGANIZATION,-0.06793434522114694,0.1431,0.21103434522114695,2
art_122,Global Times,ORGANIZATION,0.017682815027910692,0.1431,0.1254171849720893,2
art_122,GT,ORGANIZATION,0.0005688990054295573,0.1431,0.14253110099457045,4
art_122,Wang Wenwen,PERSON,0.0005602565342996968,0.1431,0.1425397434657003,1
art_122,David Adler,PERSON,0.0005602565342996968,0.1431,0.1425397434657003,1
art_122,Adler,PERSON,0.22591186555791865,0.1431,0.08281186555791864,4
art_122,Progressive International,ORGANIZATION,0.0005602565342996968,0.1431,0.1425397434657003,1
art_122,Global,ORGANIZATION,0.3149847741889971,0.1431,0.1718847741889971,5
art_122,Flotilla,ORGANIZATION,0.1901431167264794,0.1431,0.0470431167264794,6
art_122,GT,PERSON,0.0005688990054295573,0.1431,0.14253110099457045,4
art_122,Adler,PERSON,0.22591186555791865,0.1431,0.08281186555791864,4
art_122,Global,ORGANIZATION,0.3149847741889971,0.1431,0.1718847741889971,5
art_122,Flotilla,ORGANIZATION,0.1901431167264794,0.1431,0.0470431167264794,6
art_122,Israel,ORGANIZATION,0.01371551272247664,0.1431,0.12938448727752336,11
art_122,United Nations,ORGANIZATION,0.49595271423459053,0.1431,0.3528527142345905,1
art_122,Israeli naval,ORGANIZATION,0.1998491147533059,0.1431,0.05674911475330591,2
art_122,Israeli naval forces,ORGANIZATION,0.1998491147533059,0.1431,0.05674911475330591,2
art_122,GT,PERSON,0.0005688990054295573,0.1431,0.14253110099457045,4
art_122,Israel,ORGANIZATION,0.01371551272247664,0.1431,0.12938448727752336,11
art_122,Hamas,ORGANIZATION,-0.06793434522114694,0.1431,0.21103434522114695,2
art_122,Flotilla,ORGANIZATION,0.1901431167264794,0.1431,0.0470431167264794,6
art_122,Adler,PERSON,0.22591186555791865,0.1431,0.08281186555791864,4
art_122,Palestine,ORGANIZATION,0.10863384243566543,0.1431,0.034466157564334576,2
art_122,Israel,ORGANIZATION,0.01371551272247664,0.1431,0.12938448727752336,11
art_122,Palestine,ORGANIZATION,0.10863384243566543,0.1431,0.034466157564334576,2
art_122,GT,PERSON,0.0005688990054295573,0.1431,0.14253110099457045,4
art_122,US,ORGANIZATION,0.21595015787037977,0.1431,0.07285015787037977,11
art_122,Israel,ORGANIZATION,0.01371551272247664,0.1431,0.12938448727752336,11
art_122,US,ORGANIZATION,0.21595015787037977,0.1431,0.07285015787037977,11
art_122,Adler,PERSON,0.22591186555791865,0.1431,0.08281186555791864,4
art_122,US,ORGANIZATION,0.21595015787037977,0.1431,0.07285015787037977,11
art_122,US,ORGANIZATION,0.21595015787037977,0.1431,0.07285015787037977,11
art_122,US,ORGANIZATION,0.21595015787037977,0.1431,0.07285015787037977,11
art_123,Greta Thunberg,PERSON,-0.08294056076556444,-0.1856,0.10265943923443555,3
art_123,Israel’s Foreign Ministry,ORGANIZATION,-0.12879292573779821,-0.1856,0.05680707426220177,1
art_123,Swedish Foreign Ministry,ORGANIZATION,-0.13600429170764983,-0.1856,0.04959570829235016,2
art_123,The Guardian,ORGANIZATION,-0.12879292573779821,-0.1856,0.05680707426220177,1
art_123,Thunberg,PERSON,-0.09380491361953318,-0.1856,0.09179508638046681,5
art_123,Thunberg,PERSON,-0.09380491361953318,-0.1856,0.09179508638046681,5
art_123,GRETA THUNBERG,PERSON,-0.08294056076556444,-0.1856,0.10265943923443555,3
art_123,ABBA,ORGANIZATION,-0.04547686129808426,-0.1856,0.14012313870191573,1
art_123,X,ORGANIZATION,-0.09668946000747383,-0.1856,0.08891053999252616,5
art_123,Israeli Foreign Ministry,ORGANIZATION,-0.09434625948779285,-0.1856,0.09125374051220714,2
art_123,Thunberg,PERSON,-0.09380491361953318,-0.1856,0.09179508638046681,5
art_123,Israeli Foreign Ministry,ORGANIZATION,-0.09434625948779285,-0.1856,0.09125374051220714,2
art_123,Israel’s Population and Migration Tribunal,ORGANIZATION,-0.06425864866469055,-0.1856,0.12134135133530943,1
art_123,X,ORGANIZATION,-0.09668946000747383,-0.1856,0.08891053999252616,5
art_123,Thunberg,ORGANIZATION,-0.09380491361953318,-0.1856,0.09179508638046681,5
art_123,Flotilla,ORGANIZATION,-0.09668946000747383,-0.1856,0.08891053999252616,5
art_123,GRETA THUNBERG FLOTILLA,PERSON,-0.07455189526081085,-0.1856,0.11104810473918914,1
art_123,Israel,ORGANIZATION,-0.11392183374014817,-0.1856,0.07167816625985182,7
art_123,National Security Minister,PERSON,-0.07455189526081085,-0.1856,0.11104810473918914,1
art_123,Itamar Ben-Gvir,PERSON,-0.07455189526081085,-0.1856,0.11104810473918914,1
art_123,Thunberg,PERSON,-0.09380491361953318,-0.1856,0.09179508638046681,5
art_123,Israel,ORGANIZATION,-0.11392183374014817,-0.1856,0.07167816625985182,7
art_123,NEWS,ORGANIZATION,-0.14321565767750144,-0.1856,0.04238434232249855,1
art_123,Ersin Çelik,PERSON,-0.14321565767750144,-0.1856,0.04238434232249855,1
art_123,Anadolu Agency,ORGANIZATION,-0.14321565767750144,-0.1856,0.04238434232249855,1
art_123,Greta,PERSON,-0.09800933499354869,-0.1856,0.0875906650064513,4
art_123,Fox News Digital,ORGANIZATION,-0.14321565767750144,-0.1856,0.04238434232249855,1
art_123,Swedish Foreign Ministry,ORGANIZATION,-0.13600429170764983,-0.1856,0.04959570829235016,2
art_123,Israeli Foreign Ministry,ORGANIZATION,-0.09434625948779285,-0.1856,0.09125374051220714,2
art_124,Gaza,ORGANIZATION,-0.1931366367789451,-0.1041,0.0890366367789451,4
art_124,International,ORGANIZATION,0.0343326776928734,-0.1041,0.1384326776928734,4
art_124,Global Sumud Flotilla,ORGANIZATION,-0.22791057312861085,-0.1041,0.12381057312861085,1
art_124,Israel,ORGANIZATION,-0.16568277906480944,-0.1041,0.06158277906480944,8
art_124,Paolo Romano,PERSON,-0.001675506413448602,-0.1041,0.1024244935865514,1
art_124,AFP,ORGANIZATION,-0.0009434707280888688,-0.1041,0.10315652927191113,2
art_124,Greta Thunberg,PERSON,-0.1475151372142136,-0.1041,0.04341513721421361,1
art_124,Romano,PERSON,-0.06655352335656062,-0.1041,0.03754647664343938,2
art_124,Iylia Balqis,PERSON,-0.5056340134469792,-0.1041,0.40153401344697925,1
art_124,Israel,ORGANIZATION,-0.16568277906480944,-0.1041,0.06158277906480944,8
art_124,Turkish Airlines,ORGANIZATION,-0.006953323259949684,-0.1041,0.09714667674005031,1
art_124,X,ORGANIZATION,-0.12543019745498896,-0.1041,0.02133019745498896,3
art_124,Israeli foreign ministry,ORGANIZATION,-0.01576665707398206,-0.1041,0.08833334292601794,1
art_124,Hamas,ORGANIZATION,-0.01576665707398206,-0.1041,0.08833334292601794,1
art_124,Sumud,ORGANIZATION,-0.12183861510129645,-0.1041,0.017738615101296457,2
art_124,Turkey,ORGANIZATION,-0.03756287967553362,-0.1041,0.06653712032446638,2
art_124,Israel,ORGANIZATION,-0.16568277906480944,-0.1041,0.06158277906480944,8
art_124,Foreign Minister,PERSON,0.14511007815599442,-0.1041,0.2492100781559944,1
art_124,Hakan Fidan,PERSON,0.14511007815599442,-0.1041,0.2492100781559944,1
art_124,Ankara,ORGANIZATION,0.14511007815599442,-0.1041,0.2492100781559944,1
art_124,Lorenzo D’Agostino,PERSON,-0.04262912459671497,-0.1041,0.061470875403285025,1
art_124,Palestine,ORGANIZATION,0.3269274979829788,-0.1041,0.4310274979829788,1
art_124,Malik Qutait,PERSON,-0.2321006953716278,-0.1041,0.1280006953716278,1
art_124,AFP,ORGANIZATION,-0.0009434707280888688,-0.1041,0.10315652927191113,2
art_125,Global Sumud Flotilla,ORGANIZATION,-0.022074068430811167,-0.0221,2.5931569188834824e-05,1
art_125,Israel,ORGANIZATION,-0.1626847502484452,-0.0221,0.1405847502484452,4
art_125,Paolo Romano,PERSON,-0.022074068430811167,-0.0221,2.5931569188834824e-05,1
art_125,AFP,ORGANIZATION,-0.022074068430811167,-0.0221,2.5931569188834824e-05,1
art_125,Greta Thunberg.Mr.,PERSON,-0.848906537052244,-0.0221,0.8268065370522439,1
art_125,Romano,PERSON,-0.08597237401409075,-0.0221,0.06387237401409074,2
art_125,Balqis,PERSON,-0.4718476189300418,-0.0221,0.4497476189300418,1
art_125,Israel,ORGANIZATION,-0.1626847502484452,-0.0221,0.1405847502484452,4
art_125,Turkish Airlines,ORGANIZATION,-0.4718476189300418,-0.0221,0.4497476189300418,1
art_125,X,ORGANIZATION,-0.4718476189300418,-0.0221,0.4497476189300418,1
art_125,Israeli Foreign Ministry,ORGANIZATION,-0.4718476189300418,-0.0221,0.4497476189300418,1
art_125,Hamas,ORGANIZATION,-0.4718476189300418,-0.0221,0.4497476189300418,1
art_125,Sumud,ORGANIZATION,-0.24696084368042648,-0.0221,0.22486084368042647,2
art_125,Israel,ORGANIZATION,-0.1626847502484452,-0.0221,0.1405847502484452,4
art_125,Minister,PERSON,-0.4718476189300418,-0.0221,0.4497476189300418,1
art_125,Hakan Fidan,PERSON,-0.4718476189300418,-0.0221,0.4497476189300418,1
art_125,Ankara,ORGANIZATION,-0.4718476189300418,-0.0221,0.4497476189300418,1
art_125,Lorenzo D'Agostino,PERSON,-0.4718476189300418,-0.0221,0.4497476189300418,1
art_125,Palestine,ORGANIZATION,-0.04890126734972,-0.0221,0.02680126734972,1
art_125,Malik Qutait,PERSON,-0.04890126734972,-0.0221,0.02680126734972,1
art_126,South,PERSON,-0.07852276006347633,0.0065,0.08502276006347634,7
art_126,South,PERSON,-0.07852276006347633,0.0065,0.08502276006347634,7
art_126,Global Sumud Flotilla,ORGANIZATION,-0.1898420061916113,0.0065,0.1963420061916113,1
art_126,Israel,ORGANIZATION,-0.12463872703408603,0.0065,0.13113872703408602,17
art_126,South,PERSON,-0.07852276006347633,0.0065,0.08502276006347634,7
art_126,Reaaz Moola,PERSON,0.3339812847552821,0.0065,0.3274812847552821,1
art_126,Zukiswa Wanner,PERSON,0.1651814577053301,0.0065,0.1586814577053301,2
art_126,Dr,PERSON,-0.1361814223540326,0.0065,0.1426814223540326,9
art_126,Fatima Hendricks,PERSON,-0.007569323817733675,0.0065,0.014069323817733674,2
art_126,Zaheera Soomar,PERSON,0.15549417509464547,0.0065,0.14899417509464546,2
art_126,Carrie Shelver,PERSON,0.3339812847552821,0.0065,0.3274812847552821,1
art_126,Nelson Mandela,PERSON,0.16789838060503826,0.0065,0.16139838060503825,2
art_126,Mandla Mandela,PERSON,0.3339812847552821,0.0065,0.3274812847552821,1
art_126,Mandela,PERSON,-0.11352918996708468,0.0065,0.12002918996708468,5
art_126,Israeli Security Minister,PERSON,0.0018154764547944069,0.0065,0.004684523545205593,1
art_126,Itamar Ben Gvir,PERSON,0.0018154764547944069,0.0065,0.004684523545205593,1
art_126,Nelson Mandela,PERSON,0.16789838060503826,0.0065,0.16139838060503825,2
art_126,Mandela,PERSON,-0.11352918996708468,0.0065,0.12002918996708468,5
art_126,South Africans,PERSON,-0.07852276006347633,0.0065,0.08502276006347634,7
art_126,Israel,ORGANIZATION,-0.12463872703408603,0.0065,0.13113872703408602,17
art_126,International Court of Justice,ORGANIZATION,-0.20686066220514476,0.0065,0.21336066220514477,1
art_126,ICJ,ORGANIZATION,-0.20686066220514476,0.0065,0.21336066220514477,1
art_126,South,PERSON,-0.07852276006347633,0.0065,0.08502276006347634,7
art_126,Mandela,PERSON,-0.11352918996708468,0.0065,0.12002918996708468,5
art_126,Dr,PERSON,-0.1361814223540326,0.0065,0.1426814223540326,9
art_126,Fatima Hendricks,PERSON,-0.007569323817733675,0.0065,0.014069323817733674,2
art_126,Israelis,PERSON,-0.34911993239074945,0.0065,0.35561993239074946,1
art_126,Zukiswa Wanner,PERSON,0.1651814577053301,0.0065,0.1586814577053301,2
art_126,South Africans,PERSON,-0.07852276006347633,0.0065,0.08502276006347634,7
art_126,Wanner,PERSON,0.13366059629091373,0.0065,0.12716059629091372,3
art_126,Zaheera Soomar,PERSON,0.15549417509464547,0.0065,0.14899417509464546,2
art_126,Israel,ORGANIZATION,-0.12463872703408603,0.0065,0.13113872703408602,17
art_126,Australian Broadcasting Corporation,ORGANIZATION,-0.06508075818419456,0.0065,0.07158075818419457,1
art_126,ABC,ORGANIZATION,-0.06508075818419456,0.0065,0.07158075818419457,1
art_126,Israeli,ORGANIZATION,-0.15492271589094095,0.0065,0.16142271589094095,11
art_126,Israel,ORGANIZATION,-0.12463872703408603,0.0065,0.13113872703408602,17
art_126,Israel,ORGANIZATION,-0.12463872703408603,0.0065,0.13113872703408602,17
art_126,South,PERSON,-0.07852276006347633,0.0065,0.08502276006347634,7
art_126,Greta Thunberg,PERSON,-0.473518178332597,0.0065,0.480018178332597,1
art_126,X,ORGANIZATION,0.06450883079863463,0.0065,0.058008830798634635,6
art_126,Israeli Foreign Ministry,ORGANIZATION,-0.27626400580629706,0.0065,0.28276400580629707,1
art_126,Greta,PERSON,-0.27880618744529784,0.0065,0.28530618744529784,2
art_126,foreign ministry,ORGANIZATION,-0.18017910118214786,0.0065,0.18667910118214787,2
art_127,India,ORGANIZATION,-0.029490812397044566,-0.1128,0.08330918760295543,9
art_127,Pakistan,ORGANIZATION,-0.13691557963223508,-0.1128,0.024115579632235082,6
art_127,Prime Minister,PERSON,0.42118338448926806,-0.1128,0.5339833844892681,2
art_127,Narendra Modi,PERSON,-0.05733942613005638,-0.1128,0.055460573869943616,1
art_127,India,ORGANIZATION,-0.029490812397044566,-0.1128,0.08330918760295543,9
art_127,India,ORGANIZATION,-0.029490812397044566,-0.1128,0.08330918760295543,9
art_127,Reuters,ORGANIZATION,-0.5551764348056167,-0.1128,0.4423764348056167,1
art_127,Indian government,ORGANIZATION,-0.04551833204459399,-0.1128,0.06728166795540601,1
art_127,Pakistan,ORGANIZATION,-0.13691557963223508,-0.1128,0.024115579632235082,6
art_127,Kashmir Resistance,ORGANIZATION,-0.0754407070344314,-0.1128,0.0373592929655686,1
art_127,Pakistanis,PERSON,-0.03597678663209081,-0.1128,0.07682321336790919,1
art_127,TRUMP,PERSON,-0.14907278524090847,-0.1128,0.036272785240908476,3
art_127,Pakistan,ORGANIZATION,-0.13691557963223508,-0.1128,0.024115579632235082,6
art_127,India,ORGANIZATION,-0.029490812397044566,-0.1128,0.08330918760295543,9
art_127,Pakistan’s National Security Committee,ORGANIZATION,-0.1650402434170246,-0.1128,0.052240243417024615,1
art_127,India,ORGANIZATION,-0.029490812397044566,-0.1128,0.08330918760295543,9
art_127,Pakistan,ORGANIZATION,-0.13691557963223508,-0.1128,0.024115579632235082,6
art_127,President Donald Trump,PERSON,-0.1650402434170246,-0.1128,0.052240243417024615,1
art_127,FOX NEWS,ORGANIZATION,-0.10501941526308656,-0.1128,0.00778058473691344,1
art_127,Trump,PERSON,-0.14907278524090847,-0.1128,0.036272785240908476,3
art_127,TRUTH,ORGANIZATION,-0.10501941526308656,-0.1128,0.00778058473691344,1
art_127,United States,ORGANIZATION,0.1909395083785057,-0.1128,0.3037395083785057,1
art_127,India,ORGANIZATION,-0.029490812397044566,-0.1128,0.08330918760295543,9
art_127,Prime Minister,PERSON,0.42118338448926806,-0.1128,0.5339833844892681,2
art_127,Modi,PERSON,0.42118338448926806,-0.1128,0.5339833844892681,2
art_128,India,ORGANIZATION,-0.11638764823682753,-0.1256,0.009212351763172463,19
art_128,Pakistan,ORGANIZATION,-0.11615697018569335,-0.1256,0.009443029814306642,15
art_128,India,ORGANIZATION,-0.11638764823682753,-0.1256,0.009212351763172463,19
art_128,Pakistan,ORGANIZATION,-0.11615697018569335,-0.1256,0.009443029814306642,15
art_128,New Delhi,ORGANIZATION,-0.12835245003225282,-0.1256,0.002752450032252829,4
art_128,Pakistan,ORGANIZATION,-0.11615697018569335,-0.1256,0.009443029814306642,15
art_128,Pakistan,ORGANIZATION,-0.11615697018569335,-0.1256,0.009443029814306642,15
art_128,Pakistan,ORGANIZATION,-0.11615697018569335,-0.1256,0.009443029814306642,15
art_128,India,ORGANIZATION,-0.11638764823682753,-0.1256,0.009212351763172463,19
art_128,India,ORGANIZATION,-0.11638764823682753,-0.1256,0.009212351763172463,19
art_128,Prime Minister,PERSON,-0.04973688081372529,-0.1256,0.0758631191862747,2
art_128,Narendra Modi,PERSON,-0.011518679559230804,-0.1256,0.11408132044076918,1
art_128,United Nations,ORGANIZATION,-0.011518679559230804,-0.1256,0.11408132044076918,1
art_128,Prime Minister,PERSON,-0.04973688081372529,-0.1256,0.0758631191862747,2
art_128,Modi,PERSON,-0.07251964212628081,-0.1256,0.053080357873719175,4
art_128,Modi,PERSON,-0.07251964212628081,-0.1256,0.053080357873719175,4
art_128,Hindu-nationalist government,ORGANIZATION,-0.03884580824524164,-0.1256,0.08675419175475835,1
art_128,Muslim,ORGANIZATION,-0.021828162629390135,-0.1256,0.10377183737060985,2
art_128,Kashmir,ORGANIZATION,-0.09085389834529321,-0.1256,0.034746101654706776,14
art_128,Kashmir,ORGANIZATION,-0.09085389834529321,-0.1256,0.034746101654706776,14
art_128,Kashmir,ORGANIZATION,-0.09085389834529321,-0.1256,0.034746101654706776,14
art_128,Pakistan,ORGANIZATION,-0.11615697018569335,-0.1256,0.009443029814306642,15
art_128,India,ORGANIZATION,-0.11638764823682753,-0.1256,0.009212351763172463,19
art_128,India,ORGANIZATION,-0.11638764823682753,-0.1256,0.009212351763172463,19
art_128,Muslim-,ORGANIZATION,-0.021828162629390135,-0.1256,0.10377183737060985,2
art_128,Pakistan,ORGANIZATION,-0.11615697018569335,-0.1256,0.009443029814306642,15
art_128,Kashmir,ORGANIZATION,-0.09085389834529321,-0.1256,0.034746101654706776,14
art_128,India,ORGANIZATION,-0.11638764823682753,-0.1256,0.009212351763172463,19
art_128,Pakistan,ORGANIZATION,-0.11615697018569335,-0.1256,0.009443029814306642,15
art_128,Islamabad,ORGANIZATION,-0.032905387226492167,-0.1256,0.09269461277350782,1
art_128,Modi,PERSON,-0.07251964212628081,-0.1256,0.053080357873719175,4
art_128,Kashmir,ORGANIZATION,-0.09085389834529321,-0.1256,0.034746101654706776,14
art_128,Kashmir Resistance,ORGANIZATION,-0.00978517229668796,-0.1256,0.11581482770331203,1
art_128,The Resistance Front,ORGANIZATION,-0.00978517229668796,-0.1256,0.11581482770331203,1
art_128,TRF,ORGANIZATION,-0.032722831587307155,-0.1256,0.09287716841269283,2
art_128,CNN,ORGANIZATION,-0.05939793644938618,-0.1256,0.06620206355061381,1
art_128,Indian army,ORGANIZATION,-0.05939793644938618,-0.1256,0.06620206355061381,1
art_128,India,ORGANIZATION,-0.11638764823682753,-0.1256,0.009212351763172463,19
art_128,TRF,ORGANIZATION,-0.032722831587307155,-0.1256,0.09287716841269283,2
art_128,Lashkar-e-Tayyiba,ORGANIZATION,-0.05566049087792635,-0.1256,0.06993950912207364,1
art_128,LeT,ORGANIZATION,-0.0915572285593953,-0.1256,0.03404277144060469,2
art_128,LeT,ORGANIZATION,-0.0915572285593953,-0.1256,0.03404277144060469,2
art_128,India,ORGANIZATION,-0.11638764823682753,-0.1256,0.009212351763172463,19
art_128,Pakistan,ORGANIZATION,-0.11615697018569335,-0.1256,0.009443029814306642,15
art_128,India,ORGANIZATION,-0.11638764823682753,-0.1256,0.009212351763172463,19
art_128,Pakistan,ORGANIZATION,-0.11615697018569335,-0.1256,0.009443029814306642,15
art_128,Delhi,ORGANIZATION,-0.12835245003225282,-0.1256,0.002752450032252829,4
art_128,Pakistani High Commission,ORGANIZATION,-0.01618275069631636,-0.1256,0.10941724930368363,1
art_128,India,ORGANIZATION,-0.11638764823682753,-0.1256,0.009212351763172463,19
art_128,Pakistan,ORGANIZATION,-0.11615697018569335,-0.1256,0.009443029814306642,15
art_129,BBC,ORGANIZATION,-0.3064087137026945,-0.0976,0.2088087137026945,3
art_129,chief minister,PERSON,-0.06366108078509569,-0.0976,0.033938919214904315,1
art_129,Omar Abdullah,PERSON,-0.06366108078509569,-0.0976,0.033938919214904315,1
art_129,US,ORGANIZATION,-0.11123893269853267,-0.0976,0.013638932698532669,7
art_129,President Donald Trump,PERSON,-0.002699038333958015,-0.0976,0.09490096166604199,1
art_129,President,PERSON,-0.002699038333958015,-0.0976,0.09490096166604199,1
art_129,Vladimir Putin,PERSON,-0.002699038333958015,-0.0976,0.09490096166604199,1
art_129,EU,ORGANIZATION,-0.007636598602402955,-0.0976,0.08996340139759705,2
art_129,chief,PERSON,-0.03318005955952685,-0.0976,0.06441994044047315,2
art_129,Ursula Von der Leyen,PERSON,-0.002699038333958015,-0.0976,0.09490096166604199,1
art_129,United States,ORGANIZATION,0.10554346442222595,-0.0976,0.20314346442222597,1
art_129,India,ORGANIZATION,-0.08242383679846005,-0.0976,0.015176163201539958,11
art_129,Trump,PERSON,0.05142221304413397,-0.0976,0.149022213044134,2
art_129,Truth Social,ORGANIZATION,0.10554346442222595,-0.0976,0.20314346442222597,1
art_129,Von der Leyen,PERSON,-0.11432708874053787,-0.0976,0.016727088740537868,2
art_129,Putin,PERSON,-0.11432708874053787,-0.0976,0.016727088740537868,2
art_129,India,ORGANIZATION,-0.08242383679846005,-0.0976,0.015176163201539958,11
art_129,Prime Minister,PERSON,-0.04496062966063619,-0.0976,0.05263937033936382,1
art_129,Narendra Modi,PERSON,-0.04496062966063619,-0.0976,0.05263937033936382,1
art_129,Modi,PERSON,-0.03886911288524667,-0.0976,0.058730887114753334,3
art_129,foreign ministry,ORGANIZATION,-0.08064264431595802,-0.0976,0.016957355684041983,1
art_129,Home Minister,PERSON,0.003272120258770883,-0.0976,0.10087212025877089,1
art_129,Amit Shah,PERSON,0.003272120258770883,-0.0976,0.10087212025877089,1
art_129,Lieutenant Governor,PERSON,-0.012574158870847896,-0.0976,0.08502584112915211,1
art_129,Manoj Sinha,PERSON,-0.012574158870847896,-0.0976,0.08502584112915211,1
art_129,Inspector General,PERSON,-0.12087825969501864,-0.0976,0.023278259695018635,1
art_129,Jammu and Kashmir Police,ORGANIZATION,-0.08966346387023805,-0.0976,0.007936536129761959,2
art_129,Vidi Kumar Birdi,PERSON,-0.12087825969501864,-0.0976,0.023278259695018635,1
art_129,BBC Hindi,ORGANIZATION,-0.12087825969501864,-0.0976,0.023278259695018635,1
art_129,BBC,ORGANIZATION,-0.3064087137026945,-0.0976,0.2088087137026945,3
art_129,Indian army,ORGANIZATION,-0.05844866804545745,-0.0976,0.039151331954542554,1
art_129,Jammu and Kashmir,ORGANIZATION,-0.08966346387023805,-0.0976,0.007936536129761959,2
art_129,India,ORGANIZATION,-0.08242383679846005,-0.0976,0.015176163201539958,11
art_129,Britain,ORGANIZATION,-0.002736674214247614,-0.0976,0.09486332578575239,1
art_129,Pakistan,ORGANIZATION,-0.20829668146325275,-0.0976,0.11069668146325275,3
art_129,Modi,PERSON,-0.03886911288524667,-0.0976,0.058730887114753334,3
art_129,Kashmir,ORGANIZATION,-0.21928321702378323,-0.0976,0.12168321702378322,9
art_130,Reuters,ORGANIZATION,-0.19760482723359019,-0.1976,4.827233590187774e-06,1
art_130,India,ORGANIZATION,-0.15384281146301268,-0.1976,0.04375718853698732,6
art_130,Pakistan,ORGANIZATION,-0.13830684356798884,-0.1976,0.05929315643201116,6
art_130,New Delhi,ORGANIZATION,-0.1677158594247885,-0.1976,0.029884140575211493,2
art_130,INDIA,ORGANIZATION,-0.15384281146301268,-0.1976,0.04375718853698732,6
art_130,PAKISTAN,ORGANIZATION,-0.13830684356798884,-0.1976,0.05929315643201116,6
art_130,Kashmir,ORGANIZATION,-0.10536362317119104,-0.1976,0.09223637682880896,3
art_130,India,ORGANIZATION,-0.15384281146301268,-0.1976,0.04375718853698732,6
art_130,Pakistan,ORGANIZATION,-0.13830684356798884,-0.1976,0.05929315643201116,6
art_130,Islamabad,ORGANIZATION,-0.0987230478785932,-0.1976,0.09887695212140679,2
art_130,India,ORGANIZATION,-0.15384281146301268,-0.1976,0.04375718853698732,6
art_130,PAKISTAN,ORGANIZATION,-0.13830684356798884,-0.1976,0.05929315643201116,6
art_130,Pakistan,ORGANIZATION,-0.13830684356798884,-0.1976,0.05929315643201116,6
art_130,India,ORGANIZATION,-0.15384281146301268,-0.1976,0.04375718853698732,6
art_130,India,ORGANIZATION,-0.15384281146301268,-0.1976,0.04375718853698732,6
art_130,India,ORGANIZATION,-0.15384281146301268,-0.1976,0.04375718853698732,6
art_130,Pakistan,ORGANIZATION,-0.13830684356798884,-0.1976,0.05929315643201116,6
art_130,Pakistan,ORGANIZATION,-0.13830684356798884,-0.1976,0.05929315643201116,6
art_130,India,ORGANIZATION,-0.15384281146301268,-0.1976,0.04375718853698732,6
art_130,Pakistan,ORGANIZATION,-0.13830684356798884,-0.1976,0.05929315643201116,6
art_131,The Resistance Front,ORGANIZATION,-0.08187415153952315,-0.1733,0.09142584846047686,1
art_131,TRF,ORGANIZATION,-0.08187415153952315,-0.1733,0.09142584846047686,1
art_131,Lashkar-e-Taiba,ORGANIZATION,-0.08187415153952315,-0.1733,0.09142584846047686,1
art_131,LeT,ORGANIZATION,-0.08187415153952315,-0.1733,0.09142584846047686,1
art_131,Prime Minister,PERSON,-0.14434621296823025,-0.1733,0.028953787031769762,1
art_131,Narendra Modi,PERSON,-0.11970386910252273,-0.1733,0.05359613089747728,2
art_131,Narendra Modi,PERSON,-0.11970386910252273,-0.1733,0.05359613089747728,2
art_131,@narendramodi,PERSON,-0.09506152523681521,-0.1733,0.0782384747631848,1
art_131,Modi,PERSON,-0.15154299434895316,-0.1733,0.02175700565104685,3
art_131,Home Minister,PERSON,-0.09506152523681521,-0.1733,0.0782384747631848,1
art_131,Amit Shah,PERSON,-0.09506152523681521,-0.1733,0.0782384747631848,1
art_131,Indian,ORGANIZATION,-0.17496075423550791,-0.1733,0.0016607542355079052,5
art_131,Modi,PERSON,-0.15154299434895316,-0.1733,0.02175700565104685,3
art_131,Omar Abdullah,PERSON,0.1294018000480719,-0.1733,0.3027018000480719,2
art_131,@sakinaitoo,PERSON,-0.013232427067123353,-0.1733,0.16006757293287666,1
art_131,Omar Abdullah,PERSON,0.1294018000480719,-0.1733,0.3027018000480719,2
art_131,@OmarAbdullah,PERSON,-0.013232427067123353,-0.1733,0.16006757293287666,1
art_131,President,PERSON,0.0015179570764303207,-0.1733,0.17481795707643033,1
art_131,Vladimir Putin,PERSON,0.0015179570764303207,-0.1733,0.17481795707643033,1
art_131,Kremlin,ORGANIZATION,0.06022441014647484,-0.1733,0.23352441014647485,1
art_131,Putin,PERSON,0.18724565603770316,-0.1733,0.36054565603770317,2
art_131,Russia,ORGANIZATION,0.18724565603770316,-0.1733,0.36054565603770317,2
art_131,India,ORGANIZATION,-0.08866158115051803,-0.1733,0.08463841884948198,8
art_131,India,ORGANIZATION,-0.08866158115051803,-0.1733,0.08463841884948198,8
art_131,Pakistan,ORGANIZATION,-0.1259316624928033,-0.1733,0.04736833750719671,4
art_131,India,ORGANIZATION,-0.08866158115051803,-0.1733,0.08463841884948198,8
art_131,Pakistan,ORGANIZATION,-0.1259316624928033,-0.1733,0.04736833750719671,4
art_131,Pakistan,ORGANIZATION,-0.1259316624928033,-0.1733,0.04736833750719671,4
art_131,Foreign Minister,PERSON,-0.2143902654061094,-0.1733,0.04109026540610938,1
art_131,UN General Assembly,ORGANIZATION,9.600908379070461e-05,-0.1733,0.17339600908379071,1
art_131,New Delhi,ORGANIZATION,-0.03386153932660818,-0.1733,0.13943846067339183,1
art_131,Islamabad,ORGANIZATION,-0.03386153932660818,-0.1733,0.13943846067339183,1
art_132,Pakistan,ORGANIZATION,-0.10441286487912294,-0.0898,0.01461286487912293,4
art_132,India,ORGANIZATION,-0.10137340647755384,-0.0898,0.011573406477553838,12
art_132,Pakistan,ORGANIZATION,-0.10441286487912294,-0.0898,0.01461286487912293,4
art_132,Home Minister,PERSON,-0.0010999341029673815,-0.0898,0.08870006589703262,1
art_132,Amit Shah,PERSON,-0.0010999341029673815,-0.0898,0.08870006589703262,1
art_132,Prime Minister,PERSON,-0.0010999341029673815,-0.0898,0.08870006589703262,1
art_132,Narendra Modi,PERSON,-0.0010999341029673815,-0.0898,0.08870006589703262,1
art_132,India,ORGANIZATION,-0.10137340647755384,-0.0898,0.011573406477553838,12
art_132,India,ORGANIZATION,-0.10137340647755384,-0.0898,0.011573406477553838,12
art_132,United,ORGANIZATION,-0.014858246984658763,-0.0898,0.07494175301534124,1
art_132,States,PERSON,-0.014858246984658763,-0.0898,0.07494175301534124,1
art_132,Vice President,PERSON,-0.014858246984658763,-0.0898,0.07494175301534124,1
art_132,JD Vance,PERSON,-0.014858246984658763,-0.0898,0.07494175301534124,1
art_132,India,ORGANIZATION,-0.10137340647755384,-0.0898,0.011573406477553838,12
art_132,Al Jazeera,ORGANIZATION,-0.14484839936873564,-0.0898,0.05504839936873564,3
art_132,Simran Chandani,PERSON,-0.00680760336399544,-0.0898,0.08299239663600456,1
art_132,Pahalgam,PERSON,-0.04598937822386991,-0.0898,0.04381062177613009,3
art_132,God,PERSON,0.03217969340039417,-0.0898,0.12197969340039418,1
art_132,Chandani,PERSON,0.012686045018199366,-0.0898,0.10248604501819937,2
art_132,Indian Navy,ORGANIZATION,-0.23483867465984076,-0.0898,0.14503867465984077,1
art_132,The Resistance Front,ORGANIZATION,-0.04180989944143221,-0.0898,0.0479901005585678,1
art_132,TRF,ORGANIZATION,-0.04180989944143221,-0.0898,0.0479901005585678,1
art_132,Lashkar,ORGANIZATION,-0.04180989944143221,-0.0898,0.0479901005585678,1
art_132,-e,PERSON,-0.02086787737789564,-0.0898,0.06893212262210437,2
art_132,Taiba,PERSON,-0.04180989944143221,-0.0898,0.0479901005585678,1
art_132,Al Jazeera,ORGANIZATION,-0.14484839936873564,-0.0898,0.05504839936873564,3
art_132,Indian government,ORGANIZATION,0.003412422724068165,-0.0898,0.09321242272406817,2
art_132,Indian government,ORGANIZATION,0.003412422724068165,-0.0898,0.09321242272406817,2
art_132,Kashmiris,PERSON,0.06705034710466862,-0.0898,0.1568503471046686,1
art_132,Al Jazeera,ORGANIZATION,-0.14484839936873564,-0.0898,0.05504839936873564,3
art_132,Kashmir,ORGANIZATION,-0.1004088516297088,-0.0898,0.010608851629708801,12
art_133,India,ORGANIZATION,-0.06107079874709598,-0.0026,0.05847079874709598,18
art_133,Pakistan,ORGANIZATION,-0.07178429099996506,-0.0026,0.06918429099996505,17
art_133,Islamabad,ORGANIZATION,-0.0469870138913393,-0.0026,0.044387013891339304,3
art_133,Delhi,ORGANIZATION,-0.0028087566570320632,-0.0026,0.00020875665703206335,2
art_133,India,ORGANIZATION,-0.06107079874709598,-0.0026,0.05847079874709598,18
art_133,Pakistan,ORGANIZATION,-0.07178429099996506,-0.0026,0.06918429099996505,17
art_133,India,ORGANIZATION,-0.06107079874709598,-0.0026,0.05847079874709598,18
art_133,Pakistan,ORGANIZATION,-0.07178429099996506,-0.0026,0.06918429099996505,17
art_133,Pakistan,ORGANIZATION,-0.07178429099996506,-0.0026,0.06918429099996505,17
art_133,Pakistan,ORGANIZATION,-0.07178429099996506,-0.0026,0.06918429099996505,17
art_133,Pakistan,ORGANIZATION,-0.07178429099996506,-0.0026,0.06918429099996505,17
art_133,prime minister,PERSON,-0.011291858080464104,-0.0026,0.008691858080464104,3
art_133,Shehbaz Sharif,PERSON,-0.013442880823276937,-0.0026,0.010842880823276937,1
art_133,Pakistan,ORGANIZATION,-0.07178429099996506,-0.0026,0.06918429099996505,17
art_133,India,ORGANIZATION,-0.06107079874709598,-0.0026,0.05847079874709598,18
art_133,Pakistan,ORGANIZATION,-0.07178429099996506,-0.0026,0.06918429099996505,17
art_133,minister,PERSON,-0.05065482834470458,-0.0026,0.048054828344704585,4
art_133,Ishaq Dar,PERSON,-0.16874373913742602,-0.0026,0.16614373913742603,1
art_133,Dunya News TV,ORGANIZATION,-0.16874373913742602,-0.0026,0.16614373913742603,1
art_133,Dar,PERSON,-0.08928032696712762,-0.0026,0.08668032696712762,2
art_133,India,ORGANIZATION,-0.06107079874709598,-0.0026,0.05847079874709598,18
art_133,Pakistan,ORGANIZATION,-0.07178429099996506,-0.0026,0.06918429099996505,17
art_133,India,ORGANIZATION,-0.06107079874709598,-0.0026,0.05847079874709598,18
art_133,Islamabad,ORGANIZATION,-0.0469870138913393,-0.0026,0.044387013891339304,3
art_133,India,ORGANIZATION,-0.06107079874709598,-0.0026,0.05847079874709598,18
art_133,Pakistan,ORGANIZATION,-0.07178429099996506,-0.0026,0.06918429099996505,17
art_133,Pakistan,ORGANIZATION,-0.07178429099996506,-0.0026,0.06918429099996505,17
art_133,Pakistan,ORGANIZATION,-0.07178429099996506,-0.0026,0.06918429099996505,17
art_133,India,ORGANIZATION,-0.06107079874709598,-0.0026,0.05847079874709598,18
art_133,prime minister,PERSON,-0.011291858080464104,-0.0026,0.008691858080464104,3
art_133,Indira Gandhi,PERSON,-0.00120475422590971,-0.0026,0.00139524577409029,1
art_133,Pakistan,ORGANIZATION,-0.07178429099996506,-0.0026,0.06918429099996505,17
art_133,Zulfikar Ali Bhutto,PERSON,-0.00120475422590971,-0.0026,0.00139524577409029,1
art_133,Bangladesh,ORGANIZATION,-0.00120475422590971,-0.0026,0.00139524577409029,1
art_133,India,ORGANIZATION,-0.06107079874709598,-0.0026,0.05847079874709598,18
art_133,prime minister,PERSON,-0.011291858080464104,-0.0026,0.008691858080464104,3
art_133,Narendra Modi,PERSON,-0.019227939192205667,-0.0026,0.01662793919220567,1
art_133,India,ORGANIZATION,-0.06107079874709598,-0.0026,0.05847079874709598,18
art_133,Modi,PERSON,-0.03346546149502198,-0.0026,0.03086546149502198,3
art_133,Pakistan,ORGANIZATION,-0.07178429099996506,-0.0026,0.06918429099996505,17
art_133,Saad Ahmad Warraich,PERSON,0.0002608848808449693,-0.0026,0.002860884880844969,1
art_133,Pakistan embassy,ORGANIZATION,0.0002608848808449693,-0.0026,0.002860884880844969,1
art_133,India,ORGANIZATION,-0.06107079874709598,-0.0026,0.05847079874709598,18
art_133,ministry of external affairs,ORGANIZATION,0.0002608848808449693,-0.0026,0.002860884880844969,1
art_133,India,ORGANIZATION,-0.06107079874709598,-0.0026,0.05847079874709598,18
art_133,Modi,PERSON,-0.03346546149502198,-0.0026,0.03086546149502198,3
art_133,Kashmir,ORGANIZATION,-0.032322915096301585,-0.0026,0.029722915096301587,4
art_133,India,ORGANIZATION,-0.06107079874709598,-0.0026,0.05847079874709598,18
art_133,Pakistan,ORGANIZATION,-0.07178429099996506,-0.0026,0.06918429099996505,17
art_133,World Bank,ORGANIZATION,-0.007059302646666765,-0.0026,0.004459302646666765,1
art_133,India,ORGANIZATION,-0.06107079874709598,-0.0026,0.05847079874709598,18
art_133,foreign secretary,PERSON,0.002880234271287918,-0.0026,0.005480234271287918,1
art_133,Vikram Misri,PERSON,0.002880234271287918,-0.0026,0.005480234271287918,1
art_134,India,ORGANIZATION,-0.09743402041494846,-0.1555,0.05806597958505154,10
art_134,Pakistan,ORGANIZATION,-0.07996797791565768,-0.1555,0.07553202208434232,8
art_134,Islamabad,ORGANIZATION,-0.1110464641242288,-0.1555,0.044453535875771194,4
art_134,New Delhi,ORGANIZATION,-0.0631004880880937,-0.1555,0.0923995119119063,5
art_134,India,ORGANIZATION,-0.09743402041494846,-0.1555,0.05806597958505154,10
art_134,New Delhi,ORGANIZATION,-0.0631004880880937,-0.1555,0.0923995119119063,5
art_134,Prime Minister,PERSON,0.07900719717144966,-0.1555,0.23450719717144966,1
art_134,Narendra Modi,PERSON,0.07900719717144966,-0.1555,0.23450719717144966,1
art_134,Modi,PERSON,-0.23292243492323905,-0.1555,0.07742243492323905,2
art_134,Pakistan,ORGANIZATION,-0.07996797791565768,-0.1555,0.07553202208434232,8
art_134,Defense Minister,PERSON,-0.01979278214275837,-0.1555,0.13570721785724163,2
art_134,Rajnath Singh,PERSON,-0.004402171820402145,-0.1555,0.15109782817959785,1
art_134,Singh,PERSON,0.06931785959750414,-0.1555,0.22481785959750414,2
art_134,Defense Minister,PERSON,-0.01979278214275837,-0.1555,0.13570721785724163,2
art_134,Khawaja Mohammad,PERSON,-0.035183392465114594,-0.1555,0.1203166075348854,1
art_134,India,ORGANIZATION,-0.09743402041494846,-0.1555,0.05806597958505154,10
art_134,Indian Foreign Secretary,PERSON,-0.0003475029952824116,-0.1555,0.1551524970047176,1
art_134,Vikram Misri,PERSON,-0.0003475029952824116,-0.1555,0.1551524970047176,1
art_134,Pakistan,ORGANIZATION,-0.07996797791565768,-0.1555,0.07553202208434232,8
art_134,Pakistan,ORGANIZATION,-0.07996797791565768,-0.1555,0.07553202208434232,8
art_134,Misri,PERSON,-0.05157747759949416,-0.1555,0.10392252240050584,2
art_134,Michael Kugelman,PERSON,-0.07034944090992212,-0.1555,0.08515055909007788,1
art_134,India,ORGANIZATION,-0.09743402041494846,-0.1555,0.05806597958505154,10
art_134,Pakistan,ORGANIZATION,-0.07996797791565768,-0.1555,0.07553202208434232,8
art_134,India,ORGANIZATION,-0.09743402041494846,-0.1555,0.05806597958505154,10
art_134,Pakistan,ORGANIZATION,-0.07996797791565768,-0.1555,0.07553202208434232,8
art_134,New Delhi,ORGANIZATION,-0.0631004880880937,-0.1555,0.0923995119119063,5
art_134,Islamabad,ORGANIZATION,-0.1110464641242288,-0.1555,0.044453535875771194,4
art_134,Islamabad,ORGANIZATION,-0.1110464641242288,-0.1555,0.044453535875771194,4
art_134,Kashmir,ORGANIZATION,-0.17684240189070502,-0.1555,0.02134240189070502,3
art_134,Pakistan,ORGANIZATION,-0.07996797791565768,-0.1555,0.07553202208434232,8
art_134,Foreign Ministry,ORGANIZATION,0.015763025730848312,-0.1555,0.1712630257308483,1
art_134,India,ORGANIZATION,-0.09743402041494846,-0.1555,0.05806597958505154,10
art_134,Pakistan,ORGANIZATION,-0.07996797791565768,-0.1555,0.07553202208434232,8
art_134,National Security Committee,ORGANIZATION,0.015763025730848312,-0.1555,0.1712630257308483,1
art_135,VCG,ORGANIZATION,-0.20177275873720646,0.1198,0.3215727587372065,1
art_135,Line,ORGANIZATION,-0.12139177275821567,0.1198,0.24119177275821568,2
art_135,Guardian,ORGANIZATION,-0.118018806388136,0.1198,0.23781880638813602,2
art_135,United Nations,ORGANIZATION,0.4367608695756644,0.1198,0.3169608695756644,1
art_135,Pakistan,ORGANIZATION,-0.06999354840865216,0.1198,0.18979354840865215,13
art_135,India,ORGANIZATION,-0.06782248513773084,0.1198,0.18762248513773083,10
art_135,Pakistan,ORGANIZATION,-0.06999354840865216,0.1198,0.18979354840865215,13
art_135,India,ORGANIZATION,-0.06782248513773084,0.1198,0.18762248513773083,10
art_135,UN,ORGANIZATION,0.04594335794681683,0.1198,0.07385664205318318,5
art_135,AP,ORGANIZATION,-0.03697275924496353,0.1198,0.15677275924496353,5
art_135,India,ORGANIZATION,-0.06782248513773084,0.1198,0.18762248513773083,10
art_135,Pakistan,ORGANIZATION,-0.06999354840865216,0.1198,0.18979354840865215,13
art_135,Guardian,ORGANIZATION,-0.118018806388136,0.1198,0.23781880638813602,2
art_135,AP,ORGANIZATION,-0.03697275924496353,0.1198,0.15677275924496353,5
art_135,India,ORGANIZATION,-0.06782248513773084,0.1198,0.18762248513773083,10
art_135,Pakistan,ORGANIZATION,-0.06999354840865216,0.1198,0.18979354840865215,13
art_135,Pakistan,ORGANIZATION,-0.06999354840865216,0.1198,0.18979354840865215,13
art_135,AP,ORGANIZATION,-0.03697275924496353,0.1198,0.15677275924496353,5
art_135,Indian government,ORGANIZATION,-0.047513192500143,0.1198,0.167313192500143,3
art_135,Pakistan,ORGANIZATION,-0.06999354840865216,0.1198,0.18979354840865215,13
art_135,Xinhua News Agency,ORGANIZATION,-0.00237002270296216,0.1198,0.12217002270296216,1
art_135,Indian government,ORGANIZATION,-0.047513192500143,0.1198,0.167313192500143,3
art_135,Times of India,ORGANIZATION,-0.0945154462242499,0.1198,0.21431544622424992,1
art_135,Al Jazeera,ORGANIZATION,-0.045654108573216945,0.1198,0.16545410857321696,1
art_135,Pakistan,ORGANIZATION,-0.06999354840865216,0.1198,0.18979354840865215,13
art_135,India,ORGANIZATION,-0.06782248513773084,0.1198,0.18762248513773083,10
art_135,Indian government,ORGANIZATION,-0.047513192500143,0.1198,0.167313192500143,3
art_135,Islamabad,ORGANIZATION,-0.04333244767622091,0.1198,0.16313244767622093,2
art_135,Xinhua,ORGANIZATION,-0.0010405665379948914,0.1198,0.1208405665379949,2
art_135,Pakistani Prime Minister's Office,ORGANIZATION,0.0002888896269723773,0.1198,0.11951111037302763,1
art_135,Prime Minister,PERSON,0.0002888896269723773,0.1198,0.11951111037302763,1
art_135,Shehbaz Sharif,PERSON,0.0002888896269723773,0.1198,0.11951111037302763,1
art_135,National Security Committee,ORGANIZATION,0.0002888896269723773,0.1198,0.11951111037302763,1
art_135,India,ORGANIZATION,-0.06782248513773084,0.1198,0.18762248513773083,10
art_135,Pakistan,ORGANIZATION,-0.06999354840865216,0.1198,0.18979354840865215,13
art_135,Pakistan,ORGANIZATION,-0.06999354840865216,0.1198,0.18979354840865215,13
art_135,Wagah Border Post,ORGANIZATION,-0.04101078677922487,0.1198,0.1608107867792249,1
art_135,"Indian Defence, Naval and Air Advisors",ORGANIZATION,-0.04101078677922487,0.1198,0.1608107867792249,1
art_135,Pakistan,ORGANIZATION,-0.06999354840865216,0.1198,0.18979354840865215,13
art_135,India,ORGANIZATION,-0.06782248513773084,0.1198,0.18762248513773083,10
art_135,Sky News,ORGANIZATION,-0.01594965223921463,0.1198,0.13574965223921465,1
art_135,Pakistan,ORGANIZATION,-0.06999354840865216,0.1198,0.18979354840865215,13
art_135,Defence Minister,PERSON,-0.01594965223921463,0.1198,0.13574965223921465,1
art_135,Khawaja Asif,PERSON,-0.01594965223921463,0.1198,0.13574965223921465,1
art_135,India,ORGANIZATION,-0.06782248513773084,0.1198,0.18762248513773083,10
art_135,Pakistan,ORGANIZATION,-0.06999354840865216,0.1198,0.18979354840865215,13
art_135,Global Times,ORGANIZATION,-0.0001843506470322609,0.1198,0.11998435064703226,1
art_136,India,ORGANIZATION,-0.157922470534686,-0.0614,0.09652247053468599,4
art_136,Pakistan,ORGANIZATION,-0.06734942691400647,-0.0614,0.0059494269140064684,1
art_136,New Delhi,ORGANIZATION,-0.1217821311050405,-0.0614,0.0603821311050405,3
art_136,India,ORGANIZATION,-0.157922470534686,-0.0614,0.09652247053468599,4
art_136,Pakistan,ORGANIZATION,-0.06734942691400647,-0.0614,0.0059494269140064684,1
art_136,Islamabad,ORGANIZATION,-0.06734942691400647,-0.0614,0.0059494269140064684,1
art_136,New Delhi,ORGANIZATION,-0.1217821311050405,-0.0614,0.0603821311050405,3
art_136,India,ORGANIZATION,-0.157922470534686,-0.0614,0.09652247053468599,4
art_136,Prime Minister,PERSON,0.06403516605496407,-0.0614,0.12543516605496408,1
art_136,Narendra Modi,PERSON,0.06403516605496407,-0.0614,0.12543516605496408,1
art_137,India,ORGANIZATION,0.0038009171839803457,-0.047,0.050800917183980346,1
art_137,Foreign Secretary,PERSON,0.0038009171839803457,-0.047,0.050800917183980346,1
art_137,Vikram Misri,PERSON,0.0038009171839803457,-0.047,0.050800917183980346,1
art_137,Prime Minister,PERSON,-0.0246837236918509,-0.047,0.0223162763081491,1
art_137,Narendra Modi,PERSON,-0.0246837236918509,-0.047,0.0223162763081491,1
art_137,Cabinet Committee on Security,ORGANIZATION,-0.0246837236918509,-0.047,0.0223162763081491,1
art_137,CCS,ORGANIZATION,-0.0246837236918509,-0.047,0.0223162763081491,1
art_137,Resistant Front,ORGANIZATION,-0.028723581228405237,-0.047,0.018276418771594763,1
art_137,Lashkar-e-Taiba,ORGANIZATION,-0.028723581228405237,-0.047,0.018276418771594763,1
art_137,Union government,ORGANIZATION,-0.09837983571924269,-0.047,0.05137983571924269,1
art_138,Cabinet Committee on Security,ORGANIZATION,0.02500908076763153,0.0105,0.01450908076763153,1
art_138,CCS,ORGANIZATION,0.012895465915789828,0.0105,0.002395465915789827,2
art_138,India,ORGANIZATION,-0.038256780633953616,0.0105,0.04875678063395362,13
art_138,Pakistan,ORGANIZATION,-0.015014049672754482,0.0105,0.02551404967275448,10
art_138,India,ORGANIZATION,-0.038256780633953616,0.0105,0.04875678063395362,13
art_138,Pakistan,ORGANIZATION,-0.015014049672754482,0.0105,0.02551404967275448,10
art_138,Pakistan,ORGANIZATION,-0.015014049672754482,0.0105,0.02551404967275448,10
art_138,Pakistan,ORGANIZATION,-0.015014049672754482,0.0105,0.02551404967275448,10
art_138,India,ORGANIZATION,-0.038256780633953616,0.0105,0.04875678063395362,13
art_138,Pakistan,ORGANIZATION,-0.015014049672754482,0.0105,0.02551404967275448,10
art_138,Attari,ORGANIZATION,-0.20247112773358822,0.0105,0.21297112773358823,1
art_138,Wagah,ORGANIZATION,-0.20247112773358822,0.0105,0.21297112773358823,1
art_138,India,ORGANIZATION,-0.038256780633953616,0.0105,0.04875678063395362,13
art_138,Pakistani Military,ORGANIZATION,-0.03760418388992548,0.0105,0.04810418388992548,1
art_138,Naval,ORGANIZATION,-0.03760418388992548,0.0105,0.04810418388992548,1
art_138,Pakistani High Commission,ORGANIZATION,-0.03760418388992548,0.0105,0.04810418388992548,1
art_138,India,ORGANIZATION,-0.038256780633953616,0.0105,0.04875678063395362,13
art_138,India,ORGANIZATION,-0.038256780633953616,0.0105,0.04875678063395362,13
art_138,Indian High Commission,ORGANIZATION,0.12886654335306957,0.0105,0.11836654335306958,2
art_138,India,ORGANIZATION,-0.038256780633953616,0.0105,0.04875678063395362,13
art_138,Indian High Commission,ORGANIZATION,0.12886654335306957,0.0105,0.11836654335306958,2
art_138,CCS,ORGANIZATION,0.012895465915789828,0.0105,0.002395465915789827,2
art_138,Home Minister,PERSON,0.0007818510639481246,0.0105,0.009718148936051876,1
art_138,Amit Shah,PERSON,0.0007818510639481246,0.0105,0.009718148936051876,1
art_138,Defence,PERSON,0.0007818510639481246,0.0105,0.009718148936051876,1
art_138,Rajnath Singh,PERSON,0.0007818510639481246,0.0105,0.009718148936051876,1
art_138,External Affairs,PERSON,0.0007818510639481246,0.0105,0.009718148936051876,1
art_138,S Jaishankar,PERSON,0.0007818510639481246,0.0105,0.009718148936051876,1
art_138,National Security,PERSON,0.012895465915789828,0.0105,0.002395465915789827,2
art_138,Ajit Doval,PERSON,0.0007818510639481246,0.0105,0.009718148936051876,1
art_138,India,ORGANIZATION,-0.038256780633953616,0.0105,0.04875678063395362,13
art_138,Indian Army,ORGANIZATION,0.006444709375500679,0.0105,0.004055290624499322,1
art_138,Shah,PERSON,-0.04851728389621712,0.0105,0.059017283896217125,2
art_138,Indian government,ORGANIZATION,-0.09781641885638237,0.0105,0.10831641885638237,1
art_138,India,ORGANIZATION,-0.038256780633953616,0.0105,0.04875678063395362,13
art_139,Fresh,ORGANIZATION,-0.06665740860626101,-0.0825,0.01584259139373899,1
art_139,India,ORGANIZATION,-0.12099447735646904,-0.0825,0.038494477356469034,17
art_139,Pakistan,ORGANIZATION,-0.06809513679631478,-0.0825,0.014404863203685225,11
art_139,India,ORGANIZATION,-0.12099447735646904,-0.0825,0.038494477356469034,17
art_139,Pakistan,ORGANIZATION,-0.06809513679631478,-0.0825,0.014404863203685225,11
art_139,New Delhi,ORGANIZATION,-0.18221914170620343,-0.0825,0.09971914170620343,3
art_139,Islamabad,ORGANIZATION,-0.1307527667377144,-0.0825,0.048252766737714406,1
art_139,New Delhi,ORGANIZATION,-0.18221914170620343,-0.0825,0.09971914170620343,3
art_139,Pakistan,ORGANIZATION,-0.06809513679631478,-0.0825,0.014404863203685225,11
art_139,India,ORGANIZATION,-0.12099447735646904,-0.0825,0.038494477356469034,17
art_139,India,ORGANIZATION,-0.12099447735646904,-0.0825,0.038494477356469034,17
art_139,Pakistan,ORGANIZATION,-0.06809513679631478,-0.0825,0.014404863203685225,11
art_139,Faran Jeffery,PERSON,-0.01750492985593155,-0.0825,0.06499507014406845,1
art_139,Islamic Theology of Counter Terrorism,ORGANIZATION,-0.01750492985593155,-0.0825,0.06499507014406845,1
art_139,Pakistan,ORGANIZATION,-0.06809513679631478,-0.0825,0.014404863203685225,11
art_139,India,ORGANIZATION,-0.12099447735646904,-0.0825,0.038494477356469034,17
art_139,India,ORGANIZATION,-0.12099447735646904,-0.0825,0.038494477356469034,17
art_139,Dr,PERSON,-0.21033977655073008,-0.0825,0.1278397765507301,3
art_139,Srinath Raghavan,PERSON,-0.5597190046682954,-0.0825,0.47721900466829537,1
art_139,Kashmir,ORGANIZATION,-0.12790693159331568,-0.0825,0.04540693159331567,11
art_139,India,ORGANIZATION,-0.12099447735646904,-0.0825,0.038494477356469034,17
art_139,Pakistan,ORGANIZATION,-0.06809513679631478,-0.0825,0.014404863203685225,11
art_139,India,ORGANIZATION,-0.12099447735646904,-0.0825,0.038494477356469034,17
art_139,Pakistan,ORGANIZATION,-0.06809513679631478,-0.0825,0.014404863203685225,11
art_139,Pakistan,ORGANIZATION,-0.06809513679631478,-0.0825,0.014404863203685225,11
art_139,India,ORGANIZATION,-0.12099447735646904,-0.0825,0.038494477356469034,17
art_139,India,ORGANIZATION,-0.12099447735646904,-0.0825,0.038494477356469034,17
art_139,India,ORGANIZATION,-0.12099447735646904,-0.0825,0.038494477356469034,17
art_139,Raghavan,PERSON,-0.28782622911967337,-0.0825,0.20532622911967335,2
art_139,The Straits Times,ORGANIZATION,-0.01593345357105136,-0.0825,0.06656654642894864,1
art_139,India,ORGANIZATION,-0.12099447735646904,-0.0825,0.038494477356469034,17
art_139,Pakistan,ORGANIZATION,-0.06809513679631478,-0.0825,0.014404863203685225,11
art_139,China,ORGANIZATION,-0.0338313989341259,-0.0825,0.048668601065874104,1
art_139,Beijing,ORGANIZATION,-0.10779722407460213,-0.0825,0.025297224074602123,1
art_139,India,ORGANIZATION,-0.12099447735646904,-0.0825,0.038494477356469034,17
art_139,India,ORGANIZATION,-0.12099447735646904,-0.0825,0.038494477356469034,17
art_139,Prime Minister,PERSON,-0.055366871412843466,-0.0825,0.027133128587156538,1
art_139,Narendra Modi,PERSON,-0.055366871412843466,-0.0825,0.027133128587156538,1
art_139,Pakistan,ORGANIZATION,-0.06809513679631478,-0.0825,0.014404863203685225,11
art_139,India,ORGANIZATION,-0.12099447735646904,-0.0825,0.038494477356469034,17
art_139,India,ORGANIZATION,-0.12099447735646904,-0.0825,0.038494477356469034,17
art_139,India,ORGANIZATION,-0.12099447735646904,-0.0825,0.038494477356469034,17
art_139,Pakistan,ORGANIZATION,-0.06809513679631478,-0.0825,0.014404863203685225,11
art_139,Shiraz Ahmad Mir,PERSON,-0.0005377256311476231,-0.0825,0.08196227436885238,1
art_140,Minister,PERSON,-0.14887748006731272,-0.1489,2.2519932687287136e-05,1
art_140,Narendra Modi,PERSON,-0.14887748006731272,-0.1489,2.2519932687287136e-05,1
art_140,Chief Minister,PERSON,-0.14887748006731272,-0.1489,2.2519932687287136e-05,1
art_140,Omar Abdullah,PERSON,-0.14887748006731272,-0.1489,2.2519932687287136e-05,1
art_140,Pakistan,ORGANIZATION,-0.1517065631924197,-0.1489,0.002806563192419703,2
art_140,India,ORGANIZATION,-0.09242236209101976,-0.1489,0.05647763790898025,5
art_140,AFP,ORGANIZATION,-0.1944016576744616,-0.1489,0.0455016576744616,2
art_140,AFP,ORGANIZATION,-0.1944016576744616,-0.1489,0.0455016576744616,2
art_140,Modi,PERSON,-0.10878427761296432,-0.1489,0.04011572238703569,3
art_140,US,PERSON,-0.12595319184474646,-0.1489,0.022946808155253545,5
art_140,Vice President,PERSON,-0.1603131638839841,-0.1489,0.011413163883984084,1
art_140,JD Vance,PERSON,-0.1603131638839841,-0.1489,0.011413163883984084,1
art_140,Modi,PERSON,-0.10878427761296432,-0.1489,0.04011572238703569,3
art_140,Indians,PERSON,-0.01716218888759613,-0.1489,0.13173781111240387,1
art_140,president,PERSON,-0.08873767638579011,-0.1489,0.060162323614209895,2
art_140,Bill Clinton.The,PERSON,-0.01716218888759613,-0.1489,0.13173781111240387,1
art_140,President Donald Trump,PERSON,-0.01716218888759613,-0.1489,0.13173781111240387,1
art_140,Modi,PERSON,-0.10878427761296432,-0.1489,0.04011572238703569,3
art_140,India,ORGANIZATION,-0.09242236209101976,-0.1489,0.05647763790898025,5
art_140,EU,ORGANIZATION,-0.01716218888759613,-0.1489,0.13173781111240387,1
art_140,chief,PERSON,-0.08301983447745442,-0.1489,0.06588016552254558,2
art_140,Ursula von der Leyen,PERSON,-0.01716218888759613,-0.1489,0.13173781111240387,1
art_140,Europe,ORGANIZATION,-0.01716218888759613,-0.1489,0.13173781111240387,1
art_140,India,ORGANIZATION,-0.09242236209101976,-0.1489,0.05647763790898025,5
art_140,Modi,PERSON,-0.10878427761296432,-0.1489,0.04011572238703569,3
art_140,Kashmir,ORGANIZATION,-0.09242236209101976,-0.1489,0.05647763790898025,5
art_140,India,ORGANIZATION,-0.09242236209101976,-0.1489,0.05647763790898025,5
art_140,Michael Kugelman,PERSON,-0.0749229749199003,-0.1489,0.0739770250800997,1
art_140,India,ORGANIZATION,-0.09242236209101976,-0.1489,0.05647763790898025,5
art_140,Pakistan,ORGANIZATION,-0.1517065631924197,-0.1489,0.002806563192419703,2
art_140,Pakistan,ORGANIZATION,-0.1517065631924197,-0.1489,0.002806563192419703,2
art_140,Kashmir,ORGANIZATION,-0.09242236209101976,-0.1489,0.05647763790898025,5
art_140,Indian Express,ORGANIZATION,-0.0749229749199003,-0.1489,0.0739770250800997,1
art_141,India,ORGANIZATION,-0.0750653433400051,0.0773,0.1523653433400051,15
art_141,Prime Minister,PERSON,-0.211108627190697,0.0773,0.288408627190697,2
art_141,Narendra Modi,PERSON,-0.211108627190697,0.0773,0.288408627190697,2
art_141,India,ORGANIZATION,-0.0750653433400051,0.0773,0.1523653433400051,15
art_141,Pakistan,ORGANIZATION,-0.08875189322030305,0.0773,0.16605189322030306,14
art_141,Times of India,ORGANIZATION,0.06476401537656784,0.0773,0.012535984623432153,1
art_141,Modi,PERSON,-0.06678312826423077,0.0773,0.14408312826423075,9
art_141,INDIA,ORGANIZATION,-0.0750653433400051,0.0773,0.1523653433400051,15
art_141,Modi,PERSON,-0.06678312826423077,0.0773,0.14408312826423075,9
art_141,Cabinet Committee on Security,ORGANIZATION,-0.03905987064354122,0.0773,0.11635987064354121,1
art_141,CCS,ORGANIZATION,-0.03905987064354122,0.0773,0.11635987064354121,1
art_141,India,ORGANIZATION,-0.0750653433400051,0.0773,0.1523653433400051,15
art_141,Pakistan,ORGANIZATION,-0.08875189322030305,0.0773,0.16605189322030306,14
art_141,Minister,PERSON,-0.10814959386480041,0.0773,0.18544959386480042,5
art_141,India,ORGANIZATION,-0.0750653433400051,0.0773,0.1523653433400051,15
art_141,Pakistan,ORGANIZATION,-0.08875189322030305,0.0773,0.16605189322030306,14
art_141,Modi,PERSON,-0.06678312826423077,0.0773,0.14408312826423075,9
art_141,India,ORGANIZATION,-0.0750653433400051,0.0773,0.1523653433400051,15
art_141,Modi,PERSON,-0.06678312826423077,0.0773,0.14408312826423075,9
art_141,Reuters,ORGANIZATION,-0.01809427046100609,0.0773,0.09539427046100608,3
art_141,Pakistan,ORGANIZATION,-0.08875189322030305,0.0773,0.16605189322030306,14
art_141,defense minister,PERSON,-0.036113203095737845,0.0773,0.11341320309573784,1
art_141,India,ORGANIZATION,-0.0750653433400051,0.0773,0.1523653433400051,15
art_141,Khawaja Muhammad Asif,PERSON,-0.0007459505868609995,0.0773,0.078045950586861,1
art_141,Reuters,ORGANIZATION,-0.01809427046100609,0.0773,0.09539427046100608,3
art_141,Resistance Front,ORGANIZATION,-0.03470112624927424,0.0773,0.11200112624927423,1
art_141,TRF,ORGANIZATION,-0.03470112624927424,0.0773,0.11200112624927423,1
art_141,Lashkar-e-Taiba,ORGANIZATION,-0.030259621955337934,0.0773,0.10755962195533793,2
art_141,Lashkar-e-Taiba,ORGANIZATION,-0.030259621955337934,0.0773,0.10755962195533793,2
art_141,Pakistan,ORGANIZATION,-0.08875189322030305,0.0773,0.16605189322030306,14
art_141,Directorate for Inter-Services Intelligence,ORGANIZATION,-0.02581811766140163,0.0773,0.10311811766140162,1
art_141,ISI,ORGANIZATION,-0.014662575316227352,0.0773,0.09196257531622734,3
art_141,Pakistan,ORGANIZATION,-0.08875189322030305,0.0773,0.16605189322030306,14
art_141,Modi government,ORGANIZATION,-0.06960287888068706,0.0773,0.14690287888068704,1
art_141,Chietigj Bajpaee,PERSON,-0.06960287888068706,0.0773,0.14690287888068704,1
art_141,South Asia,ORGANIZATION,-0.06960287888068706,0.0773,0.14690287888068704,1
art_141,Chatham House,ORGANIZATION,-0.06960287888068706,0.0773,0.14690287888068704,1
art_141,Fox News Digital,ORGANIZATION,-0.04048596299253404,0.0773,0.11778596299253404,2
art_141,INDIA,ORGANIZATION,-0.0750653433400051,0.0773,0.1523653433400051,15
art_141,PAKISTAN,ORGANIZATION,-0.08875189322030305,0.0773,0.16605189322030306,14
art_141,KASHMIR MATTERS,PERSON,-0.00032023899257183075,0.0773,0.07762023899257182,1
art_141,Bajpaee,PERSON,-0.034961558936629444,0.0773,0.11226155893662944,2
art_141,Modi,PERSON,-0.06678312826423077,0.0773,0.14408312826423075,9
art_141,Sadanand Dhume,PERSON,-0.011369047104381025,0.0773,0.08866904710438102,1
art_141,American Enterprise Institute,ORGANIZATION,-0.011369047104381025,0.0773,0.08866904710438102,1
art_141,Fox News Digital,ORGANIZATION,-0.04048596299253404,0.0773,0.11778596299253404,2
art_141,Modi,PERSON,-0.06678312826423077,0.0773,0.14408312826423075,9
art_141,Prime Minister,PERSON,-0.211108627190697,0.0773,0.288408627190697,2
art_141,Narendra Modi,PERSON,-0.211108627190697,0.0773,0.288408627190697,2
art_141,Pakistan,ORGANIZATION,-0.08875189322030305,0.0773,0.16605189322030306,14
art_141,Dhume,PERSON,-0.18028842388594057,0.0773,0.25758842388594055,2
art_141,India,ORGANIZATION,-0.0750653433400051,0.0773,0.1523653433400051,15
art_141,Pakistan,ORGANIZATION,-0.08875189322030305,0.0773,0.16605189322030306,14
art_141,Minister of State for Law and Justice,PERSON,-0.017423657700419426,0.0773,0.09472365770041942,1
art_141,Reuters,ORGANIZATION,-0.01809427046100609,0.0773,0.09539427046100608,3
art_141,Islamabad,ORGANIZATION,-0.009084804143640213,0.0773,0.0863848041436402,2
art_141,India,ORGANIZATION,-0.0750653433400051,0.0773,0.1523653433400051,15
art_141,World Bank,ORGANIZATION,-0.017423657700419426,0.0773,0.09472365770041942,1
art_141,Pakistan,ORGANIZATION,-0.08875189322030305,0.0773,0.16605189322030306,14
art_141,India,ORGANIZATION,-0.0750653433400051,0.0773,0.1523653433400051,15
art_141,Pakistan,ORGANIZATION,-0.08875189322030305,0.0773,0.16605189322030306,14
art_141,Pakistan,ORGANIZATION,-0.08875189322030305,0.0773,0.16605189322030306,14
art_141,Kashmir,ORGANIZATION,-0.061505210964241996,0.0773,0.13880521096424198,7
art_141,India,ORGANIZATION,-0.0750653433400051,0.0773,0.1523653433400051,15
art_141,India,ORGANIZATION,-0.0750653433400051,0.0773,0.1523653433400051,15
art_141,Pakistan,ORGANIZATION,-0.08875189322030305,0.0773,0.16605189322030306,14
art_141,India,ORGANIZATION,-0.0750653433400051,0.0773,0.1523653433400051,15
art_141,Pakistan,ORGANIZATION,-0.08875189322030305,0.0773,0.16605189322030306,14
art_141,Arms Control Association,ORGANIZATION,-0.005147888325154781,0.0773,0.08244788832515478,1
art_142,India,ORGANIZATION,-0.08925697138628867,-0.0331,0.056156971386288675,17
art_142,Pakistan,ORGANIZATION,-0.011765598396510434,-0.0331,0.021334401603489563,17
art_142,New Delhi,ORGANIZATION,-0.02984791059861891,-0.0331,0.0032520894013810878,2
art_142,Islamabad,ORGANIZATION,0.05714082351187244,-0.0331,0.09024082351187243,3
art_142,United States,ORGANIZATION,-0.023919154424220324,-0.0331,0.009180845575779674,1
art_142,China,ORGANIZATION,0.006362831827053534,-0.0331,0.039462831827053534,7
art_142,Pakistan,ORGANIZATION,-0.011765598396510434,-0.0331,0.021334401603489563,17
art_142,India,ORGANIZATION,-0.08925697138628867,-0.0331,0.056156971386288675,17
art_142,Pakistan,ORGANIZATION,-0.011765598396510434,-0.0331,0.021334401603489563,17
art_142,Pakistan,ORGANIZATION,-0.011765598396510434,-0.0331,0.021334401603489563,17
art_142,Information Minister,PERSON,-0.037563564255833626,-0.0331,0.004463564255833628,1
art_142,Attaullah Tarar,PERSON,-0.037563564255833626,-0.0331,0.004463564255833628,1
art_142,X.,ORGANIZATION,-0.037563564255833626,-0.0331,0.004463564255833628,1
art_142,Pakistan,ORGANIZATION,-0.011765598396510434,-0.0331,0.021334401603489563,17
art_142,Tarar,PERSON,-0.11119092506123707,-0.0331,0.07809092506123708,4
art_142,India,ORGANIZATION,-0.08925697138628867,-0.0331,0.056156971386288675,17
art_142,Pakistan,ORGANIZATION,-0.011765598396510434,-0.0331,0.021334401603489563,17
art_142,Islamabad,ORGANIZATION,0.05714082351187244,-0.0331,0.09024082351187243,3
art_142,Pakistan,ORGANIZATION,-0.011765598396510434,-0.0331,0.021334401603489563,17
art_142,CNN,ORGANIZATION,-0.014872314408421516,-0.0331,0.01822768559157848,1
art_142,India,ORGANIZATION,-0.08925697138628867,-0.0331,0.056156971386288675,17
art_142,defense ministry,ORGANIZATION,-0.014872314408421516,-0.0331,0.01822768559157848,1
art_142,Tarar,PERSON,-0.11119092506123707,-0.0331,0.07809092506123708,4
art_142,Director Generals of Military Operations,PERSON,0.002071387367323041,-0.0331,0.03517138736732304,1
art_142,India,ORGANIZATION,-0.08925697138628867,-0.0331,0.056156971386288675,17
art_142,Pakistan,ORGANIZATION,-0.011765598396510434,-0.0331,0.021334401603489563,17
art_142,India,ORGANIZATION,-0.08925697138628867,-0.0331,0.056156971386288675,17
art_142,Pakistan,ORGANIZATION,-0.011765598396510434,-0.0331,0.021334401603489563,17
art_142,India,ORGANIZATION,-0.08925697138628867,-0.0331,0.056156971386288675,17
art_142,Prime Minister,PERSON,-0.12912654616229702,-0.0331,0.09602654616229703,4
art_142,Narendra Modi,PERSON,-0.4632961738971062,-0.0331,0.4301961738971062,1
art_142,India,ORGANIZATION,-0.08925697138628867,-0.0331,0.056156971386288675,17
art_142,Pakistan,ORGANIZATION,-0.011765598396510434,-0.0331,0.021334401603489563,17
art_142,India,ORGANIZATION,-0.08925697138628867,-0.0331,0.056156971386288675,17
art_142,Modi,PERSON,-0.33437055596732534,-0.0331,0.3012705559673253,2
art_142,Pakistan,ORGANIZATION,-0.011765598396510434,-0.0331,0.021334401603489563,17
art_142,Tarar,PERSON,-0.11119092506123707,-0.0331,0.07809092506123708,4
art_142,India,ORGANIZATION,-0.08925697138628867,-0.0331,0.056156971386288675,17
art_142,US,ORGANIZATION,-0.10415317954343314,-0.0331,0.07105317954343315,13
art_142,China,ORGANIZATION,0.006362831827053534,-0.0331,0.039462831827053534,7
art_142,US,ORGANIZATION,-0.10415317954343314,-0.0331,0.07105317954343315,13
art_142,Secretary of State,PERSON,-0.00933319004252553,-0.0331,0.023766809957474468,1
art_142,Marco Rubio,PERSON,-0.00933319004252553,-0.0331,0.023766809957474468,1
art_142,India,ORGANIZATION,-0.08925697138628867,-0.0331,0.056156971386288675,17
art_142,external affairs minister,PERSON,-0.00933319004252553,-0.0331,0.023766809957474468,1
art_142,Pakistan,ORGANIZATION,-0.011765598396510434,-0.0331,0.021334401603489563,17
art_142,prime minister,PERSON,-0.12912654616229702,-0.0331,0.09602654616229703,4
art_142,State Department,ORGANIZATION,-0.00933319004252553,-0.0331,0.023766809957474468,1
art_142,Pakistan,ORGANIZATION,-0.011765598396510434,-0.0331,0.021334401603489563,17
art_142,Prime Minister,PERSON,-0.12912654616229702,-0.0331,0.09602654616229703,4
art_142,Shehbaz Sharif,PERSON,-0.03038156486582011,-0.0331,0.0027184351341798876,1
art_142,Rubio,PERSON,-0.002956162924723079,-0.0331,0.03014383707527692,3
art_142,Rubio,PERSON,-0.002956162924723079,-0.0331,0.03014383707527692,3
art_142,Sharif,PERSON,0.00023235063417814672,-0.0331,0.033332350634178144,2
art_142,India,ORGANIZATION,-0.08925697138628867,-0.0331,0.056156971386288675,17
art_142,New Delhi,ORGANIZATION,-0.02984791059861891,-0.0331,0.0032520894013810878,2
art_142,Washington,ORGANIZATION,0.030846266134176403,-0.0331,0.0639462661341764,1
art_142,China,ORGANIZATION,0.006362831827053534,-0.0331,0.039462831827053534,7
art_142,Pakistan,ORGANIZATION,-0.011765598396510434,-0.0331,0.021334401603489563,17
art_142,US,ORGANIZATION,-0.10415317954343314,-0.0331,0.07105317954343315,13
art_142,China,ORGANIZATION,0.006362831827053534,-0.0331,0.039462831827053534,7
art_142,Pakistan,ORGANIZATION,-0.011765598396510434,-0.0331,0.021334401603489563,17
art_142,China,ORGANIZATION,0.006362831827053534,-0.0331,0.039462831827053534,7
art_142,foreign minister,PERSON,-0.013495255843736231,-0.0331,0.019604744156263766,1
art_142,Wang Yi,PERSON,-0.013495255843736231,-0.0331,0.019604744156263766,1
art_142,Pakistan,ORGANIZATION,-0.011765598396510434,-0.0331,0.021334401603489563,17
art_142,prime minister,PERSON,-0.12912654616229702,-0.0331,0.09602654616229703,4
art_142,foreign minister,PERSON,-0.013495255843736231,-0.0331,0.019604744156263766,1
art_142,Ishaq Dar,PERSON,-0.013495255843736231,-0.0331,0.019604744156263766,1
art_142,Pakistan,ORGANIZATION,-0.011765598396510434,-0.0331,0.021334401603489563,17
art_142,India,ORGANIZATION,-0.08925697138628867,-0.0331,0.056156971386288675,17
art_142,CGTN,ORGANIZATION,-0.013495255843736231,-0.0331,0.019604744156263766,1
art_142,India,ORGANIZATION,-0.08925697138628867,-0.0331,0.056156971386288675,17
art_142,China,ORGANIZATION,0.006362831827053534,-0.0331,0.039462831827053534,7
art_142,Beijing,ORGANIZATION,0.2899441091576591,-0.0331,0.32304410915765913,1
art_142,Islamabad,ORGANIZATION,0.05714082351187244,-0.0331,0.09024082351187243,3
art_142,China,ORGANIZATION,0.006362831827053534,-0.0331,0.039462831827053534,7
art_142,Pakistan,ORGANIZATION,-0.011765598396510434,-0.0331,0.021334401603489563,17
art_142,India,ORGANIZATION,-0.08925697138628867,-0.0331,0.056156971386288675,17
art_142,Pakistan,ORGANIZATION,-0.011765598396510434,-0.0331,0.021334401603489563,17
art_142,India,ORGANIZATION,-0.08925697138628867,-0.0331,0.056156971386288675,17
art_143,Pakistan,ORGANIZATION,-0.06735427298865813,-0.0538,0.013554272988658134,7
art_143,India,ORGANIZATION,-0.08679601153842388,-0.0538,0.03299601153842388,13
art_143,Pakistan,ORGANIZATION,-0.06735427298865813,-0.0538,0.013554272988658134,7
art_143,minister,PERSON,-0.09703412706897195,-0.0538,0.04323412706897195,7
art_143,India,ORGANIZATION,-0.08679601153842388,-0.0538,0.03299601153842388,13
art_143,Attaullah Tarar,PERSON,-0.12058252235874534,-0.0538,0.06678252235874534,1
art_143,India,ORGANIZATION,-0.08679601153842388,-0.0538,0.03299601153842388,13
art_143,Pakistan,ORGANIZATION,-0.06735427298865813,-0.0538,0.013554272988658134,7
art_143,Islamabad,ORGANIZATION,-0.21929437294602394,-0.0538,0.16549437294602393,1
art_143,Tarar,PERSON,-0.08820525486953557,-0.0538,0.034405254869535565,2
art_143,India,ORGANIZATION,-0.08679601153842388,-0.0538,0.03299601153842388,13
art_143,India,ORGANIZATION,-0.08679601153842388,-0.0538,0.03299601153842388,13
art_143,BBC,ORGANIZATION,-0.00021778931841254234,-0.0538,0.05358221068158746,1
art_143,Indian foreign ministry,ORGANIZATION,-0.00021778931841254234,-0.0538,0.05358221068158746,1
art_143,India,ORGANIZATION,-0.08679601153842388,-0.0538,0.03299601153842388,13
art_143,Pakistan,ORGANIZATION,-0.06735427298865813,-0.0538,0.013554272988658134,7
art_143,India,ORGANIZATION,-0.08679601153842388,-0.0538,0.03299601153842388,13
art_143,Pakistan,ORGANIZATION,-0.06735427298865813,-0.0538,0.013554272988658134,7
art_143,India,ORGANIZATION,-0.08679601153842388,-0.0538,0.03299601153842388,13
art_143,Pakistan,ORGANIZATION,-0.06735427298865813,-0.0538,0.013554272988658134,7
art_143,Kashmir,ORGANIZATION,-0.07110601163003594,-0.0538,0.017306011630035936,5
art_143,India,ORGANIZATION,-0.08679601153842388,-0.0538,0.03299601153842388,13
art_143,Resistance Front,ORGANIZATION,-0.05036029464099556,-0.0538,0.0034397053590044385,1
art_143,Lashkar-e-Taiba,ORGANIZATION,-0.002963109436677769,-0.0538,0.05083689056332223,1
art_143,Prime Minister,PERSON,-0.19794002687558532,-0.0538,0.1441400268755853,1
art_143,Narendra Modi,PERSON,-0.19794002687558532,-0.0538,0.1441400268755853,1
art_144,Reuters,ORGANIZATION,-0.05840358469140483,-0.0469,0.011503584691404833,2
art_144,Pakistan,ORGANIZATION,-0.05056537303062214,-0.0469,0.0036653730306221433,8
art_144,defence minister,PERSON,-0.05840358469140483,-0.0469,0.011503584691404833,2
art_144,Muslim,ORGANIZATION,-0.062105765551677905,-0.0469,0.015205765551677908,2
art_144,Pakistan,ORGANIZATION,-0.05056537303062214,-0.0469,0.0036653730306221433,8
art_144,India,ORGANIZATION,-0.03980174322532548,-0.0469,0.007098256774674516,8
art_144,Pakistan,ORGANIZATION,-0.05056537303062214,-0.0469,0.0036653730306221433,8
art_144,Defence Minister,PERSON,-0.05840358469140483,-0.0469,0.011503584691404833,2
art_144,Khawaja Muhammad Asif,PERSON,-0.0025270792102674022,-0.0469,0.044372920789732595,1
art_144,Reuters,ORGANIZATION,-0.05840358469140483,-0.0469,0.011503584691404833,2
art_144,India,ORGANIZATION,-0.03980174322532548,-0.0469,0.007098256774674516,8
art_144,Pakistan,ORGANIZATION,-0.05056537303062214,-0.0469,0.0036653730306221433,8
art_144,and defence,ORGANIZATION,-0.1143669298326131,-0.0469,0.0674669298326131,1
art_144,India,ORGANIZATION,-0.03980174322532548,-0.0469,0.007098256774674516,8
art_144,Islamabad,ORGANIZATION,-0.0774902932535042,-0.0469,0.030590293253504208,6
art_144,Prime Minister,PERSON,-0.009931440930813551,-0.0469,0.036968559069186446,1
art_144,Narendra Modi,PERSON,-0.009931440930813551,-0.0469,0.036968559069186446,1
art_144,Asif,PERSON,-0.03133633096294943,-0.0469,0.015563669037050566,5
art_144,Pakistan Muslim League-Nawaz party,ORGANIZATION,-0.009931440930813551,-0.0469,0.036968559069186446,1
art_144,India,ORGANIZATION,-0.03980174322532548,-0.0469,0.007098256774674516,8
art_144,minister,PERSON,-0.02503219463324058,-0.0469,0.02186780536675942,4
art_144,Islamabad,ORGANIZATION,-0.0774902932535042,-0.0469,0.030590293253504208,6
art_144,China,ORGANIZATION,0.026609831780660897,-0.0469,0.0735098317806609,1
art_144,Britain,ORGANIZATION,0.026609831780660897,-0.0469,0.0735098317806609,1
art_144,United States,ORGANIZATION,-0.06170976985595189,-0.0469,0.014809769855951893,2
art_144,Asif,PERSON,-0.03133633096294943,-0.0469,0.015563669037050566,5
art_144,Asif,PERSON,-0.03133633096294943,-0.0469,0.015563669037050566,5
art_144,United States,ORGANIZATION,-0.06170976985595189,-0.0469,0.014809769855951893,2
art_144,U.S.,ORGANIZATION,-0.000446001417003572,-0.0469,0.046453998582996425,1
art_144,President Donald Trump,PERSON,0.020712831988930702,-0.0469,0.0676128319889307,1
art_144,India,ORGANIZATION,-0.03980174322532548,-0.0469,0.007098256774674516,8
art_144,Pakistan,ORGANIZATION,-0.05056537303062214,-0.0469,0.0036653730306221433,8
art_144,State Department,ORGANIZATION,0.020712831988930702,-0.0469,0.0676128319889307,1
art_144,Washington,ORGANIZATION,0.020712831988930702,-0.0469,0.0676128319889307,1
art_144,British colonial,ORGANIZATION,0.020712831988930702,-0.0469,0.0676128319889307,1
art_144,Islamabad,ORGANIZATION,-0.0774902932535042,-0.0469,0.030590293253504208,6
art_144,India,ORGANIZATION,-0.03980174322532548,-0.0469,0.007098256774674516,8
art_144,Pakistan,ORGANIZATION,-0.05056537303062214,-0.0469,0.0036653730306221433,8
art_144,World Bank,ORGANIZATION,-0.02080359496176243,-0.0469,0.02609640503823757,1
art_144,Delhi,ORGANIZATION,-4.538148641586304e-05,-0.0469,0.046854618513584134,2
art_144,Islamabad,ORGANIZATION,-0.0774902932535042,-0.0469,0.030590293253504208,6
art_144,Pakistan,ORGANIZATION,-0.05056537303062214,-0.0469,0.0036653730306221433,8
art_145,India,ORGANIZATION,0.0016317563771735878,-0.1387,0.14033175637717357,10
art_145,Modi,PERSON,0.010023487600847147,-0.1387,0.14872348760084714,4
art_145,Prime Minister,PERSON,-0.1239605585578829,-0.1387,0.014739441442117085,2
art_145,Narendra Modi,PERSON,-0.0972146475687623,-0.1387,0.04148535243123769,1
art_145,New Delhi,ORGANIZATION,-0.10507401629001833,-0.1387,0.033625983709981655,2
art_145,Modi,PERSON,0.010023487600847147,-0.1387,0.14872348760084714,4
art_145,India,ORGANIZATION,0.0016317563771735878,-0.1387,0.14033175637717357,10
art_145,Indian,PERSON,0.10273506762459875,-0.1387,0.24143506762459874,5
art_145,Modi,PERSON,0.010023487600847147,-0.1387,0.14872348760084714,4
art_145,prime minister,PERSON,-0.1239605585578829,-0.1387,0.014739441442117085,2
art_145,India,ORGANIZATION,0.0016317563771735878,-0.1387,0.14033175637717357,10
art_145,Pakistan,ORGANIZATION,-0.12886855403970307,-0.1387,0.00983144596029692,3
art_145,Indians,PERSON,-0.14691147208213806,-0.1387,0.008211472082138072,1
art_145,Modi,PERSON,0.010023487600847147,-0.1387,0.14872348760084714,4
art_145,India,ORGANIZATION,0.0016317563771735878,-0.1387,0.14033175637717357,10
art_145,Pakistan,ORGANIZATION,-0.12886855403970307,-0.1387,0.00983144596029692,3
art_145,New Delhi,ORGANIZATION,-0.10507401629001833,-0.1387,0.033625983709981655,2
art_145,India,ORGANIZATION,0.0016317563771735878,-0.1387,0.14033175637717357,10
art_145,Islamabad,ORGANIZATION,-0.41642825526650995,-0.1387,0.27772825526650996,1
art_145,India,ORGANIZATION,0.0016317563771735878,-0.1387,0.14033175637717357,10
art_145,India,ORGANIZATION,0.0016317563771735878,-0.1387,0.14033175637717357,10
art_146,Pakistan,ORGANIZATION,-0.03406424563339291,-0.0405,0.006435754366607094,12
art_146,Islamabad,ORGANIZATION,-0.14683777288882993,-0.0405,0.10633777288882992,4
art_146,New Delhi,ORGANIZATION,-0.04465227713808417,-0.0405,0.004152277138084172,2
art_146,Pakistan,ORGANIZATION,-0.03406424563339291,-0.0405,0.006435754366607094,12
art_146,minister,PERSON,-0.0437524222569274,-0.0405,0.003252422256927401,7
art_146,Islamabad,ORGANIZATION,-0.14683777288882993,-0.0405,0.10633777288882992,4
art_146,India,ORGANIZATION,-0.0518205203573286,-0.0405,0.011320520357328598,14
art_146,Attaullah Tarar,PERSON,-0.1243899623514153,-0.0405,0.0838899623514153,1
art_146,India,ORGANIZATION,-0.0518205203573286,-0.0405,0.011320520357328598,14
art_146,Pakistan,ORGANIZATION,-0.03406424563339291,-0.0405,0.006435754366607094,12
art_146,Modi,PERSON,-0.1465994991012849,-0.0405,0.10609949910128488,2
art_146,3India,ORGANIZATION,-0.10980022652074695,-0.0405,0.06930022652074694,1
art_146,Pakistan,ORGANIZATION,-0.03406424563339291,-0.0405,0.006435754366607094,12
art_146,Pakistan,ORGANIZATION,-0.03406424563339291,-0.0405,0.006435754366607094,12
art_146,minister,PERSON,-0.0437524222569274,-0.0405,0.003252422256927401,7
art_146,Indian government,ORGANIZATION,-0.10980022652074695,-0.0405,0.06930022652074694,1
art_146,India,ORGANIZATION,-0.0518205203573286,-0.0405,0.011320520357328598,14
art_146,Tarar,PERSON,-0.09752951187935348,-0.0405,0.05702951187935348,3
art_146,Minister of Defence,PERSON,-0.01114603877067566,-0.0405,0.029353961229324342,1
art_146,Khawaja Muhammad Asif,PERSON,-0.01114603877067566,-0.0405,0.029353961229324342,1
art_146,Reuters,ORGANIZATION,-0.06099693331634626,-0.0405,0.020496933316346257,2
art_146,India,ORGANIZATION,-0.0518205203573286,-0.0405,0.011320520357328598,14
art_146,Islamabad,ORGANIZATION,-0.14683777288882993,-0.0405,0.10633777288882992,4
art_146,Asif,PERSON,-0.08647647663019598,-0.0405,0.045976476630195974,2
art_146,India,ORGANIZATION,-0.0518205203573286,-0.0405,0.011320520357328598,14
art_146,Ministry of External Affairs,ORGANIZATION,-0.11084782786201686,-0.0405,0.07034782786201685,1
art_146,Reuters,ORGANIZATION,-0.06099693331634626,-0.0405,0.020496933316346257,2
art_146,Tarar,PERSON,-0.09752951187935348,-0.0405,0.05702951187935348,3
art_146,India,ORGANIZATION,-0.0518205203573286,-0.0405,0.011320520357328598,14
art_146,Prime Minister,PERSON,-0.08341226860648021,-0.0405,0.04291226860648021,2
art_146,Narendra Modi,PERSON,-0.18339877168182284,-0.0405,0.14289877168182283,1
art_146,The Resistance Front,ORGANIZATION,-0.04180989944143221,-0.0405,0.0013098994414322065,1
art_146,TRF,ORGANIZATION,-0.04180989944143221,-0.0405,0.0013098994414322065,1
art_146,Lashkar,ORGANIZATION,-0.04180989944143221,-0.0405,0.0013098994414322065,1
art_146,e-Taiba,ORGANIZATION,-0.04180989944143221,-0.0405,0.0013098994414322065,1
art_146,Islamabad,ORGANIZATION,-0.14683777288882993,-0.0405,0.10633777288882992,4
art_146,India,ORGANIZATION,-0.0518205203573286,-0.0405,0.011320520357328598,14
art_146,Pakistani government,ORGANIZATION,-0.023730194196105003,-0.0405,0.016769805803894998,1
art_146,New Delhi,ORGANIZATION,-0.04465227713808417,-0.0405,0.004152277138084172,2
art_146,Line,ORGANIZATION,-0.034155910660047084,-0.0405,0.006344089339952917,2
art_146,United States,ORGANIZATION,0.05080469325184822,-0.0405,0.09130469325184823,1
art_146,Department of State,ORGANIZATION,-0.00026140862610191107,-0.0405,0.04023859137389809,1
art_146,Secretary of State,PERSON,-0.00026140862610191107,-0.0405,0.04023859137389809,1
art_146,Marco Rubio,PERSON,-0.00026140862610191107,-0.0405,0.04023859137389809,1
art_146,Rubio,PERSON,0.05000347725581378,-0.0405,0.09050347725581379,2
art_146,Pakistan,ORGANIZATION,-0.03406424563339291,-0.0405,0.006435754366607094,12
art_146,United Nations,ORGANIZATION,0.016574234468862414,-0.0405,0.057074234468862416,1
art_146,Secretary-General,PERSON,0.016574234468862414,-0.0405,0.057074234468862416,1
art_146,Antonio Guterres,PERSON,0.016574234468862414,-0.0405,0.057074234468862416,1
art_146,Prime Minister,PERSON,-0.08341226860648021,-0.0405,0.04291226860648021,2
art_146,Shehbaz Sharif,PERSON,0.016574234468862414,-0.0405,0.057074234468862416,1
art_146,Minister of External Affairs,PERSON,0.016574234468862414,-0.0405,0.057074234468862416,1
art_146,Subrahmanyam Jaishankar,PERSON,0.016574234468862414,-0.0405,0.057074234468862416,1
art_147,India,ORGANIZATION,-0.12660864124667237,-0.1026,0.024008641246672374,11
art_147,Pakistan,ORGANIZATION,-0.10268433088309724,-0.1026,8.433088309724168e-05,11
art_147,Kashmir,ORGANIZATION,-0.2135167917702347,-0.1026,0.1109167917702347,5
art_147,India,ORGANIZATION,-0.12660864124667237,-0.1026,0.024008641246672374,11
art_147,Pakistan,ORGANIZATION,-0.10268433088309724,-0.1026,8.433088309724168e-05,11
art_147,Hindus,PERSON,-0.13759788847528398,-0.1026,0.034997888475283984,1
art_147,Kashmir Resistance,ORGANIZATION,-0.17637823102995753,-0.1026,0.07377823102995754,1
art_147,India,ORGANIZATION,-0.12660864124667237,-0.1026,0.024008641246672374,11
art_147,Lashkar-e-Taiba,ORGANIZATION,-0.042522629257291555,-0.1026,0.06007737074270844,1
art_147,Pakistan,ORGANIZATION,-0.10268433088309724,-0.1026,8.433088309724168e-05,11
art_147,Pakistan,ORGANIZATION,-0.10268433088309724,-0.1026,8.433088309724168e-05,11
art_147,prime minister,PERSON,-0.10086340236011893,-0.1026,0.0017365976398810712,2
art_147,Shehbaz Sharif,PERSON,-0.008877280401065946,-0.1026,0.09372271959893405,1
art_147,prime minister,PERSON,-0.10086340236011893,-0.1026,0.0017365976398810712,2
art_147,Narendra Modi,PERSON,-0.1928495243191719,-0.1026,0.09024952431917191,1
art_147,Pakistan,ORGANIZATION,-0.10268433088309724,-0.1026,8.433088309724168e-05,11
art_147,Sharif,PERSON,0.009612572728656232,-0.1026,0.11221257272865623,2
art_147,Pakistan,ORGANIZATION,-0.10268433088309724,-0.1026,8.433088309724168e-05,11
art_147,India,ORGANIZATION,-0.12660864124667237,-0.1026,0.024008641246672374,11
art_147,India,ORGANIZATION,-0.12660864124667237,-0.1026,0.024008641246672374,11
art_147,Islamabad,ORGANIZATION,-0.3714355912525207,-0.1026,0.26883559125252066,1
art_147,Indians’,PERSON,-0.3714355912525207,-0.1026,0.26883559125252066,1
art_147,India,ORGANIZATION,-0.12660864124667237,-0.1026,0.024008641246672374,11
art_147,minister,PERSON,-0.08672416568151675,-0.1026,0.015875834318483245,4
art_147,C R Patil,PERSON,0.009149704594165087,-0.1026,0.11174970459416508,1
art_147,Pakistan,ORGANIZATION,-0.10268433088309724,-0.1026,8.433088309724168e-05,11
art_147,Pakistan People’s party,ORGANIZATION,-0.04030572483316064,-0.1026,0.06229427516683936,1
art_147,Bilawal Bhutto Zardari,PERSON,-0.04030572483316064,-0.1026,0.06229427516683936,1
art_147,India,ORGANIZATION,-0.12660864124667237,-0.1026,0.024008641246672374,11
art_147,Brahma Chellaney,PERSON,-0.022677122382447124,-0.1026,0.07992287761755287,1
art_148,India,ORGANIZATION,-0.04045010568430977,-0.048,0.007549894315690232,12
art_148,Pakistan,ORGANIZATION,-0.08296810362464219,-0.048,0.034968103624642186,11
art_148,Indians,PERSON,-0.27028418352711014,-0.048,0.22228418352711016,2
art_148,Delhi,ORGANIZATION,-0.06980373003170826,-0.048,0.021803730031708254,2
art_148,World Bank,ORGANIZATION,-0.06413009559037164,-0.048,0.016130095590371638,1
art_148,India,ORGANIZATION,-0.04045010568430977,-0.048,0.007549894315690232,12
art_148,Islamabad,ORGANIZATION,-0.052761327009648085,-0.048,0.004761327009648084,2
art_148,Prime Minister,PERSON,-0.01179739972576499,-0.048,0.03620260027423501,3
art_148,Shehbaz Sharif,PERSON,-0.030045289546251297,-0.048,0.017954710453748704,1
art_148,Indus,ORGANIZATION,-0.04708769256831147,-0.048,0.0009123074316885332,2
art_148,Pakistan,ORGANIZATION,-0.08296810362464219,-0.048,0.034968103624642186,11
art_148,India,ORGANIZATION,-0.04045010568430977,-0.048,0.007549894315690232,12
art_148,Bangladesh,ORGANIZATION,-0.0011511797201819718,-0.048,0.04684882027981803,1
art_148,Raja Mohan,PERSON,0.019488058518618345,-0.048,0.06748805851861835,1
art_148,India,ORGANIZATION,-0.04045010568430977,-0.048,0.007549894315690232,12
art_148,Pakistan,ORGANIZATION,-0.08296810362464219,-0.048,0.034968103624642186,11
art_148,Pakistani government,ORGANIZATION,0.019488058518618345,-0.048,0.06748805851861835,1
art_148,Prime Minister,PERSON,-0.01179739972576499,-0.048,0.03620260027423501,3
art_148,Narendra Modi,PERSON,0.019488058518618345,-0.048,0.06748805851861835,1
art_148,India.As,ORGANIZATION,-0.07547736447304487,-0.048,0.02747736447304487,1
art_148,New Delhi,ORGANIZATION,-0.06980373003170826,-0.048,0.021803730031708254,2
art_148,Islamabad,ORGANIZATION,-0.052761327009648085,-0.048,0.004761327009648084,2
art_148,Pakistan,ORGANIZATION,-0.08296810362464219,-0.048,0.034968103624642186,11
art_148,India,ORGANIZATION,-0.04045010568430977,-0.048,0.007549894315690232,12
art_148,Pakistan,ORGANIZATION,-0.08296810362464219,-0.048,0.034968103624642186,11
art_148,Indians,PERSON,-0.27028418352711014,-0.048,0.22228418352711016,2
art_148,Pakistan,ORGANIZATION,-0.08296810362464219,-0.048,0.034968103624642186,11
art_148,India,ORGANIZATION,-0.04045010568430977,-0.048,0.007549894315690232,12
art_148,Defense Minister,PERSON,0.010517433285713196,-0.048,0.0585174332857132,1
art_148,Khawaja Muhammad Asif.Modi,PERSON,0.010517433285713196,-0.048,0.0585174332857132,1
art_148,Modi,PERSON,0.0005908938279996315,-0.048,0.04859089382799963,3
art_148,India,ORGANIZATION,-0.04045010568430977,-0.048,0.007549894315690232,12
art_148,prime minister,PERSON,-0.01179739972576499,-0.048,0.03620260027423501,3
art_148,Maharaja Hari Singh,PERSON,-0.01746640936471522,-0.048,0.030533590635284782,1
art_148,Pakistan,ORGANIZATION,-0.08296810362464219,-0.048,0.034968103624642186,11
art_148,India,ORGANIZATION,-0.04045010568430977,-0.048,0.007549894315690232,12
art_148,Indian,ORGANIZATION,-0.10788587883434957,-0.048,0.059885878834349565,5
art_148,India,ORGANIZATION,-0.04045010568430977,-0.048,0.007549894315690232,12
art_148,Pakistan,ORGANIZATION,-0.08296810362464219,-0.048,0.034968103624642186,11
art_148,United Nations,ORGANIZATION,-0.005003532918635756,-0.048,0.042996467081364245,1
art_148,Pakistan,ORGANIZATION,-0.08296810362464219,-0.048,0.034968103624642186,11
art_149,Pakistan,ORGANIZATION,-0.05841202282317681,-0.0153,0.04311202282317681,8
art_149,India,ORGANIZATION,-0.10406140612903983,-0.0153,0.08876140612903984,5
art_149,Cabinet Committee on Security,ORGANIZATION,-0.014795282972045243,-0.0153,0.0005047170279547566,1
art_149,Integrated Check Post,ORGANIZATION,-0.03964029159396887,-0.0153,0.024340291593968867,1
art_149,ICP,ORGANIZATION,-0.03964029159396887,-0.0153,0.024340291593968867,1
art_149,New Delhi,ORGANIZATION,0.01697313167217847,-0.0153,0.03227313167217847,3
art_149,Pakistan,ORGANIZATION,-0.05841202282317681,-0.0153,0.04311202282317681,8
art_149,Pakistan,ORGANIZATION,-0.05841202282317681,-0.0153,0.04311202282317681,8
art_149,India,ORGANIZATION,-0.10406140612903983,-0.0153,0.08876140612903984,5
art_149,Permanent Commission,ORGANIZATION,-0.01360291289165616,-0.0153,0.001697087108343839,1
art_149,Pakistan,ORGANIZATION,-0.05841202282317681,-0.0153,0.04311202282317681,8
art_149,Pakistan,ORGANIZATION,-0.05841202282317681,-0.0153,0.04311202282317681,8
art_149,The Resistance Force,ORGANIZATION,-0.043383534357417375,-0.0153,0.028083534357417374,1
art_149,TRF,ORGANIZATION,-0.043383534357417375,-0.0153,0.028083534357417374,1
art_149,LeT,ORGANIZATION,-0.043383534357417375,-0.0153,0.028083534357417374,1
art_149,Islamabad,ORGANIZATION,-0.6420047851279378,-0.0153,0.6267047851279378,1
art_149,Pakistan,ORGANIZATION,-0.05841202282317681,-0.0153,0.04311202282317681,8
art_149,India,ORGANIZATION,-0.10406140612903983,-0.0153,0.08876140612903984,5
art_149,India,ORGANIZATION,-0.10406140612903983,-0.0153,0.08876140612903984,5
art_149,Prime Minister,PERSON,-0.16718899318948388,-0.0153,0.15188899318948387,1
art_149,Narendra Modi,PERSON,-0.16718899318948388,-0.0153,0.15188899318948387,1
art_149,New Delhi,ORGANIZATION,0.01697313167217847,-0.0153,0.03227313167217847,3
art_149,Foreign Secretary,PERSON,0.007143999526306288,-0.0153,0.02244399952630629,1
art_149,Vikram Misri,PERSON,0.007143999526306288,-0.0153,0.02244399952630629,1
art_149,India,ORGANIZATION,-0.10406140612903983,-0.0153,0.08876140612903984,5
art_149,U.S.,ORGANIZATION,-0.17250378895550966,-0.0153,0.15720378895550965,1
art_149,New Delhi,ORGANIZATION,0.01697313167217847,-0.0153,0.03227313167217847,3
art_149,Jammu-Kashmir government,ORGANIZATION,0.09260339289903641,-0.0153,0.1079033928990364,1
art_149,Pakistan,ORGANIZATION,-0.05841202282317681,-0.0153,0.04311202282317681,8
art_150,Pakistan,ORGANIZATION,-0.052734538265212905,-0.0221,0.030634538265212903,12
art_150,India,ORGANIZATION,-0.09153960545389804,-0.0221,0.06943960545389805,17
art_150,Pakistan,ORGANIZATION,-0.052734538265212905,-0.0221,0.030634538265212903,12
art_150,Information Minister,PERSON,-0.03875195502769202,-0.0221,0.01665195502769202,1
art_150,Islamabad,ORGANIZATION,-0.11251352257871379,-0.0221,0.0904135225787138,3
art_150,India,ORGANIZATION,-0.09153960545389804,-0.0221,0.06943960545389805,17
art_150,Attaullah Tarar,PERSON,-0.0034577897749841213,-0.0221,0.01864221022501588,1
art_150,Prime Minister,PERSON,0.03411912504816428,-0.0221,0.05621912504816428,2
art_150,Narendra Modi,PERSON,-0.0034577897749841213,-0.0221,0.01864221022501588,1
art_150,AFP,ORGANIZATION,-0.0018346124088566285,-0.0221,0.020265387591143373,2
art_150,Pakistan,ORGANIZATION,-0.052734538265212905,-0.0221,0.030634538265212903,12
art_150,India,ORGANIZATION,-0.09153960545389804,-0.0221,0.06943960545389805,17
art_150,Tarar,PERSON,-0.019865995777460437,-0.0221,0.0022340042225395644,3
art_150,India,ORGANIZATION,-0.09153960545389804,-0.0221,0.06943960545389805,17
art_150,Pakistan,ORGANIZATION,-0.052734538265212905,-0.0221,0.030634538265212903,12
art_150,Islamabad,ORGANIZATION,-0.11251352257871379,-0.0221,0.0904135225787138,3
art_150,Tarar,PERSON,-0.019865995777460437,-0.0221,0.0022340042225395644,3
art_150,India,ORGANIZATION,-0.09153960545389804,-0.0221,0.06943960545389805,17
art_150,India,ORGANIZATION,-0.09153960545389804,-0.0221,0.06943960545389805,17
art_150,Pakistan,ORGANIZATION,-0.052734538265212905,-0.0221,0.030634538265212903,12
art_150,Modi,PERSON,0.0067631572019308805,-0.0221,0.028863157201930882,2
art_150,India,ORGANIZATION,-0.09153960545389804,-0.0221,0.06943960545389805,17
art_150,US State Department,ORGANIZATION,0.0074007255025208,-0.0221,0.0295007255025208,1
art_150,Marco Rubio,PERSON,0.0074007255025208,-0.0221,0.0295007255025208,1
art_150,UN,ORGANIZATION,-0.09819149823548894,-0.0221,0.07609149823548894,12
art_150,Secretary-General,PERSON,0.07169603987131268,-0.0221,0.09379603987131269,1
art_150,Antonio Guterres,PERSON,0.07169603987131268,-0.0221,0.09379603987131269,1
art_150,Pakistan,ORGANIZATION,-0.052734538265212905,-0.0221,0.030634538265212903,12
art_150,Prime Minister,PERSON,0.03411912504816428,-0.0221,0.05621912504816428,2
art_150,Shehbaz Sharif,PERSON,0.07169603987131268,-0.0221,0.09379603987131269,1
art_150,India,ORGANIZATION,-0.09153960545389804,-0.0221,0.06943960545389805,17
art_150,Foreign Minister,PERSON,0.07169603987131268,-0.0221,0.09379603987131269,1
art_150,Subrahmanyam Jaishankar,PERSON,0.07169603987131268,-0.0221,0.09379603987131269,1
art_150,Sharif,PERSON,0.04064577171811834,-0.0221,0.06274577171811835,2
art_150,Guterres,PERSON,0.04064577171811834,-0.0221,0.06274577171811835,2
art_150,India,ORGANIZATION,-0.09153960545389804,-0.0221,0.06943960545389805,17
art_150,Pakistan,ORGANIZATION,-0.052734538265212905,-0.0221,0.030634538265212903,12
art_150,India,ORGANIZATION,-0.09153960545389804,-0.0221,0.06943960545389805,17
art_150,Kashmir,ORGANIZATION,-0.15533337187662255,-0.0221,0.13323337187662254,6
art_150,India,ORGANIZATION,-0.09153960545389804,-0.0221,0.06943960545389805,17
art_150,Pakistan,ORGANIZATION,-0.052734538265212905,-0.0221,0.030634538265212903,12
art_150,Pakistan,ORGANIZATION,-0.052734538265212905,-0.0221,0.030634538265212903,12
art_150,Pakistanis,PERSON,-0.05214556772261858,-0.0221,0.03004556772261858,1
art_150,Lashkar-e-Taiba,ORGANIZATION,-0.05214556772261858,-0.0221,0.03004556772261858,1
art_150,UN,ORGANIZATION,-0.09819149823548894,-0.0221,0.07609149823548894,12
art_150,Iran,ORGANIZATION,-0.012673935852944851,-0.0221,0.00942606414705515,1
art_150,Saudi Arabia,ORGANIZATION,-0.012673935852944851,-0.0221,0.00942606414705515,1
art_150,Riyadh,ORGANIZATION,-0.012673935852944851,-0.0221,0.00942606414705515,1
art_150,US,ORGANIZATION,-0.0304504979641125,-0.0221,0.0083504979641125,9
art_150,President,PERSON,-0.023528639692813158,-0.0221,0.0014286396928131564,1
art_150,Donald Trump,PERSON,-0.023528639692813158,-0.0221,0.0014286396928131564,1
art_150,AFP,ORGANIZATION,-0.0018346124088566285,-0.0221,0.020265387591143373,2
art_151,New Delhi,ORGANIZATION,-0.009182759327813983,-0.013,0.0038172406721860164,1
art_151,army,ORGANIZATION,0.03545816246575365,-0.013,0.04845816246575365,3
art_151,Indian army,ORGANIZATION,0.08780315902549773,-0.013,0.10080315902549773,2
art_151,Pakistan,ORGANIZATION,-0.04524890993100902,-0.013,0.03224890993100902,6
art_151,India,ORGANIZATION,-0.012386340315320663,-0.013,0.0006136596846793366,7
art_151,Pakistan,ORGANIZATION,-0.04524890993100902,-0.013,0.03224890993100902,6
art_151,Islamabad,ORGANIZATION,-0.14220968657173216,-0.013,0.12920968657173215,1
art_151,India,ORGANIZATION,-0.012386340315320663,-0.013,0.0006136596846793366,7
art_151,Pakistan Army,ORGANIZATION,-0.0692318306537345,-0.013,0.05623183065373451,1
art_151,Indian,ORGANIZATION,0.010168719396460801,-0.013,0.0231687193964608,4
art_151,India,ORGANIZATION,-0.012386340315320663,-0.013,0.0006136596846793366,7
art_151,Kashmir,ORGANIZATION,-0.07902560362708755,-0.013,0.06602560362708755,4
art_151,India,ORGANIZATION,-0.012386340315320663,-0.013,0.0006136596846793366,7
art_151,Pakistan,ORGANIZATION,-0.04524890993100902,-0.013,0.03224890993100902,6
art_151,Pakistan.Indian,ORGANIZATION,-0.03228187747299671,-0.013,0.019281877472996714,1
art_151,Lashkar-e-Taiba,ORGANIZATION,-0.03228187747299671,-0.013,0.019281877472996714,1
art_151,UN,ORGANIZATION,-0.04979863550979644,-0.013,0.036798635509796444,5
art_151,UN,ORGANIZATION,-0.04979863550979644,-0.013,0.036798635509796444,5
art_151,China,ORGANIZATION,0.00391297647729516,-0.013,0.016912976477295158,1
art_151,India,ORGANIZATION,-0.012386340315320663,-0.013,0.0006136596846793366,7
art_151,Pakistan,ORGANIZATION,-0.04524890993100902,-0.013,0.03224890993100902,6
art_151,Iran,ORGANIZATION,0.00391297647729516,-0.013,0.016912976477295158,1
art_151,Saudi Arabia,ORGANIZATION,0.00391297647729516,-0.013,0.016912976477295158,1
art_151,Riyadh,ORGANIZATION,0.00391297647729516,-0.013,0.016912976477295158,1
art_151,President Donald Trump,PERSON,0.00391297647729516,-0.013,0.016912976477295158,1
art_152,President Trump,PERSON,-0.02204961349101116,-0.0624,0.04035038650898884,3
art_152,U.S.,ORGANIZATION,-0.15180910963843214,-0.0624,0.08940910963843214,18
art_152,Gen.,PERSON,-0.3729586098343134,-0.0624,0.3105586098343134,1
art_152,Qassem Soleimani,PERSON,-9.94993606582284e-05,-0.0624,0.06230050063934177,1
art_152,Islamic Revolutionary Guard Corps',ORGANIZATION,-9.94993606582284e-05,-0.0624,0.06230050063934177,1
art_152,Quds Force,ORGANIZATION,0.0053295299294404685,-0.0624,0.06772952992944047,2
art_152,Pentagon,ORGANIZATION,-9.94993606582284e-05,-0.0624,0.06230050063934177,1
art_152,Soleimani,PERSON,-0.05278741947113304,-0.0624,0.00961258052886696,10
art_152,Secretary of State,PERSON,-0.028352299705147743,-0.0624,0.034047700294852254,1
art_152,Mike Pompeo,PERSON,-0.028352299705147743,-0.0624,0.034047700294852254,1
art_152,Islamic State,ORGANIZATION,-0.028352299705147743,-0.0624,0.034047700294852254,1
art_152,Abu Bakr al-Baghdadi,PERSON,-0.028352299705147743,-0.0624,0.034047700294852254,1
art_152,Baghdadi,PERSON,-0.15293731991550885,-0.0624,0.09053731991550885,2
art_152,ISIS,ORGANIZATION,-0.28729059485097724,-0.0624,0.22489059485097723,3
art_152,Iran,ORGANIZATION,-0.22430956912285183,-0.0624,0.16190956912285182,12
art_152,Foreign Minister,PERSON,-0.2611530900467187,-0.0624,0.1987530900467187,1
art_152,Javad Zarif,PERSON,-0.2611530900467187,-0.0624,0.1987530900467187,1
art_152,US',ORGANIZATION,-0.2611530900467187,-0.0624,0.1987530900467187,1
art_152,General,PERSON,-0.2611530900467187,-0.0624,0.1987530900467187,1
art_152,Soleimani—THE,PERSON,-0.2611530900467187,-0.0624,0.1987530900467187,1
art_152,Daesh,ORGANIZATION,-0.2611530900467187,-0.0624,0.1987530900467187,1
art_152,ISIS,ORGANIZATION,-0.28729059485097724,-0.0624,0.22489059485097723,3
art_152,Al Nusrah,ORGANIZATION,-0.2611530900467187,-0.0624,0.1987530900467187,1
art_152,Al Qaeda,ORGANIZATION,-0.2611530900467187,-0.0624,0.1987530900467187,1
art_152,U.S.,ORGANIZATION,-0.15180910963843214,-0.0624,0.08940910963843214,18
art_152,State Department,ORGANIZATION,-0.23502679396187887,-0.0624,0.17262679396187885,2
art_152,Iran,ORGANIZATION,-0.22430956912285183,-0.0624,0.16190956912285182,12
art_152,U.S.,ORGANIZATION,-0.15180910963843214,-0.0624,0.08940910963843214,18
art_152,Soleimani,PERSON,-0.05278741947113304,-0.0624,0.00961258052886696,10
art_152,State Department,ORGANIZATION,-0.23502679396187887,-0.0624,0.17262679396187885,2
art_152,U.S.,ORGANIZATION,-0.15180910963843214,-0.0624,0.08940910963843214,18
art_152,Soleimani,PERSON,-0.05278741947113304,-0.0624,0.00961258052886696,10
art_152,United Nations Security Council,ORGANIZATION,-0.004465112928301096,-0.0624,0.0579348870716989,1
art_152,Soleimani,PERSON,-0.05278741947113304,-0.0624,0.00961258052886696,10
art_152,Abu Mahdi al-Muhandis,PERSON,-0.3400963920284994,-0.0624,0.2776963920284994,1
art_152,Iran,ORGANIZATION,-0.22430956912285183,-0.0624,0.16190956912285182,12
art_152,Popular Mobilization Forces,ORGANIZATION,-0.24805911515431944,-0.0624,0.18565911515431943,2
art_152,Fox News,ORGANIZATION,-0.3400963920284994,-0.0624,0.2776963920284994,1
art_152,Associated Press,ORGANIZATION,-0.242200794396922,-0.0624,0.17980079439692198,2
art_152,Popular Mobilization Forces,ORGANIZATION,-0.24805911515431944,-0.0624,0.18565911515431943,2
art_152,Mohammed Reda,PERSON,-0.1560218382801395,-0.0624,0.0936218382801395,1
art_152,President Trump,PERSON,-0.02204961349101116,-0.0624,0.04035038650898884,3
art_152,Soleimani,PERSON,-0.05278741947113304,-0.0624,0.00961258052886696,10
art_152,Quds Force,ORGANIZATION,0.0053295299294404685,-0.0624,0.06772952992944047,2
art_152,Soleimani,PERSON,-0.05278741947113304,-0.0624,0.00961258052886696,10
art_152,Iran,ORGANIZATION,-0.22430956912285183,-0.0624,0.16190956912285182,12
art_152,Iran,ORGANIZATION,-0.22430956912285183,-0.0624,0.16190956912285182,12
art_152,The Associated Press,ORGANIZATION,-0.242200794396922,-0.0624,0.17980079439692198,2
art_152,Muhandis,PERSON,-0.30008845712291077,-0.0624,0.23768845712291076,3
art_152,Soleimani,PERSON,-0.05278741947113304,-0.0624,0.00961258052886696,10
art_152,Muhandis,PERSON,-0.30008845712291077,-0.0624,0.23768845712291076,3
art_152,Soleimani,PERSON,-0.05278741947113304,-0.0624,0.00961258052886696,10
art_152,Iraq’s Security Media Cell,ORGANIZATION,-0.0818125632358715,-0.0624,0.019412563235871497,1
art_152,Iraqi,ORGANIZATION,-0.26307369097291183,-0.0624,0.20067369097291182,3
art_152,U.S.,ORGANIZATION,-0.15180910963843214,-0.0624,0.08940910963843214,18
art_152,Iran,ORGANIZATION,-0.22430956912285183,-0.0624,0.16190956912285182,12
art_152,U.S.,ORGANIZATION,-0.15180910963843214,-0.0624,0.08940910963843214,18
art_152,U.S.,ORGANIZATION,-0.15180910963843214,-0.0624,0.08940910963843214,18
art_152,President Trump,PERSON,-0.02204961349101116,-0.0624,0.04035038650898884,3
art_152,U.S.,ORGANIZATION,-0.15180910963843214,-0.0624,0.08940910963843214,18
art_152,Obama,PERSON,-0.003315712994663045,-0.0624,0.05908428700533695,1
art_152,administration,ORGANIZATION,-0.003315712994663045,-0.0624,0.05908428700533695,1
art_152,U.S.,ORGANIZATION,-0.15180910963843214,-0.0624,0.08940910963843214,18
art_152,U.S.,ORGANIZATION,-0.15180910963843214,-0.0624,0.08940910963843214,18
art_152,Iran,ORGANIZATION,-0.22430956912285183,-0.0624,0.16190956912285182,12
art_152,Kataeb Hezbollah,ORGANIZATION,-0.5813387697562575,-0.0624,0.5189387697562575,1
art_152,U.S.,ORGANIZATION,-0.15180910963843214,-0.0624,0.08940910963843214,18
art_152,Secretary of Defense,PERSON,0.003014050191268325,-0.0624,0.06541405019126832,1
art_152,Mark Esper,PERSON,0.003014050191268325,-0.0624,0.06541405019126832,1
art_152,Iran,ORGANIZATION,-0.22430956912285183,-0.0624,0.16190956912285182,12
art_153,Xinhua,ORGANIZATION,-0.1803744757101716,-0.1783,0.0020744757101716083,3
art_153,commander,PERSON,-0.13109459014231106,-0.1783,0.047205409857688924,2
art_153,Qasem Soleimani,PERSON,-0.17246653488837183,-0.1783,0.005833465111628161,1
art_153,Abu Mahdi al-Muhamdis,PERSON,-0.17246653488837183,-0.1783,0.005833465111628161,1
art_153,Iraq,ORGANIZATION,-0.1967354843072826,-0.1783,0.018435484307282618,3
art_153,Hashd Shaabi,ORGANIZATION,-0.2878323007995884,-0.1783,0.1095323007995884,3
art_153,Xinhua,ORGANIZATION,-0.1803744757101716,-0.1783,0.0020744757101716083,3
art_153,Abu Mahdi al-Muhandis,PERSON,-0.3280172726372257,-0.1783,0.1497172726372257,1
art_153,Xinhua,ORGANIZATION,-0.1803744757101716,-0.1783,0.0020744757101716083,3
art_153,TV,ORGANIZATION,-0.0897226453962503,-0.1783,0.08857735460374969,1
art_153,Soleimani,PERSON,-0.09589004642839427,-0.1783,0.08240995357160572,4
art_153,Iran,ORGANIZATION,-0.10094293329651312,-0.1783,0.07735706670348687,3
art_153,Islamic Revolution Guards Corps,ORGANIZATION,-0.0897226453962503,-0.1783,0.08857735460374969,1
art_153,IRGC,ORGANIZATION,-0.041855400857457425,-0.1783,0.13644459914254256,2
art_153,Quds Force,ORGANIZATION,-0.0897226453962503,-0.1783,0.08857735460374969,1
art_153,Pentagon,ORGANIZATION,-0.1273828491102904,-0.1783,0.05091715088970958,1
art_153,al-Muhandis,PERSON,-0.22770006087375805,-0.1783,0.04940006087375806,2
art_153,Soleimani,PERSON,-0.09589004642839427,-0.1783,0.08240995357160572,4
art_153,Soleimani,PERSON,-0.09589004642839427,-0.1783,0.08240995357160572,4
art_153,IRGC,ORGANIZATION,-0.041855400857457425,-0.1783,0.13644459914254256,2
art_153,United States,ORGANIZATION,0.006011843681335449,-0.1783,0.18431184368133544,1
art_153,Mish'aan al-Jubouri,PERSON,0.006011843681335449,-0.1783,0.18431184368133544,1
art_153,al-Muhamdis,PERSON,-0.08322734560351819,-0.1783,0.0950726543964818,2
art_153,Hashd Shaabi,ORGANIZATION,-0.2878323007995884,-0.1783,0.1095323007995884,3
art_153,U.S.,ORGANIZATION,0.0016129686361333977,-0.1783,0.17991296863613337,3
art_153,U.S.,ORGANIZATION,0.0016129686361333977,-0.1783,0.17991296863613337,3
art_153,Hashd Shaabi,ORGANIZATION,-0.2878323007995884,-0.1783,0.1095323007995884,3
art_153,Brigades,ORGANIZATION,-0.6970422111917287,-0.1783,0.5187422111917287,1
art_154,Trump,PERSON,-0.09027715602132957,-0.2047,0.11442284397867042,4
art_154,Major General,PERSON,-0.07583515788428485,-0.2047,0.12886484211571514,1
art_154,Qassem Soleimani,PERSON,-0.07583515788428485,-0.2047,0.12886484211571514,1
art_154,commander,PERSON,-0.07583515788428485,-0.2047,0.12886484211571514,1
art_154,Qassem Soleimani,PERSON,-0.07583515788428485,-0.2047,0.12886484211571514,1
art_154,US,ORGANIZATION,-0.1414038975651945,-0.2047,0.06329610243480549,18
art_154,YouTube,ORGANIZATION,-0.10122103989124298,-0.2047,0.10347896010875701,1
art_154,Pentagon,ORGANIZATION,-0.07592903231852688,-0.2047,0.12877096768147311,2
art_154,US,ORGANIZATION,-0.1414038975651945,-0.2047,0.06329610243480549,18
art_154,President,PERSON,-0.04635608830722049,-0.2047,0.1583439116927795,1
art_154,Donald Trump,PERSON,-0.04635608830722049,-0.2047,0.1583439116927795,1
art_154,Soleimani,PERSON,-0.07804414490237832,-0.2047,0.12665585509762167,6
art_154,Iran,ORGANIZATION,-0.15153175583915213,-0.2047,0.053168244160847866,13
art_154,Iran,ORGANIZATION,-0.15153175583915213,-0.2047,0.053168244160847866,13
art_154,Ayatollah Ali Khamenei,PERSON,-0.09506035770755261,-0.2047,0.10963964229244738,1
art_154,Soleimani,PERSON,-0.07804414490237832,-0.2047,0.12665585509762167,6
art_154,Trump,PERSON,-0.09027715602132957,-0.2047,0.11442284397867042,4
art_154,Iran,ORGANIZATION,-0.15153175583915213,-0.2047,0.053168244160847866,13
art_154,US,ORGANIZATION,-0.1414038975651945,-0.2047,0.06329610243480549,18
art_154,X,ORGANIZATION,-0.29247965100997436,-0.2047,0.08777965100997437,6
art_154,Twitter,ORGANIZATION,-0.03749649366363883,-0.2047,0.16720350633636116,1
art_154,Hashed al-Shaabi,ORGANIZATION,-0.08160785445943475,-0.2047,0.12309214554056525,1
art_154,Revolutionary Guard Corps,ORGANIZATION,-0.07275564459268935,-0.2047,0.13194435540731064,2
art_154,Soleimani,PERSON,-0.07804414490237832,-0.2047,0.12665585509762167,6
art_154,Hashed,PERSON,-0.1767216856824234,-0.2047,0.02797831431757658,4
art_154,Soleimani,PERSON,-0.07804414490237832,-0.2047,0.12665585509762167,6
art_154,chief,PERSON,-0.11371860643460725,-0.2047,0.09098139356539274,3
art_154,Abu Mahdi al-Muhandis,PERSON,-0.14069589553400874,-0.2047,0.06400410446599125,1
art_154,US,ORGANIZATION,-0.1414038975651945,-0.2047,0.06329610243480549,18
art_154,Hashed,ORGANIZATION,-0.1767216856824234,-0.2047,0.02797831431757658,4
art_154,Iraq,ORGANIZATION,-0.11477272024058038,-0.2047,0.08992727975941961,8
art_154,Islamic State,ORGANIZATION,-0.0436558538058307,-0.2047,0.1610441461941693,2
art_154,US,ORGANIZATION,-0.1414038975651945,-0.2047,0.06329610243480549,18
art_154,Muhandis,PERSON,-0.12807756452821195,-0.2047,0.07662243547178804,2
art_154,Hashed,PERSON,-0.1767216856824234,-0.2047,0.02797831431757658,4
art_154,Soleimani,PERSON,-0.07804414490237832,-0.2047,0.12665585509762167,6
art_154,Islamic Revolutionary Guard Corps’,ORGANIZATION,-0.004815393651369959,-0.2047,0.19988460634863003,1
art_154,Quds Force,ORGANIZATION,-0.004815393651369959,-0.2047,0.19988460634863003,1
art_154,Iran,ORGANIZATION,-0.15153175583915213,-0.2047,0.053168244160847866,13
art_154,United States,ORGANIZATION,-0.021769595914520323,-0.2047,0.18293040408547967,1
art_154,Pentagon,ORGANIZATION,-0.07592903231852688,-0.2047,0.12877096768147311,2
art_154,Soleimani,PERSON,-0.07804414490237832,-0.2047,0.12665585509762167,6
art_154,Qasem Soleimani,PERSON,-0.10550197632983327,-0.2047,0.09919802367016672,1
art_154,Iran,ORGANIZATION,-0.15153175583915213,-0.2047,0.053168244160847866,13
art_154,Foreign Minister,PERSON,-0.0803445961792022,-0.2047,0.1243554038207978,1
art_154,Mohammad Javad Zarif,PERSON,-0.0803445961792022,-0.2047,0.1243554038207978,1
art_154,US,ORGANIZATION,-0.1414038975651945,-0.2047,0.06329610243480549,18
art_154,Mohsen Rezai,PERSON,-0.0803445961792022,-0.2047,0.1243554038207978,1
art_154,America,ORGANIZATION,-0.1886482299208486,-0.2047,0.0160517700791514,6
art_154,Tehran,ORGANIZATION,-0.17642315026993552,-0.2047,0.028276849730064474,3
art_154,US,ORGANIZATION,-0.1414038975651945,-0.2047,0.06329610243480549,18
art_154,Phillip Smyth,PERSON,-0.0978617884684354,-0.2047,0.10683821153156459,1
art_154,AFP,ORGANIZATION,-0.08500069024739787,-0.2047,0.11969930975260212,1
art_154,Al-Qaeda,ORGANIZATION,-0.08500069024739787,-0.2047,0.11969930975260212,1
art_154,Osama bin Laden,PERSON,-0.08500069024739787,-0.2047,0.11969930975260212,1
art_154,Islamic State,ORGANIZATION,-0.0436558538058307,-0.2047,0.1610441461941693,2
art_154,Abu Bakr al-Baghdadi,ORGANIZATION,-0.08500069024739787,-0.2047,0.11969930975260212,1
art_154,Iran,ORGANIZATION,-0.15153175583915213,-0.2047,0.053168244160847866,13
art_154,US,ORGANIZATION,-0.1414038975651945,-0.2047,0.06329610243480549,18
art_154,Iran,ORGANIZATION,-0.15153175583915213,-0.2047,0.053168244160847866,13
art_154,US,ORGANIZATION,-0.1414038975651945,-0.2047,0.06329610243480549,18
art_154,Fanar Haddad,PERSON,-0.006382910010870546,-0.2047,0.19831708998912945,1
art_154,Singapore University,ORGANIZATION,-0.006382910010870546,-0.2047,0.19831708998912945,1
art_154,Middle East Institute,ORGANIZATION,-0.006382910010870546,-0.2047,0.19831708998912945,1
art_154,Hashed,PERSON,-0.1767216856824234,-0.2047,0.02797831431757658,4
art_154,Kataeb Hezbollah,ORGANIZATION,-0.369123759213835,-0.2047,0.164423759213835,1
art_154,Iran,ORGANIZATION,-0.15153175583915213,-0.2047,0.053168244160847866,13
art_154,US,ORGANIZATION,-0.1414038975651945,-0.2047,0.06329610243480549,18
art_154,Trump,PERSON,-0.09027715602132957,-0.2047,0.11442284397867042,4
art_154,Iran,ORGANIZATION,-0.15153175583915213,-0.2047,0.053168244160847866,13
art_154,US,ORGANIZATION,-0.1414038975651945,-0.2047,0.06329610243480549,18
art_154,House Foreign Affairs Committee,ORGANIZATION,-0.17028218414634466,-0.2047,0.03441781585365533,1
art_154,chairman,PERSON,-0.17028218414634466,-0.2047,0.03441781585365533,1
art_154,Eliot Engel,PERSON,-0.17028218414634466,-0.2047,0.03441781585365533,1
art_154,US,ORGANIZATION,-0.1414038975651945,-0.2047,0.06329610243480549,18
art_154,Iran,ORGANIZATION,-0.15153175583915213,-0.2047,0.053168244160847866,13
art_154,Washington,ORGANIZATION,-0.30822895909659564,-0.2047,0.10352895909659565,1
art_154,Tehran,ORGANIZATION,-0.17642315026993552,-0.2047,0.028276849730064474,3
art_154,Iran,ORGANIZATION,-0.15153175583915213,-0.2047,0.053168244160847866,13
art_154,Brent,ORGANIZATION,-0.009117120876908302,-0.2047,0.1955828791230917,1
art_155,Iran,ORGANIZATION,-0.13077367300138576,-0.1787,0.04792632699861424,16
art_155,Gen,PERSON,-0.1822671038292659,-0.1787,0.003567103829265894,3
art_155,Qasem Soleimani,PERSON,-0.2083850567578338,-0.1787,0.02968505675783381,2
art_155,Iran,ORGANIZATION,-0.13077367300138576,-0.1787,0.04792632699861424,16
art_155,Quds Force,ORGANIZATION,-0.23704458214342594,-0.1787,0.058344582143425944,3
art_155,Iran,ORGANIZATION,-0.13077367300138576,-0.1787,0.04792632699861424,16
art_155,US,ORGANIZATION,-0.23797718219510797,-0.1787,0.05927718219510797,9
art_155,President,PERSON,-0.05428469467733521,-0.1787,0.12441530532266479,4
art_155,Donald Trump,PERSON,-0.17104046960594133,-0.1787,0.007659530394058672,1
art_155,Trump,PERSON,-0.13209775525319856,-0.1787,0.04660224474680144,4
art_155,Soleimani,PERSON,-0.1276006816875782,-0.1787,0.05109931831242179,11
art_155,Iran,ORGANIZATION,-0.13077367300138576,-0.1787,0.04792632699861424,16
art_155,Hezbollah,ORGANIZATION,-0.0401635627883176,-0.1787,0.1385364372116824,3
art_155,Syria,ORGANIZATION,-0.03134310045667613,-0.1787,0.14735689954332387,3
art_155,Iran,ORGANIZATION,-0.13077367300138576,-0.1787,0.04792632699861424,16
art_155,Supreme Leader,PERSON,-0.04864578950218856,-0.1787,0.13005421049781143,2
art_155,Ayatollah Ali Khamenei,PERSON,-0.12362869409844279,-0.1787,0.055071305901557205,1
art_155,Soleimani,PERSON,-0.1276006816875782,-0.1787,0.05109931831242179,11
art_155,Ayatollah Khamenei,PERSON,0.06980448676040396,-0.1787,0.24850448676040396,1
art_155,Quds Force,ORGANIZATION,-0.23704458214342594,-0.1787,0.058344582143425944,3
art_155,Iranian Revolutionary Guards,ORGANIZATION,0.01720154983922839,-0.1787,0.1959015498392284,1
art_155,ayatollah,PERSON,-0.01220755249960348,-0.1787,0.16649244750039652,3
art_155,Soleimani,PERSON,-0.1276006816875782,-0.1787,0.05109931831242179,11
art_155,US,ORGANIZATION,-0.23797718219510797,-0.1787,0.05927718219510797,9
art_155,Quds Force,ORGANIZATION,-0.23704458214342594,-0.1787,0.058344582143425944,3
art_155,President Trump,PERSON,-0.023479717259760946,-0.1787,0.15522028274023905,1
art_155,Trump,PERSON,-0.13209775525319856,-0.1787,0.04660224474680144,4
art_155,Soleimani,PERSON,-0.1276006816875782,-0.1787,0.05109931831242179,11
art_155,Americans,PERSON,-0.0793795368517749,-0.1787,0.0993204631482251,1
art_155,Iran,ORGANIZATION,-0.13077367300138576,-0.1787,0.04792632699861424,16
art_155,Soleimani,PERSON,-0.1276006816875782,-0.1787,0.05109931831242179,11
art_155,Pentagon,ORGANIZATION,-0.036904570898817234,-0.1787,0.14179542910118276,3
art_155,US Department of Defense,ORGANIZATION,-0.052396345243323594,-0.1787,0.1263036547566764,1
art_155,Soleimani,PERSON,-0.1276006816875782,-0.1787,0.05109931831242179,11
art_155,Soleimani,PERSON,-0.1276006816875782,-0.1787,0.05109931831242179,11
art_155,Iran,ORGANIZATION,-0.13077367300138576,-0.1787,0.04792632699861424,16
art_155,Revolutionary Guards,ORGANIZATION,-0.053222631046082824,-0.1787,0.12547736895391717,2
art_155,Abu Mahdi al-Muhandis,PERSON,-0.12364681193139404,-0.1787,0.05505318806860596,1
art_155,Muhandis,PERSON,-0.08748516469495371,-0.1787,0.09121483530504629,2
art_155,Kataib Hezbollah,ORGANIZATION,-0.05132351745851338,-0.1787,0.12737648254148662,1
art_155,Washington,ORGANIZATION,-0.19129954266827554,-0.1787,0.012599542668275537,2
art_155,Popular Mobilisation units,ORGANIZATION,0.0029224008321762085,-0.1787,0.1816224008321762,1
art_155,PM,ORGANIZATION,-0.0656498959288001,-0.1787,0.11305010407119989,2
art_155,Iran,ORGANIZATION,-0.13077367300138576,-0.1787,0.04792632699861424,16
art_155,PM,PERSON,-0.0656498959288001,-0.1787,0.11305010407119989,2
art_155,Soleimani,PERSON,-0.1276006816875782,-0.1787,0.05109931831242179,11
art_155,Lebanese Hezbollah,ORGANIZATION,-0.017459041671827435,-0.1787,0.16124095832817256,1
art_155,Pentagon,ORGANIZATION,-0.036904570898817234,-0.1787,0.14179542910118276,3
art_155,US military,ORGANIZATION,-0.02400602400302887,-0.1787,0.15469397599697113,1
art_155,US,ORGANIZATION,-0.23797718219510797,-0.1787,0.05927718219510797,9
art_155,Qasem Soleimani,PERSON,-0.2083850567578338,-0.1787,0.02968505675783381,2
art_155,United States,ORGANIZATION,-0.02400602400302887,-0.1787,0.15469397599697113,1
art_155,US,ORGANIZATION,-0.23797718219510797,-0.1787,0.05927718219510797,9
art_155,Pentagon,ORGANIZATION,-0.036904570898817234,-0.1787,0.14179542910118276,3
art_155,Soleimani,PERSON,-0.1276006816875782,-0.1787,0.05109931831242179,11
art_155,Iran,ORGANIZATION,-0.13077367300138576,-0.1787,0.04792632699861424,16
art_155,Iran,ORGANIZATION,-0.13077367300138576,-0.1787,0.04792632699861424,16
art_155,Supreme,PERSON,-0.04864578950218856,-0.1787,0.13005421049781143,2
art_155,President,PERSON,-0.05428469467733521,-0.1787,0.12441530532266479,4
art_155,Bashar al-Assad,PERSON,0.0013874321593903005,-0.1787,0.1800874321593903,1
art_155,Islamic State,ORGANIZATION,-0.026370308391051367,-0.1787,0.15232969160894863,2
art_155,Islamic State,ORGANIZATION,-0.026370308391051367,-0.1787,0.15232969160894863,2
art_156,US,ORGANIZATION,-0.14825312497214327,-0.0188,0.12945312497214326,8
art_156,President,PERSON,-0.1833157177316025,-0.0188,0.16451571773160248,4
art_156,Donald Trump,PERSON,-0.019513963256031275,-0.0188,0.0007139632560312741,1
art_156,Americans,PERSON,-0.2142011874821037,-0.0188,0.1954011874821037,2
art_156,Trump,PERSON,-0.15167180231946986,-0.0188,0.13287180231946985,6
art_156,US,ORGANIZATION,-0.14825312497214327,-0.0188,0.12945312497214326,8
art_156,Qasem Soleimani,PERSON,-0.16568634565919638,-0.0188,0.14688634565919637,1
art_156,Evangelicals,ORGANIZATION,-0.24855478201061487,-0.0188,0.22975478201061486,1
art_156,Trump,PERSON,-0.15167180231946986,-0.0188,0.13287180231946985,6
art_156,President,PERSON,-0.1833157177316025,-0.0188,0.16451571773160248,4
art_156,Iran,ORGANIZATION,-0.06817595421373633,-0.0188,0.049375954213736334,11
art_156,United Nations,ORGANIZATION,-0.18134623870719224,-0.0188,0.16254623870719223,2
art_156,Majid Takht Ravanchi,PERSON,-0.05042761005461216,-0.0188,0.03162761005461216,1
art_156,Iran,ORGANIZATION,-0.06817595421373633,-0.0188,0.049375954213736334,11
art_156,UN,ORGANIZATION,-0.18159166051373177,-0.0188,0.16279166051373176,8
art_156,CNN,ORGANIZATION,-0.17386772815370932,-0.0188,0.1550677281537093,4
art_156,Burnett,PERSON,-0.05042761005461216,-0.0188,0.03162761005461216,1
art_156,Washington,ORGANIZATION,-0.07498775620479137,-0.0188,0.05618775620479137,2
art_156,Tehran,ORGANIZATION,-0.0942499191345026,-0.0188,0.07544991913450261,3
art_156,US,ORGANIZATION,-0.14825312497214327,-0.0188,0.12945312497214326,8
art_156,CNN,ORGANIZATION,-0.17386772815370932,-0.0188,0.1550677281537093,4
art_156,Tehran,ORGANIZATION,-0.0942499191345026,-0.0188,0.07544991913450261,3
art_156,Washington,ORGANIZATION,-0.07498775620479137,-0.0188,0.05618775620479137,2
art_156,Iran,ORGANIZATION,-0.06817595421373633,-0.0188,0.049375954213736334,11
art_156,United Nations,ORGANIZATION,-0.18134623870719224,-0.0188,0.16254623870719223,2
art_156,Pentagon,ORGANIZATION,-0.29015241233864797,-0.0188,0.271352412338648,5
art_156,Soleimani,PERSON,-0.1753592251956838,-0.0188,0.1565592251956838,9
art_156,Islamic Revolutionary Guards Corps,ORGANIZATION,-0.1327742449939251,-0.0188,0.1139742449939251,1
art_156,IRGC,ORGANIZATION,-0.1327742449939251,-0.0188,0.1139742449939251,1
art_156,Quds Force,ORGANIZATION,-0.24917903987807222,-0.0188,0.2303790398780722,2
art_156,Abu Mahdi al-Muhandis,PERSON,-0.11774817066907417,-0.0188,0.09894817066907417,1
art_156,Iran,ORGANIZATION,-0.06817595421373633,-0.0188,0.049375954213736334,11
art_156,Iraqi Popular Mobilization Forces,ORGANIZATION,-0.11774817066907417,-0.0188,0.09894817066907417,1
art_156,PMF,ORGANIZATION,-0.06788743215292925,-0.0188,0.04908743215292925,2
art_156,PMF,ORGANIZATION,-0.06788743215292925,-0.0188,0.04908743215292925,2
art_156,PMF,ORGANIZATION,-0.06788743215292925,-0.0188,0.04908743215292925,2
art_156,PMF,ORGANIZATION,-0.06788743215292925,-0.0188,0.04908743215292925,2
art_156,Trump administration,ORGANIZATION,-0.452487132512033,-0.0188,0.433687132512033,1
art_156,Soleimani,PERSON,-0.1753592251956838,-0.0188,0.1565592251956838,9
art_156,President,PERSON,-0.1833157177316025,-0.0188,0.16451571773160248,4
art_156,Pentagon,ORGANIZATION,-0.29015241233864797,-0.0188,0.271352412338648,5
art_156,Soleimani,PERSON,-0.1753592251956838,-0.0188,0.1565592251956838,9
art_156,Americans,PERSON,-0.2142011874821037,-0.0188,0.1954011874821037,2
art_156,General,PERSON,-0.2815712883990879,-0.0188,0.2627712883990879,3
art_156,Soleimani,PERSON,-0.1753592251956838,-0.0188,0.1565592251956838,9
art_156,Pentagon,ORGANIZATION,-0.29015241233864797,-0.0188,0.271352412338648,5
art_156,Pentagon,ORGANIZATION,-0.29015241233864797,-0.0188,0.271352412338648,5
art_156,Soleimani,PERSON,-0.1753592251956838,-0.0188,0.1565592251956838,9
art_156,Quds Force,ORGANIZATION,-0.24917903987807222,-0.0188,0.2303790398780722,2
art_156,Pentagon,ORGANIZATION,-0.29015241233864797,-0.0188,0.271352412338648,5
art_156,US,ORGANIZATION,-0.14825312497214327,-0.0188,0.12945312497214326,8
art_156,Secretary of State,PERSON,-0.005326237645931542,-0.0188,0.013473762354068459,1
art_156,Mike Pompeo,PERSON,-0.005326237645931542,-0.0188,0.013473762354068459,1
art_156,State Department,ORGANIZATION,-0.005326237645931542,-0.0188,0.013473762354068459,1
art_156,Iran,ORGANIZATION,-0.06817595421373633,-0.0188,0.049375954213736334,11
art_156,Brian Hook,PERSON,-0.005326237645931542,-0.0188,0.013473762354068459,1
art_156,Pompeo,PERSON,-0.03602733090519905,-0.0188,0.01722733090519905,2
art_156,CNN,ORGANIZATION,-0.17386772815370932,-0.0188,0.1550677281537093,4
art_156,Hook,PERSON,-0.0049654261383693665,-0.0188,0.013834573861630634,2
art_156,Al Arabiya,ORGANIZATION,-0.004604614630807191,-0.0188,0.01419538536919281,1
art_156,CNN,ORGANIZATION,-0.17386772815370932,-0.0188,0.1550677281537093,4
art_156,Trump,PERSON,-0.15167180231946986,-0.0188,0.13287180231946985,6
art_156,Trump,PERSON,-0.15167180231946986,-0.0188,0.13287180231946985,6
art_156,Soleimani,PERSON,-0.1753592251956838,-0.0188,0.1565592251956838,9
art_156,Trump,PERSON,-0.15167180231946986,-0.0188,0.13287180231946985,6
art_156,Iran,ORGANIZATION,-0.06817595421373633,-0.0188,0.049375954213736334,11
art_156,National Security Adviser,PERSON,-0.002532095415517688,-0.0188,0.016267904584482313,1
art_156,Robert O’Brien,PERSON,-0.002532095415517688,-0.0188,0.016267904584482313,1
art_156,President,PERSON,-0.1833157177316025,-0.0188,0.16451571773160248,4
art_156,Iran,ORGANIZATION,-0.06817595421373633,-0.0188,0.049375954213736334,11
art_156,O’Brien,PERSON,-0.005452914156194311,-0.0188,0.01334708584380569,3
art_156,O’Brien,PERSON,-0.005452914156194311,-0.0188,0.01334708584380569,3
art_156,Soleimani,PERSON,-0.1753592251956838,-0.0188,0.1565592251956838,9
art_156,Iran,ORGANIZATION,-0.06817595421373633,-0.0188,0.049375954213736334,11
art_156,Middle,ORGANIZATION,-0.11956930773643155,-0.0188,0.10076930773643156,3
art_156,Iran,ORGANIZATION,-0.06817595421373633,-0.0188,0.049375954213736334,11
art_156,Soleimani,PERSON,-0.1753592251956838,-0.0188,0.1565592251956838,9
art_156,IRNA,ORGANIZATION,-0.0002978291013278067,-0.0188,0.018502170898672194,1
art_157,Pentagon,ORGANIZATION,-0.10492872649047058,-0.0349,0.07002872649047058,4
art_157,Trump,PERSON,-0.03402481396915391,-0.0349,0.0008751860308460896,1
art_157,Iran,ORGANIZATION,-0.05841831230209209,-0.0349,0.023518312302092087,5
art_157,Quds Force,ORGANIZATION,-0.03402481396915391,-0.0349,0.0008751860308460896,1
art_157,Soleimani,PERSON,-0.08777648102259264,-0.0349,0.05287648102259264,5
art_157,US,ORGANIZATION,-0.1437229568093446,-0.0349,0.1088229568093446,9
art_157,President,PERSON,-0.031127275578910485,-0.0349,0.0037727244210895156,2
art_157,Donald Trump,PERSON,-0.03402481396915391,-0.0349,0.0008751860308460896,1
art_157,US,ORGANIZATION,-0.1437229568093446,-0.0349,0.1088229568093446,9
art_157,Iran,ORGANIZATION,-0.05841831230209209,-0.0349,0.023518312302092087,5
art_157,Quds Force,ORGANIZATION,-0.03402481396915391,-0.0349,0.0008751860308460896,1
art_157,commander,PERSON,-0.2539576932322234,-0.0349,0.2190576932322234,2
art_157,Qassem Soleimani,PERSON,-0.03402481396915391,-0.0349,0.0008751860308460896,1
art_157,Pentagon,ORGANIZATION,-0.10492872649047058,-0.0349,0.07002872649047058,4
art_157,US military,ORGANIZATION,-0.05449575839641815,-0.0349,0.019595758396418146,3
art_157,US,ORGANIZATION,-0.1437229568093446,-0.0349,0.1088229568093446,9
art_157,Qasem Soleimani,PERSON,-0.02822973718866706,-0.0349,0.0066702628113329415,1
art_157,Pentagon,ORGANIZATION,-0.10492872649047058,-0.0349,0.07002872649047058,4
art_157,United States,ORGANIZATION,-0.001596599817276001,-0.0349,0.033303400182724,1
art_157,Pentagon,ORGANIZATION,-0.10492872649047058,-0.0349,0.07002872649047058,4
art_157,Soleimani,PERSON,-0.08777648102259264,-0.0349,0.05287648102259264,5
art_157,US,ORGANIZATION,-0.1437229568093446,-0.0349,0.1088229568093446,9
art_157,Pentagon,ORGANIZATION,-0.10492872649047058,-0.0349,0.07002872649047058,4
art_157,Soleimani,PERSON,-0.08777648102259264,-0.0349,0.05287648102259264,5
art_157,US Embassy,ORGANIZATION,-0.10390334342082497,-0.0349,0.06900334342082497,2
art_157,Kataib Hezbollah,ORGANIZATION,-0.13543947879225016,-0.0349,0.10053947879225016,1
art_157,Iraq,ORGANIZATION,-0.17803984378406312,-0.0349,0.14313984378406314,4
art_157,Popular Mobilization Units,ORGANIZATION,-0.13543947879225016,-0.0349,0.10053947879225016,1
art_157,PMU,ORGANIZATION,-0.13543947879225016,-0.0349,0.10053947879225016,1
art_157,Pompeo,PERSON,-0.07236720804939978,-0.0349,0.03746720804939978,1
art_157,US Embassy,ORGANIZATION,-0.10390334342082497,-0.0349,0.06900334342082497,2
art_157,Tehran,ORGANIZATION,-0.08161446500162128,-0.0349,0.04671446500162128,2
art_157,US,ORGANIZATION,-0.1437229568093446,-0.0349,0.1088229568093446,9
art_157,Secretary of State,PERSON,-0.07236720804939978,-0.0349,0.03746720804939978,1
art_157,Mike Pompeo,PERSON,-0.07236720804939978,-0.0349,0.03746720804939978,1
art_157,Tehran,ORGANIZATION,-0.08161446500162128,-0.0349,0.04671446500162128,2
art_157,Washington,ORGANIZATION,-0.08161446500162128,-0.0349,0.04671446500162128,2
art_157,US,ORGANIZATION,-0.1437229568093446,-0.0349,0.1088229568093446,9
art_157,Iran,ORGANIZATION,-0.05841831230209209,-0.0349,0.023518312302092087,5
art_157,Soleimani,PERSON,-0.08777648102259264,-0.0349,0.05287648102259264,5
art_157,Iranian Revolutionary Guards Corps,ORGANIZATION,-0.019167499151080847,-0.0349,0.015732500848919154,1
art_157,Iraq,ORGANIZATION,-0.17803984378406312,-0.0349,0.14313984378406314,4
art_157,Popular Mobilization Forces’,ORGANIZATION,-0.47389057249529287,-0.0349,0.4389905724952929,1
art_157,Popular Mobilization Forces,ORGANIZATION,-0.4548446204571519,-0.0349,0.4199446204571519,2
art_158,Soleimani,PERSON,-0.053367602229991463,-0.0633,0.009932397770008532,10
art_158,Iran,ORGANIZATION,-0.09334474272327498,-0.0633,0.03004474272327498,19
art_158,US,ORGANIZATION,-0.11451986739848508,-0.0633,0.05121986739848508,16
art_158,General,PERSON,-0.010254716733470559,-0.0633,0.053045283266529436,1
art_158,Qassem Soleimani,PERSON,-0.0895629923325032,-0.0633,0.026262992332503204,2
art_158,Iran,ORGANIZATION,-0.09334474272327498,-0.0633,0.03004474272327498,19
art_158,US,ORGANIZATION,-0.11451986739848508,-0.0633,0.05121986739848508,16
art_158,Soleimani,PERSON,-0.053367602229991463,-0.0633,0.009932397770008532,10
art_158,3US,ORGANIZATION,0.006364129483699799,-0.0633,0.0696641294836998,1
art_158,Iran,ORGANIZATION,-0.09334474272327498,-0.0633,0.03004474272327498,19
art_158,US,ORGANIZATION,-0.11451986739848508,-0.0633,0.05121986739848508,16
art_158,Iran,ORGANIZATION,-0.09334474272327498,-0.0633,0.03004474272327498,19
art_158,Iran,ORGANIZATION,-0.09334474272327498,-0.0633,0.03004474272327498,19
art_158,Islamic Revolutionary Guard Corps,ORGANIZATION,0.006364129483699799,-0.0633,0.0696641294836998,1
art_158,IRGC,ORGANIZATION,0.0005134548991918564,-0.0633,0.06381345489919185,2
art_158,Quds Force,ORGANIZATION,0.006364129483699799,-0.0633,0.0696641294836998,1
art_158,Soleimani,PERSON,-0.053367602229991463,-0.0633,0.009932397770008532,10
art_158,Abu Mahdi al-Muhandis,PERSON,-0.005779957937193103,-0.0633,0.05752004206280689,1
art_158,Hashd al-Shaabi,PERSON,-0.005779957937193103,-0.0633,0.05752004206280689,1
art_158,Popular Mobilisation Forces,ORGANIZATION,-0.005779957937193103,-0.0633,0.05752004206280689,1
art_158,PMF,ORGANIZATION,-0.0055585888112545945,-0.0633,0.0577414111887454,2
art_158,PMF,ORGANIZATION,-0.0055585888112545945,-0.0633,0.0577414111887454,2
art_158,Iraq,ORGANIZATION,-0.11502192261286837,-0.0633,0.05172192261286837,8
art_158,IRGC,ORGANIZATION,0.0005134548991918564,-0.0633,0.06381345489919185,2
art_158,White House,ORGANIZATION,-0.022400722722522914,-0.0633,0.04089927727747708,1
art_158,Pentagon,ORGANIZATION,-0.022400722722522914,-0.0633,0.04089927727747708,1
art_158,Soleimani,PERSON,-0.053367602229991463,-0.0633,0.009932397770008532,10
art_158,US,ORGANIZATION,-0.11451986739848508,-0.0633,0.05121986739848508,16
art_158,President Donald Trump,PERSON,-0.022400722722522914,-0.0633,0.04089927727747708,1
art_158,Iran,ORGANIZATION,-0.09334474272327498,-0.0633,0.03004474272327498,19
art_158,Iran,ORGANIZATION,-0.09334474272327498,-0.0633,0.03004474272327498,19
art_158,supreme,PERSON,-0.07997259486000985,-0.0633,0.016672594860009854,1
art_158,Ayatollah Ali Khamenei,PERSON,-0.07997259486000985,-0.0633,0.016672594860009854,1
art_158,Soleimani,PERSON,-0.053367602229991463,-0.0633,0.009932397770008532,10
art_158,Mohammad Marandi,PERSON,-0.011129894672194496,-0.0633,0.0521701053278055,1
art_158,Al Jazeera,ORGANIZATION,-0.0055875885518617,-0.0633,0.057712411448138295,4
art_158,US,ORGANIZATION,-0.11451986739848508,-0.0633,0.05121986739848508,16
art_158,Iran,ORGANIZATION,-0.09334474272327498,-0.0633,0.03004474272327498,19
art_158,Iraq,ORGANIZATION,-0.11502192261286837,-0.0633,0.05172192261286837,8
art_158,Marandi,PERSON,-0.029207850113743918,-0.0633,0.03409214988625608,5
art_158,US,ORGANIZATION,-0.11451986739848508,-0.0633,0.05121986739848508,16
art_158,Iran,ORGANIZATION,-0.09334474272327498,-0.0633,0.03004474272327498,19
art_158,Iran,ORGANIZATION,-0.09334474272327498,-0.0633,0.03004474272327498,19
art_158,Iraq,ORGANIZATION,-0.11502192261286837,-0.0633,0.05172192261286837,8
art_158,US,ORGANIZATION,-0.11451986739848508,-0.0633,0.05121986739848508,16
art_158,Soleimani,PERSON,-0.053367602229991463,-0.0633,0.009932397770008532,10
art_158,Islamic State,ORGANIZATION,0.04710566997528076,-0.0633,0.11040566997528076,1
art_158,Iraq and the Levant,ORGANIZATION,0.04710566997528076,-0.0633,0.11040566997528076,1
art_158,ISIL,ORGANIZATION,0.04710566997528076,-0.0633,0.11040566997528076,1
art_158,ISIS,ORGANIZATION,0.04710566997528076,-0.0633,0.11040566997528076,1
art_158,Foad Izadi,PERSON,-0.0018820799887180328,-0.0633,0.06141792001128196,1
art_158,Tehran University,ORGANIZATION,-0.0018820799887180328,-0.0633,0.06141792001128196,1
art_158,Al Jazeera,ORGANIZATION,-0.0055875885518617,-0.0633,0.057712411448138295,4
art_158,Marandi,PERSON,-0.029207850113743918,-0.0633,0.03409214988625608,5
art_158,Soleimani,PERSON,-0.053367602229991463,-0.0633,0.009932397770008532,10
art_158,Marandi,PERSON,-0.029207850113743918,-0.0633,0.03409214988625608,5
art_158,Abas Aslani,PERSON,0.0029986329027451575,-0.0633,0.06629863290274515,1
art_158,Al Jazeera,ORGANIZATION,-0.0055875885518617,-0.0633,0.057712411448138295,4
art_158,Soleimani,PERSON,-0.053367602229991463,-0.0633,0.009932397770008532,10
art_158,Iran,ORGANIZATION,-0.09334474272327498,-0.0633,0.03004474272327498,19
art_158,Iran,ORGANIZATION,-0.09334474272327498,-0.0633,0.03004474272327498,19
art_158,Iran,ORGANIZATION,-0.09334474272327498,-0.0633,0.03004474272327498,19
art_158,CIA,ORGANIZATION,-0.137577680463437,-0.0633,0.074277680463437,5
art_158,Bob Baer,PERSON,-0.05011134530650452,-0.0633,0.013188654693495477,1
art_158,Soleimani,PERSON,-0.053367602229991463,-0.0633,0.009932397770008532,10
art_158,US,ORGANIZATION,-0.11451986739848508,-0.0633,0.05121986739848508,16
art_158,Tehran,ORGANIZATION,-0.025996712647611275,-0.0633,0.03730328735238872,2
art_158,US,ORGANIZATION,-0.11451986739848508,-0.0633,0.05121986739848508,16
art_158,Iran,ORGANIZATION,-0.09334474272327498,-0.0633,0.03004474272327498,19
art_158,CIA,ORGANIZATION,-0.137577680463437,-0.0633,0.074277680463437,5
art_158,Trump administration,ORGANIZATION,-0.06322301644831896,-0.0633,7.698355168103688e-05,1
art_158,Baer,PERSON,-0.0418904580680343,-0.0633,0.021409541931965696,3
art_158,US,ORGANIZATION,-0.11451986739848508,-0.0633,0.05121986739848508,16
art_158,Iraqi army,ORGANIZATION,-0.33350381162017584,-0.0633,0.2702038116201758,1
art_158,US embassy,ORGANIZATION,-0.33350381162017584,-0.0633,0.2702038116201758,1
art_158,US,ORGANIZATION,-0.11451986739848508,-0.0633,0.05121986739848508,16
art_158,Baer,PERSON,-0.0418904580680343,-0.0633,0.021409541931965696,3
art_158,Al Jazeera,ORGANIZATION,-0.0055875885518617,-0.0633,0.057712411448138295,4
art_158,Marandi,ORGANIZATION,-0.029207850113743918,-0.0633,0.03409214988625608,5
art_158,US,ORGANIZATION,-0.11451986739848508,-0.0633,0.05121986739848508,16
art_158,Saudi Arabia,ORGANIZATION,-0.03778241277905181,-0.0633,0.025517587220948185,4
art_158,United Arab,ORGANIZATION,-0.04692626930773258,-0.0633,0.016373730692267413,1
art_158,UAE,ORGANIZATION,-0.022409459032739203,-0.0633,0.04089054096726079,3
art_158,US,ORGANIZATION,-0.11451986739848508,-0.0633,0.05121986739848508,16
art_158,US,ORGANIZATION,-0.11451986739848508,-0.0633,0.05121986739848508,16
art_158,Iran,ORGANIZATION,-0.09334474272327498,-0.0633,0.03004474272327498,19
art_158,UAE,ORGANIZATION,-0.022409459032739203,-0.0633,0.04089054096726079,3
art_158,Iran,ORGANIZATION,-0.09334474272327498,-0.0633,0.03004474272327498,19
art_158,Saudi Arabia,ORGANIZATION,-0.03778241277905181,-0.0633,0.025517587220948185,4
art_158,US,ORGANIZATION,-0.11451986739848508,-0.0633,0.05121986739848508,16
art_158,Iran,ORGANIZATION,-0.09334474272327498,-0.0633,0.03004474272327498,19
art_158,UAE,ORGANIZATION,-0.022409459032739203,-0.0633,0.04089054096726079,3
art_158,Saudi Arabia,ORGANIZATION,-0.03778241277905181,-0.0633,0.025517587220948185,4
art_158,Houthi,ORGANIZATION,-0.018326867138966918,-0.0633,0.04497313286103308,1
art_158,Saudi Arabia,ORGANIZATION,-0.03778241277905181,-0.0633,0.025517587220948185,4
art_158,Iran,ORGANIZATION,-0.09334474272327498,-0.0633,0.03004474272327498,19
art_158,US,ORGANIZATION,-0.11451986739848508,-0.0633,0.05121986739848508,16
art_158,Iran,ORGANIZATION,-0.09334474272327498,-0.0633,0.03004474272327498,19
art_158,Ali Younes,PERSON,0.00021467092301463708,-0.0633,0.06351467092301463,1
art_158,Twitter,ORGANIZATION,0.00021467092301463708,-0.0633,0.06351467092301463,1
art_158,ali_reports,PERSON,0.00021467092301463708,-0.0633,0.06351467092301463,1
art_159,Donald Trump,PERSON,-0.23702252272050828,-0.1402,0.09682252272050829,1
art_159,Iran,ORGANIZATION,-0.06970230861043092,-0.1402,0.07049769138956907,12
art_159,Washington,ORGANIZATION,-0.12287038826616481,-0.1402,0.017329611733835182,2
art_159,Tehran,ORGANIZATION,-0.12012490804772824,-0.1402,0.02007509195227175,5
art_159,Qassem Suleimani,PERSON,-0.10178319842088968,-0.1402,0.038416801579110316,1
art_159,Popular Mobilisation Forces,ORGANIZATION,-0.10178319842088968,-0.1402,0.038416801579110316,1
art_159,PMF,ORGANIZATION,-0.09920551466348115,-0.1402,0.04099448533651884,4
art_159,PMF,ORGANIZATION,-0.09920551466348115,-0.1402,0.04099448533651884,4
art_159,Abu Mahdi al-Muhandis,PERSON,-0.11567847389960662,-0.1402,0.024521526100393376,1
art_159,Suleimani,PERSON,-0.08743810605003753,-0.1402,0.05276189394996246,11
art_159,General,PERSON,-0.15822664331062697,-0.1402,0.018026643310626977,4
art_159,Suleimani,PERSON,-0.08743810605003753,-0.1402,0.05276189394996246,11
art_159,Pentagon,ORGANIZATION,-0.2605486943696936,-0.1402,0.12034869436969359,3
art_159,Trump,PERSON,-0.1021853749116417,-0.1402,0.03801462508835829,4
art_159,White House,ORGANIZATION,-0.04864997277036309,-0.1402,0.0915500272296369,1
art_159,president,PERSON,-0.05760694275765369,-0.1402,0.08259305724234631,3
art_159,Hassan Rouhani,PERSON,-0.09363116323947906,-0.1402,0.046568836760520926,1
art_159,Suleimani,PERSON,-0.08743810605003753,-0.1402,0.05276189394996246,11
art_159,Iran,ORGANIZATION,-0.06970230861043092,-0.1402,0.07049769138956907,12
art_159,America,ORGANIZATION,-0.04524496554707488,-0.1402,0.09495503445292511,3
art_159,Iran,ORGANIZATION,-0.06970230861043092,-0.1402,0.07049769138956907,12
art_159,Iran,ORGANIZATION,-0.06970230861043092,-0.1402,0.07049769138956907,12
art_159,minister,PERSON,-0.26660329569131136,-0.1402,0.12640329569131137,1
art_159,Mohammad Javad Zarif,PERSON,-0.26660329569131136,-0.1402,0.12640329569131137,1
art_159,Twitter,ORGANIZATION,-0.26660329569131136,-0.1402,0.12640329569131137,1
art_159,US’,ORGANIZATION,-0.26660329569131136,-0.1402,0.12640329569131137,1
art_159,General,PERSON,-0.15822664331062697,-0.1402,0.018026643310626977,4
art_159,Suleimani,PERSON,-0.08743810605003753,-0.1402,0.05276189394996246,11
art_159,Daesh,ORGANIZATION,-0.26660329569131136,-0.1402,0.12640329569131137,1
art_159,ISIS,ORGANIZATION,-0.26660329569131136,-0.1402,0.12640329569131137,1
art_159,Al Nusrah,ORGANIZATION,-0.26660329569131136,-0.1402,0.12640329569131137,1
art_159,Al Qaeda,ORGANIZATION,-0.26660329569131136,-0.1402,0.12640329569131137,1
art_159,US,ORGANIZATION,-0.12589955431342656,-0.1402,0.014300445686573432,14
art_159,Tehran,ORGANIZATION,-0.12012490804772824,-0.1402,0.02007509195227175,5
art_159,Hezbollah,ORGANIZATION,-0.23833546042442322,-0.1402,0.09813546042442323,1
art_159,Hadi al-Ameri,PERSON,-0.0015945290797390044,-0.1402,0.138605470920261,1
art_159,Iran,ORGANIZATION,-0.06970230861043092,-0.1402,0.07049769138956907,12
art_159,Badr Organization,ORGANIZATION,-0.0015945290797390044,-0.1402,0.138605470920261,1
art_159,Washington,ORGANIZATION,-0.12287038826616481,-0.1402,0.017329611733835182,2
art_159,Israel,ORGANIZATION,-0.013757442124187946,-0.1402,0.12644255787581204,2
art_159,Saudi Arabia,ORGANIZATION,-0.008718253811821342,-0.1402,0.13148174618817865,1
art_159,Tehran,ORGANIZATION,-0.12012490804772824,-0.1402,0.02007509195227175,5
art_159,US,ORGANIZATION,-0.12589955431342656,-0.1402,0.014300445686573432,14
art_159,Democratic,ORGANIZATION,-0.0640030299546197,-0.1402,0.07619697004538029,2
art_159,presidential,PERSON,-0.030539692263118923,-0.1402,0.10966030773688107,1
art_159,Joe Biden,PERSON,-0.030539692263118923,-0.1402,0.10966030773688107,1
art_159,Trump,PERSON,-0.1021853749116417,-0.1402,0.03801462508835829,4
art_159,Democratic,ORGANIZATION,-0.0640030299546197,-0.1402,0.07619697004538029,2
art_159,Elizabeth Warren,PERSON,-0.09746636764612049,-0.1402,0.0427336323538795,1
art_159,Bernie Sanders,PERSON,-0.09746636764612049,-0.1402,0.0427336323538795,1
art_159,Suleimani,PERSON,-0.08743810605003753,-0.1402,0.05276189394996246,11
art_159,Quds force,ORGANIZATION,-0.3037570233573206,-0.1402,0.16355702335732059,2
art_159,Iran,ORGANIZATION,-0.06970230861043092,-0.1402,0.07049769138956907,12
art_159,Revolutionary Guards,ORGANIZATION,-0.046921922941692173,-0.1402,0.09327807705830782,1
art_159,Trump,ORGANIZATION,-0.1021853749116417,-0.1402,0.03801462508835829,4
art_159,Pentagon,ORGANIZATION,-0.2605486943696936,-0.1402,0.12034869436969359,3
art_159,Quds force,ORGANIZATION,-0.3037570233573206,-0.1402,0.16355702335732059,2
art_159,Suleimani,PERSON,-0.08743810605003753,-0.1402,0.05276189394996246,11
art_159,Khamenei,PERSON,0.028204067377373576,-0.1402,0.16840406737737357,1
art_159,Rouhani,PERSON,-0.032713547931052744,-0.1402,0.10748645206894725,2
art_159,Iran,ORGANIZATION,-0.06970230861043092,-0.1402,0.07049769138956907,12
art_159,Suleimani,PERSON,-0.08743810605003753,-0.1402,0.05276189394996246,11
art_159,Brig Gen,PERSON,-0.013895136944483966,-0.1402,0.12630486305551603,1
art_159,Esmail Ghaani,PERSON,-0.013895136944483966,-0.1402,0.12630486305551603,1
art_159,US,ORGANIZATION,-0.12589955431342656,-0.1402,0.014300445686573432,14
art_159,Iran,ORGANIZATION,-0.06970230861043092,-0.1402,0.07049769138956907,12
art_159,Suleimani,PERSON,-0.08743810605003753,-0.1402,0.05276189394996246,11
art_159,Iran,ORGANIZATION,-0.06970230861043092,-0.1402,0.07049769138956907,12
art_159,Barack Obama,PERSON,-0.06487664673477411,-0.1402,0.07532335326522588,1
art_159,Iraq,ORGANIZATION,-0.037702786015870515,-0.1402,0.10249721398412948,8
art_159,US,ORGANIZATION,-0.12589955431342656,-0.1402,0.014300445686573432,14
art_159,PMF,ORGANIZATION,-0.09920551466348115,-0.1402,0.04099448533651884,4
art_159,Pentagon,ORGANIZATION,-0.2605486943696936,-0.1402,0.12034869436969359,3
art_159,Suleimani,PERSON,-0.08743810605003753,-0.1402,0.05276189394996246,11
art_159,PMF,ORGANIZATION,-0.09920551466348115,-0.1402,0.04099448533651884,4
art_159,Tehran,ORGANIZATION,-0.12012490804772824,-0.1402,0.02007509195227175,5
art_159,US,ORGANIZATION,-0.12589955431342656,-0.1402,0.014300445686573432,14
art_159,secretary,PERSON,-0.058423235546797514,-0.1402,0.08177676445320248,2
art_159,Mark Esper,PERSON,-0.051267034374177456,-0.1402,0.08893296562582254,1
art_159,US,ORGANIZATION,-0.12589955431342656,-0.1402,0.014300445686573432,14
art_159,Esper,PERSON,-0.029148193149012513,-0.1402,0.11105180685098748,2
art_159,US,ORGANIZATION,-0.12589955431342656,-0.1402,0.014300445686573432,14
art_159,secretary of state,PERSON,-0.06557943671941757,-0.1402,0.07462056328058242,1
art_159,Mike Pompeo,PERSON,-0.06557943671941757,-0.1402,0.07462056328058242,1
art_159,Iraqis,PERSON,-0.06557943671941757,-0.1402,0.07462056328058242,1
art_159,General,PERSON,-0.15822664331062697,-0.1402,0.018026643310626977,4
art_159,Suleimani,PERSON,-0.08743810605003753,-0.1402,0.05276189394996246,11
art_160,Iran,ORGANIZATION,-0.045114738124539144,-0.0451,1.4738124539143138e-05,4
art_160,"Qassem Soleimani
-",PERSON,-0.045052673667669296,-0.0451,4.7326332330704934e-05,1
art_160,Trump,PERSON,-0.05325276505027432,-0.0451,0.008152765050274319,2
art_160,Soleimani,PERSON,-0.09263647055922775,-0.0451,0.047536470559227745,4
art_160,Americans,PERSON,-0.045052673667669296,-0.0451,4.7326332330704934e-05,1
art_160,Soleimani,PERSON,-0.09263647055922775,-0.0451,0.047536470559227745,4
art_160,MIN,ORGANIZATION,-0.045052673667669296,-0.0451,4.7326332330704934e-05,1
art_160,MIN,ORGANIZATION,-0.045052673667669296,-0.0451,4.7326332330704934e-05,1
art_160,Tehran,ORGANIZATION,-0.045052673667669296,-0.0451,4.7326332330704934e-05,1
art_160,United States,ORGANIZATION,-0.045052673667669296,-0.0451,4.7326332330704934e-05,1
art_160,Major-General,PERSON,-0.045052673667669296,-0.0451,4.7326332330704934e-05,1
art_160,Qassem Soleimani,PERSON,-0.034922043327242136,-0.0451,0.010177956672757865,2
art_160,Quds Force,ORGANIZATION,-0.045052673667669296,-0.0451,4.7326332330704934e-05,1
art_160,Iran,ORGANIZATION,-0.045114738124539144,-0.0451,1.4738124539143138e-05,4
art_160,Soleimani,PERSON,-0.09263647055922775,-0.0451,0.047536470559227745,4
art_160,President Donald Trump,PERSON,-0.061452856432879344,-0.0451,0.016352856432879342,1
art_160,Iran,ORGANIZATION,-0.045114738124539144,-0.0451,1.4738124539143138e-05,4
art_160,US,ORGANIZATION,-0.04223226483736653,-0.0451,0.0028677351626334724,4
art_160,Israel,ORGANIZATION,-0.061452856432879344,-0.0451,0.016352856432879342,1
art_160,Saudi Arabia,ORGANIZATION,-0.061452856432879344,-0.0451,0.016352856432879342,1
art_160,Abu Mahdi al-Muhandis,PERSON,-0.23924893914954737,-0.0451,0.19414893914954737,1
art_160,Soleimani,PERSON,-0.09263647055922775,-0.0451,0.047536470559227745,4
art_160,Iran,ORGANIZATION,-0.045114738124539144,-0.0451,1.4738124539143138e-05,4
art_160,Washington,ORGANIZATION,-0.0376321162621025,-0.0451,0.007467883737897502,1
art_160,US,ORGANIZATION,-0.04223226483736653,-0.0451,0.0028677351626334724,4
art_160,Kataib Hezbollah,ORGANIZATION,-0.0376321162621025,-0.0451,0.007467883737897502,1
art_160,Muhandis,PERSON,-0.13844052770582493,-0.0451,0.09334052770582493,2
art_160,US,ORGANIZATION,-0.04223226483736653,-0.0451,0.0028677351626334724,4
art_160,US,ORGANIZATION,-0.04223226483736653,-0.0451,0.0028677351626334724,4
art_160,Qassem Soleimani,PERSON,-0.034922043327242136,-0.0451,0.010177956672757865,2
art_160,Pentagon,ORGANIZATION,-0.024791412986814976,-0.0451,0.020308587013185025,1
art_161,ANC,ORGANIZATION,-0.22591415155329742,-0.123,0.10291415155329742,4
art_161,Iran,ORGANIZATION,-0.06658988017588854,-0.123,0.056410119824111454,5
art_161,Quds Force,ORGANIZATION,0.009687682380899787,-0.123,0.13268768238089979,3
art_161,US,ORGANIZATION,-0.32534104663257796,-0.123,0.20234104663257796,9
art_161,General Qassem Soleimani,PERSON,-0.12303115241229534,-0.123,3.115241229534327e-05,1
art_161,secretary-general,PERSON,-0.12303115241229534,-0.123,3.115241229534327e-05,1
art_161,Ace Magashule,PERSON,-0.12303115241229534,-0.123,3.115241229534327e-05,1
art_161,ANC,ORGANIZATION,-0.22591415155329742,-0.123,0.10291415155329742,4
art_161,Iran,ORGANIZATION,-0.06658988017588854,-0.123,0.056410119824111454,5
art_161,department of international relations and cooperation,ORGANIZATION,-0.12303115241229534,-0.123,3.115241229534327e-05,1
art_161,South Africa,ORGANIZATION,0.17796251084655523,-0.123,0.30096251084655523,1
art_161,minister,PERSON,0.17796251084655523,-0.123,0.30096251084655523,1
art_161,Naledi Pandor,PERSON,0.17796251084655523,-0.123,0.30096251084655523,1
art_161,ANC,ORGANIZATION,-0.22591415155329742,-0.123,0.10291415155329742,4
art_161,UN,ORGANIZATION,-0.2793155843857676,-0.123,0.1563155843857676,5
art_161,US,ORGANIZATION,-0.32534104663257796,-0.123,0.20234104663257796,9
art_161,African Union,ORGANIZATION,0.17796251084655523,-0.123,0.30096251084655523,1
art_161,al-Shabaab,ORGANIZATION,0.17796251084655523,-0.123,0.30096251084655523,1
art_161,Americans,PERSON,0.17796251084655523,-0.123,0.30096251084655523,1
art_161,US Africa Command,ORGANIZATION,0.17796251084655523,-0.123,0.30096251084655523,1
art_161,al-Shabaab,ORGANIZATION,0.17796251084655523,-0.123,0.30096251084655523,1
art_161,Soleimani,PERSON,0.009687682380899787,-0.123,0.13268768238089979,3
art_161,Iraqi parliament,ORGANIZATION,0.17796251084655523,-0.123,0.30096251084655523,1
art_161,Soleimani,PERSON,0.009687682380899787,-0.123,0.13268768238089979,3
art_161,Iran,ORGANIZATION,-0.06658988017588854,-0.123,0.056410119824111454,5
art_161,Quds Force,ORGANIZATION,0.009687682380899787,-0.123,0.13268768238089979,3
art_161,Abu Mahdi al-Muhandis,PERSON,0.17796251084655523,-0.123,0.30096251084655523,1
art_161,Iraq's Popular Mobilisation Forces,ORGANIZATION,0.17796251084655523,-0.123,0.30096251084655523,1
art_161,PMF,ORGANIZATION,0.17796251084655523,-0.123,0.30096251084655523,1
art_161,Hashd al-Shaabi,ORGANIZATION,0.17796251084655523,-0.123,0.30096251084655523,1
art_161,US,ORGANIZATION,-0.32534104663257796,-0.123,0.20234104663257796,9
art_161,Iran,ORGANIZATION,-0.06658988017588854,-0.123,0.056410119824111454,5
art_161,Supreme Leader,PERSON,-0.02586831129156053,-0.123,0.09713168870843947,1
art_161,Ali Hosseini Khamenei,PERSON,-0.02586831129156053,-0.123,0.09713168870843947,1
art_161,US,ORGANIZATION,-0.32534104663257796,-0.123,0.20234104663257796,9
art_161,President,PERSON,-0.10558512527495623,-0.123,0.017414874725043772,2
art_161,Donald Trump,PERSON,-0.02586831129156053,-0.123,0.09713168870843947,1
art_161,General,PERSON,-0.07444973185192794,-0.123,0.04855026814807206,2
art_161,Esmail Qaani,PERSON,-0.02586831129156053,-0.123,0.09713168870843947,1
art_161,Quds force,ORGANIZATION,0.009687682380899787,-0.123,0.13268768238089979,3
art_161,US,ORGANIZATION,-0.32534104663257796,-0.123,0.20234104663257796,9
art_161,Soleimani,PERSON,0.009687682380899787,-0.123,0.13268768238089979,3
art_161,Soleimani,PERSON,0.009687682380899787,-0.123,0.13268768238089979,3
art_161,America,ORGANIZATION,0.03933632047846913,-0.123,0.16233632047846913,2
art_161,Qaani,PERSON,-0.06257909059058875,-0.123,0.06042090940941125,2
art_161,Trump,PERSON,-0.3693443979136646,-0.123,0.24634439791366458,4
art_161,US military,ORGANIZATION,-0.18530193925835192,-0.123,0.062301939258351924,1
art_161,president,PERSON,-0.10558512527495623,-0.123,0.017414874725043772,2
art_161,US,ORGANIZATION,-0.32534104663257796,-0.123,0.20234104663257796,9
art_161,Trump,PERSON,-0.3693443979136646,-0.123,0.24634439791366458,4
art_161,Trump,PERSON,-0.3693443979136646,-0.123,0.24634439791366458,4
art_161,Iraq,ORGANIZATION,-0.2602084846002981,-0.123,0.1372084846002981,3
art_161,US,ORGANIZATION,-0.32534104663257796,-0.123,0.20234104663257796,9
art_161,Air Force One,ORGANIZATION,-0.7818774558836594,-0.123,0.6588774558836594,1
art_161,Trump,PERSON,-0.3693443979136646,-0.123,0.24634439791366458,4
art_161,Iraq,ORGANIZATION,-0.2602084846002981,-0.123,0.1372084846002981,3
art_161,US,ORGANIZATION,-0.32534104663257796,-0.123,0.20234104663257796,9
art_161,Iraq,ORGANIZATION,-0.2602084846002981,-0.123,0.1372084846002981,3
art_161,Nader Hashemi,PERSON,-0.48432988522108644,-0.123,0.36132988522108644,1
art_161,Director,PERSON,-0.48432988522108644,-0.123,0.36132988522108644,1
art_161,Center,ORGANIZATION,-0.48432988522108644,-0.123,0.36132988522108644,1
art_161,Middle East Studies,ORGANIZATION,-0.48432988522108644,-0.123,0.36132988522108644,1
art_161,University of Denver,ORGANIZATION,-0.48432988522108644,-0.123,0.36132988522108644,1
art_161,Al Jazeera,ORGANIZATION,-0.48432988522108644,-0.123,0.36132988522108644,1
art_161,Trump,PERSON,-0.3693443979136646,-0.123,0.24634439791366458,4
art_161,Hashemi,PERSON,-0.48432988522108644,-0.123,0.36132988522108644,1
art_162,AP,ORGANIZATION,-0.037290707281499635,-0.1128,0.07550929271850036,6
art_162,AFP,ORGANIZATION,-0.20666413809522055,-0.1128,0.09386413809522055,1
art_162,Qassem Soleimani,PERSON,-0.20666413809522055,-0.1128,0.09386413809522055,1
art_162,president,PERSON,-0.05595389772982647,-0.1128,0.056846102270173525,3
art_162,US,ORGANIZATION,-0.10877797494378263,-0.1128,0.004022025056217363,13
art_162,Soleimani,PERSON,-0.09848071724991314,-0.1128,0.014319282750086856,9
art_162,Defence Department,ORGANIZATION,-0.10949099948629737,-0.1128,0.0033090005137026285,1
art_162,General,PERSON,-0.06462253757490544,-0.1128,0.04817746242509456,4
art_162,Soleimani,PERSON,-0.09848071724991314,-0.1128,0.014319282750086856,9
art_162,Gen,PERSON,-0.08841216585844652,-0.1128,0.024387834141553474,9
art_162,Soleimani,PERSON,-0.09848071724991314,-0.1128,0.014319282750086856,9
art_162,Revolutionary Guards' Quds,ORGANIZATION,-0.1951963861938566,-0.1128,0.0823963861938566,1
art_162,United,ORGANIZATION,-0.1951963861938566,-0.1128,0.0823963861938566,1
art_162,Iran,ORGANIZATION,-0.09107601079033754,-0.1128,0.021723989209662453,14
art_162,President Donald Trump,PERSON,-0.03280751558486372,-0.1128,0.07999248441513628,1
art_162,Iran,ORGANIZATION,-0.09107601079033754,-0.1128,0.021723989209662453,14
art_162,Supreme Leader,PERSON,-0.055911022471264005,-0.1128,0.05688897752873599,1
art_162,Ayatollah Ali Khamenei,PERSON,-0.055911022471264005,-0.1128,0.05688897752873599,1
art_162,US,ORGANIZATION,-0.10877797494378263,-0.1128,0.004022025056217363,13
art_162,Khamenei,PERSON,-0.0425467939930968,-0.1128,0.0702532060069032,2
art_162,Gen Soleimani,PERSON,-0.12378737619534756,-0.1128,0.010987376195347565,6
art_162,Khamenei,PERSON,-0.0425467939930968,-0.1128,0.0702532060069032,2
art_162,Iran,ORGANIZATION,-0.09107601079033754,-0.1128,0.021723989209662453,14
art_162,President Hassan Rouhani,PERSON,-0.02556317811831832,-0.1128,0.08723682188168168,1
art_162,President Trump,PERSON,-0.02556317811831832,-0.1128,0.08723682188168168,1
art_162,Teheran,ORGANIZATION,-0.02556317811831832,-0.1128,0.08723682188168168,1
art_162,Trump,PERSON,-0.139390315185301,-0.1128,0.026590315185301014,5
art_162,Hessameddin Ashena,PERSON,-0.25114639615640044,-0.1128,0.13834639615640043,1
art_162,Trump,PERSON,-0.139390315185301,-0.1128,0.026590315185301014,5
art_162,Gen Soleimani,PERSON,-0.12378737619534756,-0.1128,0.010987376195347565,6
art_162,US,ORGANIZATION,-0.10877797494378263,-0.1128,0.004022025056217363,13
art_162,Americans,PERSON,-0.09883795405039564,-0.1128,0.01396204594960436,2
art_162,US,ORGANIZATION,-0.10877797494378263,-0.1128,0.004022025056217363,13
art_162,Secretary of State,PERSON,-0.05069693434052169,-0.1128,0.062103065659478304,1
art_162,Mike Pompeo,PERSON,-0.05069693434052169,-0.1128,0.062103065659478304,1
art_162,Iraqis,PERSON,0.06092800258193165,-0.1128,0.17372800258193166,2
art_162,Gen Soleimani,PERSON,-0.12378737619534756,-0.1128,0.010987376195347565,6
art_162,General,PERSON,-0.06462253757490544,-0.1128,0.04817746242509456,4
art_162,Soleimani,PERSON,-0.09848071724991314,-0.1128,0.014319282750086856,9
art_162,Pompeo,PERSON,0.06092800258193165,-0.1128,0.17372800258193166,2
art_162,Abu Mahdi al-Muhandis,PERSON,-0.08975241755251773,-0.1128,0.02304758244748227,1
art_162,Paul Pillar,PERSON,-0.01887403696309775,-0.1128,0.09392596303690225,1
art_162,US Central Intelligence Agency,ORGANIZATION,-0.01887403696309775,-0.1128,0.09392596303690225,1
art_162,Georgetown University,ORGANIZATION,-0.01887403696309775,-0.1128,0.09392596303690225,1
art_162,Iranians,PERSON,-0.03718686290085316,-0.1128,0.07561313709914684,1
art_162,Americans,PERSON,-0.09883795405039564,-0.1128,0.01396204594960436,2
art_162,US,ORGANIZATION,-0.10877797494378263,-0.1128,0.004022025056217363,13
art_162,Gen Soleimani,PERSON,-0.12378737619534756,-0.1128,0.010987376195347565,6
art_162,Islamic State,ORGANIZATION,0.05687827244400978,-0.1128,0.1696782724440098,1
art_162,ISIS,ORGANIZATION,0.05687827244400978,-0.1128,0.1696782724440098,1
art_162,US,ORGANIZATION,-0.10877797494378263,-0.1128,0.004022025056217363,13
art_162,US,ORGANIZATION,-0.10877797494378263,-0.1128,0.004022025056217363,13
art_162,Washington,ORGANIZATION,-0.029586653031098347,-0.1128,0.08321334696890165,3
art_162,Revolutionary Guards Corp,ORGANIZATION,-0.011903060134500265,-0.1128,0.10089693986549973,1
art_162,Iran,ORGANIZATION,-0.09107601079033754,-0.1128,0.021723989209662453,14
art_162,US,ORGANIZATION,-0.10877797494378263,-0.1128,0.004022025056217363,13
art_162,US,ORGANIZATION,-0.10877797494378263,-0.1128,0.004022025056217363,13
art_162,Trump,PERSON,-0.139390315185301,-0.1128,0.026590315185301014,5
art_162,Republican,ORGANIZATION,-0.11351296351494966,-0.1128,0.0007129635149496633,2
art_162,Senator,PERSON,-0.015645057646906935,-0.1128,0.09715494235309306,1
art_162,Marco Rubio,PERSON,-0.015645057646906935,-0.1128,0.09715494235309306,1
art_162,Senator,PERSON,-0.015645057646906935,-0.1128,0.09715494235309306,1
art_162,Chris Murphy,PERSON,-0.015645057646906935,-0.1128,0.09715494235309306,1
art_162,Connecticut Democrat,ORGANIZATION,-0.015645057646906935,-0.1128,0.09715494235309306,1
art_162,Twitter,ORGANIZATION,-0.033170995993714314,-0.1128,0.07962900400628568,2
art_162,Republican,ORGANIZATION,-0.11351296351494966,-0.1128,0.0007129635149496633,2
art_162,Gen,PERSON,-0.08841216585844652,-0.1128,0.024387834141553474,9
art_162,Soleimani,PERSON,-0.09848071724991314,-0.1128,0.014319282750086856,9
art_162,Iran,ORGANIZATION,-0.09107601079033754,-0.1128,0.021723989209662453,14
art_163,Gen,PERSON,-0.27464745874749497,-0.1393,0.13534745874749496,1
art_163,Qassim Soleimani,PERSON,-0.27464745874749497,-0.1393,0.13534745874749496,1
art_163,Iran,ORGANIZATION,-0.16855983510946057,-0.1393,0.029259835109460564,7
art_163,Quds Force,ORGANIZATION,-0.23957193110254593,-0.1393,0.10027193110254592,2
art_163,Abu Mahdi al-Muhandis,PERSON,-0.14535544536192901,-0.1393,0.006055445361929007,1
art_163,Iran,ORGANIZATION,-0.16855983510946057,-0.1393,0.029259835109460564,7
art_163,Popular Mobilisation Forces,ORGANIZATION,-0.14535544536192901,-0.1393,0.006055445361929007,1
art_163,PMF,ORGANIZATION,-0.14461794904491398,-0.1393,0.005317949044913978,2
art_163,Iran,ORGANIZATION,-0.16855983510946057,-0.1393,0.029259835109460564,7
art_163,Israel,ORGANIZATION,-0.0859548426233232,-0.1393,0.053345157376676805,1
art_163,PMF,ORGANIZATION,-0.14461794904491398,-0.1393,0.005317949044913978,2
art_163,United States,ORGANIZATION,-0.14388045272789896,-0.1393,0.004580452727898948,1
art_163,Pentagon,ORGANIZATION,-0.04803770832950249,-0.1393,0.09126229167049751,2
art_163,Pentagon,ORGANIZATION,-0.04803770832950249,-0.1393,0.09126229167049751,2
art_163,Qassem Soleimani,PERSON,-0.2044964034575969,-0.1393,0.06519640345759689,1
art_163,Iran,ORGANIZATION,-0.16855983510946057,-0.1393,0.029259835109460564,7
art_163,Quds Force,ORGANIZATION,-0.23957193110254593,-0.1393,0.10027193110254592,2
art_163,President Trump,PERSON,-0.2044964034575969,-0.1393,0.06519640345759689,1
art_163,Pentagon,ORGANIZATION,-0.04803770832950249,-0.1393,0.09126229167049751,2
art_163,Associated Press,ORGANIZATION,-0.12447703536599874,-0.1393,0.014822964634001262,1
art_163,Soleimani,PERSON,-0.16693233170164085,-0.1393,0.02763233170164084,7
art_163,al-Muhandis,PERSON,-0.1938215203335858,-0.1393,0.05452152033358579,4
art_163,Kataeb Hezbollah,ORGANIZATION,-0.08926911355229095,-0.1393,0.05003088644770906,1
art_163,al-Muhandis,PERSON,-0.1938215203335858,-0.1393,0.05452152033358579,4
art_163,Soleimani,PERSON,-0.16693233170164085,-0.1393,0.02763233170164084,7
art_163,al-Muhandis,PERSON,-0.1938215203335858,-0.1393,0.05452152033358579,4
art_163,Soleimani,PERSON,-0.16693233170164085,-0.1393,0.02763233170164084,7
art_163,Soleimani,PERSON,-0.16693233170164085,-0.1393,0.02763233170164084,7
art_163,President,PERSON,-0.2616699259815505,-0.1393,0.12236992598155047,2
art_163,Bashar Assad,PERSON,-0.31884344850550406,-0.1393,0.17954344850550405,1
art_163,Soleimani,PERSON,-0.16693233170164085,-0.1393,0.02763233170164084,7
art_163,Assad,PERSON,-0.2577723544818582,-0.1393,0.1184723544818582,2
art_163,Iraq,ORGANIZATION,-0.3178973077641179,-0.1393,0.1785973077641179,3
art_163,Security Media Cell,ORGANIZATION,-0.55456742917886,-0.1393,0.41526742917886006,1
art_163,Katyusha,PERSON,-0.55456742917886,-0.1393,0.41526742917886006,1
art_164,Reuters,ORGANIZATION,-0.2885295497835614,-0.1786,0.10992954978356137,2
art_164,Trump,ORGANIZATION,-0.12839525994786527,-0.1786,0.05020474005213474,6
art_164,Soleimani,PERSON,-0.08714948777092754,-0.1786,0.09145051222907247,7
art_164,Iran,ORGANIZATION,-0.17542220377072226,-0.1786,0.003177796229277746,4
art_164,Quds Force,ORGANIZATION,-0.22195113508496433,-0.1786,0.043351135084964326,1
art_164,President,PERSON,-0.05257805113797076,-0.1786,0.12602194886202925,2
art_164,Donald Trump,PERSON,-0.10205193335423246,-0.1786,0.07654806664576755,1
art_164,United,ORGANIZATION,-0.10667157730980155,-0.1786,0.07192842269019846,6
art_164,Iran,ORGANIZATION,-0.17542220377072226,-0.1786,0.003177796229277746,4
art_164,Republican,ORGANIZATION,-0.010298822511686012,-0.1786,0.168301177488314,1
art_164,Democratic,ORGANIZATION,-0.1271994198759785,-0.1786,0.05140058012402152,2
art_164,Trump,PERSON,-0.12839525994786527,-0.1786,0.05020474005213474,6
art_164,Soleimani,PERSON,-0.08714948777092754,-0.1786,0.09145051222907247,7
art_164,Iraq,ORGANIZATION,-0.10084042055781797,-0.1786,0.07775957944218204,7
art_164,prime minister,PERSON,-0.3174946246435866,-0.1786,0.13889462464358657,1
art_164,Washington,ORGANIZATION,-0.1395127407158725,-0.1786,0.03908725928412751,2
art_164,U.S.,ORGANIZATION,-0.14832363299137796,-0.1786,0.030276367008622046,8
art_164,Iraq,ORGANIZATION,-0.10084042055781797,-0.1786,0.07775957944218204,7
art_164,Yale Law School,ORGANIZATION,-0.04472666431684047,-0.1786,0.13387333568315954,1
art_164,Oona Hathaway,PERSON,-0.04472666431684047,-0.1786,0.13387333568315954,1
art_164,Twitter,ORGANIZATION,-0.04472666431684047,-0.1786,0.13387333568315954,1
art_164,Pentagon,ORGANIZATION,-0.04472666431684047,-0.1786,0.13387333568315954,1
art_164,Soleimani,PERSON,-0.08714948777092754,-0.1786,0.09145051222907247,7
art_164,Trump,PERSON,-0.12839525994786527,-0.1786,0.05020474005213474,6
art_164,Chesney,PERSON,0.01757497941434849,-0.1786,0.1961749794143485,2
art_164,University of Texas,ORGANIZATION,0.03825412775040604,-0.1786,0.21685412775040605,1
art_164,Austin School of Law,ORGANIZATION,0.03825412775040604,-0.1786,0.21685412775040605,1
art_164,Americans,PERSON,-0.043100133538246155,-0.1786,0.13549986646175385,2
art_164,Anderson,PERSON,-0.08309609815478325,-0.1786,0.09550390184521676,1
art_164,Trump,PERSON,-0.12839525994786527,-0.1786,0.05020474005213474,6
art_164,Barack Obama,PERSON,-0.03623503993730992,-0.1786,0.1423649600626901,1
art_164,Trump,PERSON,-0.12839525994786527,-0.1786,0.05020474005213474,6
art_164,Iraqi government,ORGANIZATION,-0.03623503993730992,-0.1786,0.1423649600626901,1
art_164,Soleimani,PERSON,-0.08714948777092754,-0.1786,0.09145051222907247,7
art_164,United States,ORGANIZATION,-0.09551479051588103,-0.1786,0.08308520948411897,5
art_164,Iraq,ORGANIZATION,-0.10084042055781797,-0.1786,0.07775957944218204,7
art_164,United States,ORGANIZATION,-0.09551479051588103,-0.1786,0.08308520948411897,5
art_164,Islamic State,ORGANIZATION,-0.11627823859453201,-0.1786,0.062321761405467996,2
art_164,Islamic State,ORGANIZATION,-0.11627823859453201,-0.1786,0.062321761405467996,2
art_164,Washington,ORGANIZATION,-0.1395127407158725,-0.1786,0.03908725928412751,2
art_164,Baghdad,ORGANIZATION,-0.03280983465568473,-0.1786,0.14579016534431527,3
art_164,United States,ORGANIZATION,-0.09551479051588103,-0.1786,0.08308520948411897,5
art_164,Callamard,PERSON,0.03846914321184158,-0.1786,0.2170691432118416,1
art_164,U.N.,ORGANIZATION,-0.09098527251626365,-0.1786,0.08761472748373636,5
art_164,Soleimani,PERSON,-0.08714948777092754,-0.1786,0.09145051222907247,7
art_164,Democratic,ORGANIZATION,-0.1271994198759785,-0.1786,0.05140058012402152,2
art_164,Trump,PERSON,-0.12839525994786527,-0.1786,0.05020474005213474,6
art_164,Soleimani,PERSON,-0.08714948777092754,-0.1786,0.09145051222907247,7
art_164,Senator,PERSON,-0.24410001724027097,-0.1786,0.06550001724027096,1
art_164,Mark Warner,PERSON,-0.24410001724027097,-0.1786,0.06550001724027096,1
art_164,Democratic,ORGANIZATION,-0.1271994198759785,-0.1786,0.05140058012402152,2
art_164,vice-chair,PERSON,-0.24410001724027097,-0.1786,0.06550001724027096,1
art_164,Senate Intelligence Committee,ORGANIZATION,-0.24410001724027097,-0.1786,0.06550001724027096,1
art_164,Reuters.Other,ORGANIZATION,-0.24410001724027097,-0.1786,0.06550001724027096,1
art_164,Trump,PERSON,-0.12839525994786527,-0.1786,0.05020474005213474,6
art_164,Soleimani,PERSON,-0.08714948777092754,-0.1786,0.09145051222907247,7
art_164,Congress.Legal,ORGANIZATION,-0.06869944650679827,-0.1786,0.10990055349320174,1
art_164,U.S.,ORGANIZATION,-0.14832363299137796,-0.1786,0.030276367008622046,8
art_164,Soleimani,PERSON,-0.08714948777092754,-0.1786,0.09145051222907247,7
art_164,Americans.Self,PERSON,-0.0031041689217090607,-0.1786,0.17549583107829095,1
art_164,Congress,ORGANIZATION,-0.035901807714253664,-0.1786,0.14269819228574634,2
art_164,Chesney,PERSON,0.01757497941434849,-0.1786,0.1961749794143485,2
art_165,Malian government,ORGANIZATION,-0.005923395452555269,-0.002,0.003923395452555269,1
art_165,France,ORGANIZATION,-0.021879841398913413,-0.002,0.01987984139891341,3
art_165,President,PERSON,-0.005923395452555269,-0.002,0.003923395452555269,1
art_165,Emmanuel Macron,PERSON,-0.005923395452555269,-0.002,0.003923395452555269,1
art_165,Mali,ORGANIZATION,-0.036227334290742874,-0.002,0.03422733429074287,9
art_165,Colonel Abdoulaye Maiga,PERSON,-0.00198969867778942,-0.002,1.0301322210580152e-05,1
art_165,Maiga,PERSON,-0.03216343905660324,-0.002,0.030163439056603236,2
art_165,Macron,PERSON,-0.006289516672647248,-0.002,0.004289516672647248,3
art_165,Malian junta,ORGANIZATION,-0.16518291729153134,-0.002,0.16318291729153134,1
art_165,France,ORGANIZATION,-0.021879841398913413,-0.002,0.01987984139891341,3
art_165,Mali,ORGANIZATION,-0.036227334290742874,-0.002,0.03422733429074287,9
art_165,Paris,ORGANIZATION,-0.08815111964941025,-0.002,0.08615111964941025,1
art_165,Bamako,ORGANIZATION,-0.08815111964941025,-0.002,0.08615111964941025,1
art_165,Mali,ORGANIZATION,-0.036227334290742874,-0.002,0.03422733429074287,9
art_165,Mali,ORGANIZATION,-0.036227334290742874,-0.002,0.03422733429074287,9
art_165,Macron,PERSON,-0.006289516672647248,-0.002,0.004289516672647248,3
art_165,France,ORGANIZATION,-0.021879841398913413,-0.002,0.01987984139891341,3
art_165,task force,ORGANIZATION,0.013392397668212652,-0.002,0.015392397668212652,1
art_165,Takuba,ORGANIZATION,0.013392397668212652,-0.002,0.015392397668212652,1
art_165,Norway,ORGANIZATION,-0.000632863724604249,-0.002,0.001367136275395751,1
art_165,Hungary,ORGANIZATION,-0.000632863724604249,-0.002,0.001367136275395751,1
art_165,Portugal,ORGANIZATION,-0.000632863724604249,-0.002,0.001367136275395751,1
art_165,Romania,ORGANIZATION,-0.000632863724604249,-0.002,0.001367136275395751,1
art_165,Lithuania,ORGANIZATION,-0.000632863724604249,-0.002,0.001367136275395751,1
art_166,France,ORGANIZATION,-0.11708314138458162,-0.0107,0.10638314138458162,9
art_166,President,PERSON,-0.014166145624282459,-0.0107,0.0034661456242824594,3
art_166,Emmanuel Macron,PERSON,-0.019883905770257115,-0.0107,0.009183905770257116,2
art_166,France,ORGANIZATION,-0.11708314138458162,-0.0107,0.10638314138458162,9
art_166,France,ORGANIZATION,-0.11708314138458162,-0.0107,0.10638314138458162,9
art_166,3French FM,ORGANIZATION,-0.16056819027289748,-0.0107,0.1498681902728975,1
art_166,3Mali,ORGANIZATION,-0.16056819027289748,-0.0107,0.1498681902728975,1
art_166,France,ORGANIZATION,-0.11708314138458162,-0.0107,0.10638314138458162,9
art_166,Mali,ORGANIZATION,-0.10241779937314277,-0.0107,0.09171779937314277,18
art_166,France,ORGANIZATION,-0.11708314138458162,-0.0107,0.10638314138458162,9
art_166,France,ORGANIZATION,-0.11708314138458162,-0.0107,0.10638314138458162,9
art_166,Barkhane force,ORGANIZATION,-0.0031699971295893192,-0.0107,0.00753000287041068,1
art_166,Takuba European force,ORGANIZATION,-0.0031699971295893192,-0.0107,0.00753000287041068,1
art_166,Paris,ORGANIZATION,-0.0029233302921056747,-0.0107,0.007776669707894325,2
art_166,President,PERSON,-0.014166145624282459,-0.0107,0.0034661456242824594,3
art_166,Emmanuel Macron,PERSON,-0.019883905770257115,-0.0107,0.009183905770257116,2
art_166,France,ORGANIZATION,-0.11708314138458162,-0.0107,0.10638314138458162,9
art_166,France,ORGANIZATION,-0.11708314138458162,-0.0107,0.10638314138458162,9
art_166,Macron,PERSON,-0.008493405282414252,-0.0107,0.002206594717585747,7
art_166,Mali,ORGANIZATION,-0.10241779937314277,-0.0107,0.09171779937314277,18
art_166,Takuba force,ORGANIZATION,0.004319241183111444,-0.0107,0.015019241183111444,1
art_166,Foreign Minister,PERSON,0.0016028863501560409,-0.0107,0.01230288635015604,1
art_166,Abdoulaye Diop,PERSON,0.0016028863501560409,-0.0107,0.01230288635015604,1
art_166,Defence Minister,PERSON,0.0016028863501560409,-0.0107,0.01230288635015604,1
art_166,Colonel Sadio Camara,PERSON,0.0016028863501560409,-0.0107,0.01230288635015604,1
art_166,Mali,ORGANIZATION,-0.10241779937314277,-0.0107,0.09171779937314277,18
art_166,Diop,PERSON,0.012610189160113805,-0.0107,0.023310189160113806,2
art_166,Delina Goxho,PERSON,-0.0027953549288213253,-0.0107,0.007904645071178674,1
art_166,Al Jazeera,ORGANIZATION,-0.0027953549288213253,-0.0107,0.007904645071178674,1
art_166,Mali,ORGANIZATION,-0.10241779937314277,-0.0107,0.09171779937314277,18
art_166,Niger,ORGANIZATION,-0.043988327551051046,-0.0107,0.033288327551051045,5
art_166,Malian,ORGANIZATION,-0.09571121007320471,-0.0107,0.08501121007320471,2
art_166,Niger,ORGANIZATION,-0.043988327551051046,-0.0107,0.033288327551051045,5
art_166,Olivier Salgado,PERSON,-0.008372628130018711,-0.0107,0.0023273718699812884,1
art_166,UN,ORGANIZATION,-0.029097808737788,-0.0107,0.018397808737788,8
art_166,MINUSMA,ORGANIZATION,-0.008372628130018711,-0.0107,0.0023273718699812884,1
art_166,AFP,ORGANIZATION,-0.008372628130018711,-0.0107,0.0023273718699812884,1
art_166,UN,ORGANIZATION,-0.029097808737788,-0.0107,0.018397808737788,8
art_166,France,ORGANIZATION,-0.11708314138458162,-0.0107,0.10638314138458162,9
art_166,Barkhane,ORGANIZATION,-0.13204979355214164,-0.0107,0.12134979355214164,3
art_166,France,ORGANIZATION,-0.11708314138458162,-0.0107,0.10638314138458162,9
art_166,Macron,PERSON,-0.008493405282414252,-0.0107,0.002206594717585747,7
art_166,Macron,PERSON,-0.008493405282414252,-0.0107,0.002206594717585747,7
art_166,Russia,ORGANIZATION,-0.08358229673467577,-0.0107,0.07288229673467576,2
art_166,Macron,PERSON,-0.008493405282414252,-0.0107,0.002206594717585747,7
art_166,US,ORGANIZATION,-0.04033024298648039,-0.0107,0.02963024298648039,6
art_166,Macron,PERSON,-0.008493405282414252,-0.0107,0.002206594717585747,7
art_166,France,ORGANIZATION,-0.11708314138458162,-0.0107,0.10638314138458162,9
art_167,France,ORGANIZATION,-0.02601191495778039,-0.0325,0.006488085042219611,5
art_167,President,PERSON,-0.024933106401779998,-0.0325,0.007566893598220003,3
art_167,Emmanuel Macron,PERSON,-0.011433743755333126,-0.0325,0.021066256244666876,1
art_167,Macron,PERSON,-0.03491724628256634,-0.0325,0.0024172462825663363,5
art_167,France,ORGANIZATION,-0.02601191495778039,-0.0325,0.006488085042219611,5
art_167,Macron,PERSON,-0.03491724628256634,-0.0325,0.0024172462825663363,5
art_167,Operation Barkhane,ORGANIZATION,-0.04149079245689791,-0.0325,0.008990792456897906,1
art_167,Takuba Task Force,ORGANIZATION,-0.04149079245689791,-0.0325,0.008990792456897906,1
art_167,France,ORGANIZATION,-0.02601191495778039,-0.0325,0.006488085042219611,5
art_167,President,PERSON,-0.024933106401779998,-0.0325,0.007566893598220003,3
art_167,François Hollande,PERSON,-0.0006100284517742693,-0.0325,0.03188997154822573,1
art_167,Mali,ORGANIZATION,-0.03621839785612085,-0.0325,0.003718397856120846,9
art_167,Wagner,ORGANIZATION,-0.07219079819333274,-0.0325,0.03969079819333274,1
art_167,President,PERSON,-0.024933106401779998,-0.0325,0.007566893598220003,3
art_167,Macron,PERSON,-0.03491724628256634,-0.0325,0.0024172462825663363,5
art_167,France,ORGANIZATION,-0.02601191495778039,-0.0325,0.006488085042219611,5
art_167,France,ORGANIZATION,-0.02601191495778039,-0.0325,0.006488085042219611,5
art_167,Macron,PERSON,-0.03491724628256634,-0.0325,0.0024172462825663363,5
art_168,Macron,PERSON,-0.04686699494413915,-0.0205,0.02636699494413915,4
art_168,France,ORGANIZATION,-0.08263305407793571,-0.0205,0.06213305407793571,6
art_168,President,PERSON,-0.05338358361041173,-0.0205,0.03288358361041173,2
art_168,Emmanuel Macron,PERSON,-0.00746223924215883,-0.0205,0.01303776075784117,1
art_168,Macron,PERSON,-0.04686699494413915,-0.0205,0.02636699494413915,4
art_168,Mali,ORGANIZATION,-0.10550818734359033,-0.0205,0.08500818734359032,13
art_168,Macron,PERSON,-0.04686699494413915,-0.0205,0.02636699494413915,4
art_168,France,ORGANIZATION,-0.08263305407793571,-0.0205,0.06213305407793571,6
art_168,Niger,ORGANIZATION,0.025131642516498687,-0.0205,0.04563164251649869,2
art_168,France,ORGANIZATION,-0.08263305407793571,-0.0205,0.06213305407793571,6
art_168,Sahel,ORGANIZATION,-0.023176130489446223,-0.0205,0.002676130489446222,4
art_168,Takuba Task Force,ORGANIZATION,0.01000795290019596,-0.0205,0.03050795290019596,1
art_168,Colonel,PERSON,-0.04696042579598725,-0.0205,0.026460425795987248,1
art_168,Souleymane Dembélé,PERSON,-0.04696042579598725,-0.0205,0.026460425795987248,1
art_168,France,ORGANIZATION,-0.08263305407793571,-0.0205,0.06213305407793571,6
art_168,France,ORGANIZATION,-0.08263305407793571,-0.0205,0.06213305407793571,6
art_168,Mali,ORGANIZATION,-0.10550818734359033,-0.0205,0.08500818734359032,13
art_168,Wagner,ORGANIZATION,0.044598812819458544,-0.0205,0.06509881281945855,2
art_168,CAR,ORGANIZATION,-0.001879952338640578,-0.0205,0.018620047661359423,1
art_168,BBC,ORGANIZATION,-0.05914784679771401,-0.0205,0.038647846797714006,4
art_168,Macron,PERSON,-0.04686699494413915,-0.0205,0.02636699494413915,4
art_168,BBC,ORGANIZATION,-0.05914784679771401,-0.0205,0.038647846797714006,4
art_168,Russia,ORGANIZATION,-0.0017711201217025518,-0.0205,0.01872887987829745,3
art_168,Wagner,ORGANIZATION,0.044598812819458544,-0.0205,0.06509881281945855,2
art_168,BBC,ORGANIZATION,-0.05914784679771401,-0.0205,0.038647846797714006,4
art_168,Mali,ORGANIZATION,-0.10550818734359033,-0.0205,0.08500818734359032,13
art_168,Western,ORGANIZATION,-0.06390607147477567,-0.0205,0.04340607147477567,3
art_168,Beverly Ochieng,PERSON,-0.10309744765982032,-0.0205,0.08259744765982031,1
art_168,BBC,ORGANIZATION,-0.05914784679771401,-0.0205,0.038647846797714006,4
art_168,al-Qaeda,ORGANIZATION,-0.030196815263479948,-0.0205,0.009696815263479947,2
art_168,Islamic State,ORGANIZATION,-0.04416646622121334,-0.0205,0.02366646622121334,1
art_168,Mali,ORGANIZATION,-0.10550818734359033,-0.0205,0.08500818734359032,13
art_168,France,ORGANIZATION,-0.08263305407793571,-0.0205,0.06213305407793571,6
art_168,West,ORGANIZATION,-0.053368165681604296,-0.0205,0.03286816568160429,4
art_168,Western,ORGANIZATION,-0.06390607147477567,-0.0205,0.04340607147477567,3
art_168,Mali,ORGANIZATION,-0.10550818734359033,-0.0205,0.08500818734359032,13
art_168,al-Qaeda,ORGANIZATION,-0.030196815263479948,-0.0205,0.009696815263479947,2
art_168,Mali,ORGANIZATION,-0.10550818734359033,-0.0205,0.08500818734359032,13
art_168,Ivory,ORGANIZATION,-0.09930492797866464,-0.0205,0.07880492797866463,1
art_168,President,PERSON,-0.05338358361041173,-0.0205,0.03288358361041173,2
art_168,Alassane Ouattara,PERSON,-0.09930492797866464,-0.0205,0.07880492797866463,1
art_168,Ouattara,PERSON,0.027916779508814216,-0.0205,0.04841677950881422,2
art_169,Reuters,ORGANIZATION,-0.017195238266140223,-0.0343,0.017104761733859775,1
art_169,France,ORGANIZATION,-0.0984616200439632,-0.0343,0.0641616200439632,7
art_169,Paris',ORGANIZATION,-0.017195238266140223,-0.0343,0.017104761733859775,1
art_169,France,ORGANIZATION,-0.0984616200439632,-0.0343,0.0641616200439632,7
art_169,jihadists,PERSON,-0.05761491064913571,-0.0343,0.02331491064913571,2
art_169,al Qaeda,ORGANIZATION,-0.0980345830321312,-0.0343,0.0637345830321312,1
art_169,Islamic State,ORGANIZATION,-0.0980345830321312,-0.0343,0.0637345830321312,1
art_169,Emmanuel Macron,PERSON,-0.0980345830321312,-0.0343,0.0637345830321312,1
art_169,jihadists.But,PERSON,-0.0980345830321312,-0.0343,0.0637345830321312,1
art_169,France,ORGANIZATION,-0.0984616200439632,-0.0343,0.0641616200439632,7
art_169,Islamists,ORGANIZATION,-0.0980345830321312,-0.0343,0.0637345830321312,1
art_169,Macron,PERSON,-0.04912358181900345,-0.0343,0.01482358181900345,2
art_169,Paris,ORGANIZATION,-0.0006413024384528399,-0.0343,0.03365869756154716,3
art_169,Bamako,ORGANIZATION,-0.15157009389561912,-0.0343,0.11727009389561913,3
art_169,Souleymane Dembele,PERSON,-0.004283376038074493,-0.0343,0.030016623961925504,1
art_169,France,ORGANIZATION,-0.0984616200439632,-0.0343,0.0641616200439632,7
art_169,Sidiki Bagayoko,PERSON,-0.4332316673826426,-0.0343,0.39893166738264263,1
art_169,Housseini Guindo,PERSON,-0.4332316673826426,-0.0343,0.39893166738264263,1
art_169,Takuba special forces,ORGANIZATION,0.04063762887381017,-0.0343,0.07493762887381017,1
art_169,force,ORGANIZATION,0.0065475896844873205,-0.0343,0.04084758968448732,4
art_169,foreign minister,PERSON,0.04063762887381017,-0.0343,0.07493762887381017,1
art_169,Abdoulaye Diop,PERSON,0.04063762887381017,-0.0343,0.07493762887381017,1
art_169,Mali,ORGANIZATION,-0.009471122197282966,-0.0343,0.02482887780271703,8
art_169,Mali,ORGANIZATION,-0.009471122197282966,-0.0343,0.02482887780271703,8
art_169,Mali,ORGANIZATION,-0.009471122197282966,-0.0343,0.02482887780271703,8
art_169,Diop,PERSON,0.04063762887381017,-0.0343,0.07493762887381017,1
art_169,Takuba,ORGANIZATION,0.04063762887381017,-0.0343,0.07493762887381017,1
art_169,France,ORGANIZATION,-0.0984616200439632,-0.0343,0.0641616200439632,7
art_169,Niger,ORGANIZATION,-0.008410838592681102,-0.0343,0.025889161407318895,4
art_169,Niger,ORGANIZATION,-0.008410838592681102,-0.0343,0.025889161407318895,4
art_169,U.N.,ORGANIZATION,-0.009951313491910696,-0.0343,0.0243486865080893,1
art_169,MINUSMA,ORGANIZATION,0.019554706988856196,-0.0343,0.053854706988856194,1
art_169,European Union,ORGANIZATION,0.019554706988856196,-0.0343,0.053854706988856194,1
art_169,EUTM,ORGANIZATION,0.019554706988856196,-0.0343,0.053854706988856194,1
art_169,EUCAP,ORGANIZATION,0.019554706988856196,-0.0343,0.053854706988856194,1
art_169,Pascal Ianni,PERSON,0.019554706988856196,-0.0343,0.053854706988856194,1
art_169,Paris,ORGANIZATION,-0.0006413024384528399,-0.0343,0.03365869756154716,3
art_169,Mali,ORGANIZATION,-0.009471122197282966,-0.0343,0.02482887780271703,8
art_169,Paris,ORGANIZATION,-0.0006413024384528399,-0.0343,0.03365869756154716,3
art_170,France,ORGANIZATION,-0.1270417515347204,-0.009,0.1180417515347204,11
art_170,president,PERSON,-0.029536822126829065,-0.009,0.020536822126829064,4
art_170,Emmanuel Macron,PERSON,-0.01213063532486558,-0.009,0.0031306353248655803,1
art_170,France,ORGANIZATION,-0.1270417515347204,-0.009,0.1180417515347204,11
art_170,Macron,PERSON,-0.1323443722576485,-0.009,0.12334437225764851,8
art_170,France,ORGANIZATION,-0.1270417515347204,-0.009,0.1180417515347204,11
art_170,Socialist,ORGANIZATION,-0.059842795541044325,-0.009,0.050842795541044324,1
art_170,president,PERSON,-0.029536822126829065,-0.009,0.020536822126829064,4
art_170,François Hollande,PERSON,-0.059842795541044325,-0.009,0.050842795541044324,1
art_170,Macron,PERSON,-0.1323443722576485,-0.009,0.12334437225764851,8
art_170,Niger,ORGANIZATION,-0.1386304588134711,-0.009,0.1296304588134711,3
art_170,Macron,PERSON,-0.1323443722576485,-0.009,0.12334437225764851,8
art_170,Le Monde,ORGANIZATION,-0.03315469576045871,-0.009,0.024154695760458707,1
art_170,Mali,ORGANIZATION,-0.09393528290820541,-0.009,0.08493528290820541,16
art_170,France,ORGANIZATION,-0.1270417515347204,-0.009,0.1180417515347204,11
art_170,France,ORGANIZATION,-0.1270417515347204,-0.009,0.1180417515347204,11
art_170,Mali,ORGANIZATION,-0.09393528290820541,-0.009,0.08493528290820541,16
art_170,Wagner,ORGANIZATION,-0.031831350293941796,-0.009,0.022831350293941795,1
art_170,EU,ORGANIZATION,-0.03569705464906292,-0.009,0.02669705464906292,8
art_170,Mali,ORGANIZATION,-0.09393528290820541,-0.009,0.08493528290820541,16
art_170,Mali,ORGANIZATION,-0.09393528290820541,-0.009,0.08493528290820541,16
art_170,Souleymane Dembele,PERSON,-0.08576938440091908,-0.009,0.07676938440091909,1
art_170,France,ORGANIZATION,-0.1270417515347204,-0.009,0.1180417515347204,11
art_170,Macron,PERSON,-0.1323443722576485,-0.009,0.12334437225764851,8
art_170,al-Qaida,ORGANIZATION,-0.0027968808281002566,-0.009,0.006203119171899743,2
art_170,Islamic State,ORGANIZATION,0.005186942405998707,-0.009,0.014186942405998706,1
art_170,al-Qaida,ORGANIZATION,-0.0027968808281002566,-0.009,0.006203119171899743,2
art_170,IS,ORGANIZATION,-0.06191928173410071,-0.009,0.05291928173410071,22
art_170,Macron,PERSON,-0.1323443722576485,-0.009,0.12334437225764851,8
art_170,president,PERSON,-0.029536822126829065,-0.009,0.020536822126829064,4
art_170,Macky Sall,PERSON,-0.022325858706608415,-0.009,0.013325858706608415,1
art_170,France,ORGANIZATION,-0.1270417515347204,-0.009,0.1180417515347204,11
art_170,Macron,PERSON,-0.1323443722576485,-0.009,0.12334437225764851,8
art_170,France,ORGANIZATION,-0.1270417515347204,-0.009,0.1180417515347204,11
art_170,Macron,PERSON,-0.1323443722576485,-0.009,0.12334437225764851,8
art_170,France,ORGANIZATION,-0.1270417515347204,-0.009,0.1180417515347204,11
art_170,France,ORGANIZATION,-0.1270417515347204,-0.009,0.1180417515347204,11
art_170,United Nations,ORGANIZATION,-0.05008087260648608,-0.009,0.04108087260648608,1
art_170,UN,ORGANIZATION,-0.029426206625066696,-0.009,0.020426206625066695,10
art_170,European Union,ORGANIZATION,0.015378537180367857,-0.009,0.02437853718036786,1
art_170,EUTM,ORGANIZATION,0.015378537180367857,-0.009,0.02437853718036786,1
art_170,EUCAP,ORGANIZATION,0.015378537180367857,-0.009,0.02437853718036786,1
art_170,France,ORGANIZATION,-0.1270417515347204,-0.009,0.1180417515347204,11
art_170,Pascal Ianni,PERSON,0.07743699057027698,-0.009,0.08643699057027697,1
art_170,Paris,ORGANIZATION,0.022141147404909134,-0.009,0.031141147404909135,2
art_171,Xinhua,ORGANIZATION,-0.003447775263339281,-0.0069,0.003452224736660719,1
art_171,France,ORGANIZATION,-0.007039408490527421,-0.0069,0.00013940849052742135,5
art_171,Canada,ORGANIZATION,-0.017813784278890427,-0.0069,0.010913784278890427,3
art_171,French presidential office,ORGANIZATION,-0.003447775263339281,-0.0069,0.003452224736660719,1
art_171,Canada,ORGANIZATION,-0.017813784278890427,-0.0069,0.010913784278890427,3
art_171,European States,ORGANIZATION,-0.04814097691269126,-0.0069,0.041240976912691255,1
art_171,Task Force Takuba,ORGANIZATION,-0.024996788786666002,-0.0069,0.018096788786666002,2
art_171,France,ORGANIZATION,-0.007039408490527421,-0.0069,0.00013940849052742135,5
art_171,Canada,ORGANIZATION,-0.017813784278890427,-0.0069,0.010913784278890427,3
art_171,France,ORGANIZATION,-0.007039408490527421,-0.0069,0.00013940849052742135,5
art_171,Task Force Takuba,ORGANIZATION,-0.024996788786666002,-0.0069,0.018096788786666002,2
art_171,President,PERSON,-0.01855707203503698,-0.0069,0.011657072035036981,2
art_171,Emmanuel Macron,PERSON,-0.03366636880673468,-0.0069,0.02676636880673468,1
art_171,France,ORGANIZATION,-0.007039408490527421,-0.0069,0.00013940849052742135,5
art_171,Macron,PERSON,-0.0055073798866942525,-0.0069,0.0013926201133057474,2
art_171,Europe,ORGANIZATION,-0.007697435950831277,-0.0069,0.0007974359508312774,4
art_171,France,ORGANIZATION,-0.007039408490527421,-0.0069,0.00013940849052742135,5
art_171,France,ORGANIZATION,-0.007039408490527421,-0.0069,0.00013940849052742135,5
art_172,France,ORGANIZATION,-0.042277967741635315,-0.0842,0.04192203225836468,6
art_172,France,ORGANIZATION,-0.042277967741635315,-0.0842,0.04192203225836468,6
art_172,France,ORGANIZATION,-0.042277967741635315,-0.0842,0.04192203225836468,6
art_172,France,ORGANIZATION,-0.042277967741635315,-0.0842,0.04192203225836468,6
art_172,Takuba,ORGANIZATION,-0.04506843723356724,-0.0842,0.03913156276643276,2
art_172,President,PERSON,-0.035890787024982274,-0.0842,0.048309212975017723,2
art_172,Emmanuel Macron,PERSON,-0.08419954450801015,-0.0842,4.5549198984806694e-07,1
art_172,France,ORGANIZATION,-0.042277967741635315,-0.0842,0.04192203225836468,6
art_172,France,ORGANIZATION,-0.042277967741635315,-0.0842,0.04192203225836468,6
art_172,Macron,PERSON,-0.032426437304820865,-0.0842,0.05177356269517913,7
art_172,Macron,PERSON,-0.032426437304820865,-0.0842,0.05177356269517913,7
art_172,U.S.,ORGANIZATION,-0.018787633161991835,-0.0842,0.06541236683800816,1
art_172,Mali,ORGANIZATION,-0.02205317448048542,-0.0842,0.06214682551951457,6
art_172,France,ORGANIZATION,-0.042277967741635315,-0.0842,0.04192203225836468,6
art_172,Macron,PERSON,-0.032426437304820865,-0.0842,0.05177356269517913,7
art_172,France,ORGANIZATION,-0.042277967741635315,-0.0842,0.04192203225836468,6
art_172,Francois Hollande,PERSON,-0.02945233229547739,-0.0842,0.05474766770452261,1
art_172,Macron,PERSON,-0.032426437304820865,-0.0842,0.05177356269517913,7
art_172,Al-Qaeda,ORGANIZATION,-0.005937329959124327,-0.0842,0.07826267004087567,1
art_172,Islamic State,ORGANIZATION,-0.005937329959124327,-0.0842,0.07826267004087567,1
art_172,Takuba,ORGANIZATION,-0.04506843723356724,-0.0842,0.03913156276643276,2
art_172,Macron,PERSON,-0.032426437304820865,-0.0842,0.05177356269517913,7
art_172,President,PERSON,-0.035890787024982274,-0.0842,0.048309212975017723,2
art_172,Macky Sall,PERSON,0.012417970458045602,-0.0842,0.0966179704580456,1
art_172,Mali,ORGANIZATION,-0.02205317448048542,-0.0842,0.06214682551951457,6
art_172,EU,ORGANIZATION,-0.0242323461570777,-0.0842,0.0599676538429223,4
art_172,China,ORGANIZATION,0.012417970458045602,-0.0842,0.0966179704580456,1
art_172,Russia,ORGANIZATION,0.012417970458045602,-0.0842,0.0966179704580456,1
art_172,France,ORGANIZATION,-0.042277967741635315,-0.0842,0.04192203225836468,6
art_172,Colonel,PERSON,0.012417970458045602,-0.0842,0.0966179704580456,1
art_172,Pascal Ianni,PERSON,0.012417970458045602,-0.0842,0.0966179704580456,1
art_172,United Nations,ORGANIZATION,0.012417970458045602,-0.0842,0.0966179704580456,1
art_172,MINUSMA,ORGANIZATION,0.00685709819663316,-0.0842,0.09105709819663316,2
art_172,EUTM Mali,ORGANIZATION,0.012417970458045602,-0.0842,0.0966179704580456,1
art_172,EU,ORGANIZATION,-0.0242323461570777,-0.0842,0.0599676538429223,4
art_172,army.Mr,ORGANIZATION,0.012417970458045602,-0.0842,0.0966179704580456,1
art_172,Macron,PERSON,-0.032426437304820865,-0.0842,0.05177356269517913,7
art_172,France,ORGANIZATION,-0.042277967741635315,-0.0842,0.04192203225836468,6
art_172,MINUSMA,ORGANIZATION,0.00685709819663316,-0.0842,0.09105709819663316,2
art_172,Salgado,PERSON,0.0012962259352207184,-0.0842,0.08549622593522072,1
art_172,MINUSMA,ORGANIZATION,0.00685709819663316,-0.0842,0.09105709819663316,2
art_172,AFP,ORGANIZATION,0.0012962259352207184,-0.0842,0.08549622593522072,1
art_172,France,ORGANIZATION,-0.042277967741635315,-0.0842,0.04192203225836468,6
art_172,UN,ORGANIZATION,-0.02527634338475764,-0.0842,0.05892365661524236,5
art_172,Defence Minister,PERSON,0.0012962259352207184,-0.0842,0.08549622593522072,1
art_172,Christine Lambrecht,PERSON,0.0012962259352207184,-0.0842,0.08549622593522072,1
art_172,EUTM,ORGANIZATION,0.00685709819663316,-0.0842,0.09105709819663316,2
art_172,policy,PERSON,0.0012962259352207184,-0.0842,0.08549622593522072,1
art_172,chief,PERSON,0.00685709819663316,-0.0842,0.09105709819663316,2
art_172,Josep Borrell,PERSON,0.0012962259352207184,-0.0842,0.08549622593522072,1
art_172,Mali,ORGANIZATION,-0.02205317448048542,-0.0842,0.06214682551951457,6
art_172,France,ORGANIZATION,-0.042277967741635315,-0.0842,0.04192203225836468,6
art_172,Mali,ORGANIZATION,-0.02205317448048542,-0.0842,0.06214682551951457,6
art_172,Assimi Goita,PERSON,0.0012962259352207184,-0.0842,0.08549622593522072,1
art_173,France,ORGANIZATION,-0.024737491708947346,0.0047,0.029437491708947345,2
art_173,Paris,ORGANIZATION,-0.21983822050970048,0.0047,0.2245382205097005,1
art_173,Bamako,ORGANIZATION,-0.21983822050970048,0.0047,0.2245382205097005,1
art_173,Canada,ORGANIZATION,-0.036867232935037464,0.0047,0.04156723293503747,1
art_173,European States,ORGANIZATION,-0.036867232935037464,0.0047,0.04156723293503747,1
art_173,Task Force Takuba,ORGANIZATION,-0.036867232935037464,0.0047,0.04156723293503747,1
art_173,France,ORGANIZATION,-0.024737491708947346,0.0047,0.029437491708947345,2
art_173,Barkhane,ORGANIZATION,-0.036867232935037464,0.0047,0.04156723293503747,1
art_173,Takuba,ORGANIZATION,-0.036867232935037464,0.0047,0.04156723293503747,1
art_174,Trump,PERSON,-0.06174976403020661,-0.0011,0.06064976403020661,11
art_174,US,ORGANIZATION,-0.05222312051919289,-0.0011,0.05112312051919289,15
art_174,President Donald Trump,PERSON,0.0004278930136933923,-0.0011,0.0015278930136933923,1
art_174,US,ORGANIZATION,-0.05222312051919289,-0.0011,0.05112312051919289,15
art_174,UN,ORGANIZATION,-0.06045390450427393,-0.0011,0.059353904504273934,11
art_174,Barack Obama,PERSON,0.0004278930136933923,-0.0011,0.0015278930136933923,1
art_174,America,ORGANIZATION,0.04237665742402896,-0.0011,0.04347665742402896,4
art_174,US,ORGANIZATION,-0.05222312051919289,-0.0011,0.05112312051919289,15
art_174,Trump,PERSON,-0.06174976403020661,-0.0011,0.06064976403020661,11
art_174,US,ORGANIZATION,-0.05222312051919289,-0.0011,0.05112312051919289,15
art_174,Trump,PERSON,-0.06174976403020661,-0.0011,0.06064976403020661,11
art_174,US,ORGANIZATION,-0.05222312051919289,-0.0011,0.05112312051919289,15
art_174,US,ORGANIZATION,-0.05222312051919289,-0.0011,0.05112312051919289,15
art_174,Trump,PERSON,-0.06174976403020661,-0.0011,0.06064976403020661,11
art_174,US,ORGANIZATION,-0.05222312051919289,-0.0011,0.05112312051919289,15
art_174,#Trumphttps://t.co/Djgsa0L37lpic.twitter.com/3U8QhYsihZ,PERSON,-0.01567354053258896,-0.0011,0.014573540532588958,1
art_174,RT,ORGANIZATION,0.01318818323003749,-0.0011,0.01428818323003749,6
art_174,America,ORGANIZATION,0.04237665742402896,-0.0011,0.04347665742402896,4
art_174,RT_America,ORGANIZATION,-0.01641842385288328,-0.0011,0.015318423852883279,2
art_174,US,ORGANIZATION,-0.05222312051919289,-0.0011,0.05112312051919289,15
art_174,president,PERSON,0.0034294960787519813,-0.0011,0.0045294960787519815,3
art_174,France,ORGANIZATION,-0.0009918813593685627,-0.0011,0.00010811864063143737,1
art_174,Germany,ORGANIZATION,-0.0009918813593685627,-0.0011,0.00010811864063143737,1
art_174,Italy,ORGANIZATION,-0.0009918813593685627,-0.0011,0.00010811864063143737,1
art_174,Trump,PERSON,-0.06174976403020661,-0.0011,0.06064976403020661,11
art_174,President,PERSON,0.0034294960787519813,-0.0011,0.0045294960787519815,3
art_174,Emmanuel Macron,PERSON,0.02553413575515151,-0.0011,0.02663413575515151,1
art_174,Chancellor,PERSON,0.013002525200136006,-0.0011,0.014102525200136006,2
art_174,Angela Merkel,PERSON,0.013002525200136006,-0.0011,0.014102525200136006,2
art_174,Prime Minister,PERSON,0.02553413575515151,-0.0011,0.02663413575515151,1
art_174,Paolo Gentiloni,PERSON,0.02553413575515151,-0.0011,0.02663413575515151,1
art_174,Reuters,ORGANIZATION,0.0639885205309838,-0.0011,0.06508852053098381,2
art_174,US,ORGANIZATION,-0.05222312051919289,-0.0011,0.05112312051919289,15
art_174,Trump,PERSON,-0.06174976403020661,-0.0011,0.06064976403020661,11
art_174,US',ORGANIZATION,0.010044008493423462,-0.0011,0.011144008493423462,1
art_174,US,ORGANIZATION,-0.05222312051919289,-0.0011,0.05112312051919289,15
art_174,Trump,PERSON,-0.06174976403020661,-0.0011,0.06064976403020661,11
art_174,US,ORGANIZATION,-0.05222312051919289,-0.0011,0.05112312051919289,15
art_174,China,ORGANIZATION,0.020139985159039496,-0.0011,0.021239985159039496,5
art_174,US,ORGANIZATION,-0.05222312051919289,-0.0011,0.05112312051919289,15
art_174,China,ORGANIZATION,0.020139985159039496,-0.0011,0.021239985159039496,5
art_174,US,ORGANIZATION,-0.05222312051919289,-0.0011,0.05112312051919289,15
art_174,EU,ORGANIZATION,0.03021443559555337,-0.0011,0.031314435595553365,4
art_174,#Trump,PERSON,-0.01641842385288328,-0.0011,0.015318423852883279,2
art_174,RT,ORGANIZATION,0.01318818323003749,-0.0011,0.01428818323003749,6
art_174,America,ORGANIZATION,0.04237665742402896,-0.0011,0.04347665742402896,4
art_174,@RT_America,ORGANIZATION,-0.01641842385288328,-0.0011,0.015318423852883279,2
art_174,Mayor,PERSON,-0.0171633071731776,-0.0011,0.0160633071731776,1
art_174,Walsh,PERSON,-0.12467111534351716,-0.0011,0.12357111534351715,2
art_174,Trump,PERSON,-0.06174976403020661,-0.0011,0.06064976403020661,11
art_174,US,ORGANIZATION,-0.05222312051919289,-0.0011,0.05112312051919289,15
art_174,Republican,ORGANIZATION,-0.013099771924316883,-0.0011,0.011999771924316883,1
art_174,Washington Post,ORGANIZATION,-0.013099771924316883,-0.0011,0.011999771924316883,1
art_174,Trump,PERSON,-0.06174976403020661,-0.0011,0.06064976403020661,11
art_174,UN,ORGANIZATION,-0.06045390450427393,-0.0011,0.059353904504273934,11
art_174,Canada,ORGANIZATION,0.1024429053068161,-0.0011,0.1035429053068161,1
art_174,European Union,ORGANIZATION,0.1024429053068161,-0.0011,0.1035429053068161,1
art_174,China,ORGANIZATION,0.020139985159039496,-0.0011,0.021239985159039496,5
art_174,US,ORGANIZATION,-0.05222312051919289,-0.0011,0.05112312051919289,15
art_174,Reuters,ORGANIZATION,0.0639885205309838,-0.0011,0.06508852053098381,2
art_174,China,ORGANIZATION,0.020139985159039496,-0.0011,0.021239985159039496,5
art_174,Premier,PERSON,0.0004709146451205015,-0.0011,0.0015709146451205016,1
art_174,Li Keqiang,PERSON,0.0004709146451205015,-0.0011,0.0015709146451205016,1
art_174,Chancellor,PERSON,0.013002525200136006,-0.0011,0.014102525200136006,2
art_174,Angela Merkel,PERSON,0.013002525200136006,-0.0011,0.014102525200136006,2
art_174,Merkel,PERSON,0.009341131740560135,-0.0011,0.010441131740560135,3
art_175,Donald Trump,PERSON,-0.012029232583396757,-0.001,0.011029232583396758,3
art_175,US,ORGANIZATION,-0.06408234031769097,-0.001,0.06308234031769097,20
art_175,US,ORGANIZATION,-0.06408234031769097,-0.001,0.06308234031769097,20
art_175,President,PERSON,-0.003005895541718928,-0.001,0.002005895541718928,4
art_175,Donald Trump,PERSON,-0.012029232583396757,-0.001,0.011029232583396758,3
art_175,Trump,PERSON,-0.05217900193799453,-0.001,0.05117900193799453,14
art_175,Congress,ORGANIZATION,-0.01493056328035891,-0.001,0.01393056328035891,1
art_175,Republican,ORGANIZATION,-0.01493056328035891,-0.001,0.01393056328035891,1
art_175,Trump,PERSON,-0.05217900193799453,-0.001,0.05117900193799453,14
art_175,America,ORGANIZATION,-0.05697825519988934,-0.001,0.05597825519988934,3
art_175,US,ORGANIZATION,-0.06408234031769097,-0.001,0.06308234031769097,20
art_175,Trump,PERSON,-0.05217900193799453,-0.001,0.05117900193799453,14
art_175,US,ORGANIZATION,-0.06408234031769097,-0.001,0.06308234031769097,20
art_175,US,ORGANIZATION,-0.06408234031769097,-0.001,0.06308234031769097,20
art_175,Trump,PERSON,-0.05217900193799453,-0.001,0.05117900193799453,14
art_175,US,ORGANIZATION,-0.06408234031769097,-0.001,0.06308234031769097,20
art_175,Trump,PERSON,-0.05217900193799453,-0.001,0.05117900193799453,14
art_175,US,ORGANIZATION,-0.06408234031769097,-0.001,0.06308234031769097,20
art_175,Trump,PERSON,-0.05217900193799453,-0.001,0.05117900193799453,14
art_175,America,ORGANIZATION,-0.05697825519988934,-0.001,0.05597825519988934,3
art_175,Trump,PERSON,-0.05217900193799453,-0.001,0.05117900193799453,14
art_175,US,ORGANIZATION,-0.06408234031769097,-0.001,0.06308234031769097,20
art_175,US,ORGANIZATION,-0.06408234031769097,-0.001,0.06308234031769097,20
art_175,Barack Obama,PERSON,-0.029802637494867668,-0.001,0.028802637494867667,1
art_175,Trump,PERSON,-0.05217900193799453,-0.001,0.05117900193799453,14
art_175,US,ORGANIZATION,-0.06408234031769097,-0.001,0.06308234031769097,20
art_175,Obama,PERSON,-0.018574794332380407,-0.001,0.017574794332380406,2
art_175,Jean-Claude Juncker,PERSON,-0.010364882662543096,-0.001,0.009364882662543095,1
art_175,European Commission,ORGANIZATION,-0.010364882662543096,-0.001,0.009364882662543095,1
art_175,Trump,PERSON,-0.05217900193799453,-0.001,0.05117900193799453,14
art_175,Social Democratic,ORGANIZATION,-0.08697609358932823,-0.001,0.08597609358932823,1
art_175,Chancellor,PERSON,-0.0146551839861786,-0.001,0.013655183986178598,2
art_175,Angela Merkel,PERSON,-0.0146551839861786,-0.001,0.013655183986178598,2
art_175,US,ORGANIZATION,-0.06408234031769097,-0.001,0.06308234031769097,20
art_175,Europeans,PERSON,-0.08697609358932823,-0.001,0.08597609358932823,1
art_175,US,ORGANIZATION,-0.06408234031769097,-0.001,0.06308234031769097,20
art_175,Catherine McKenna,PERSON,-0.47789332550019026,-0.001,0.47689332550019026,1
art_175,environment minister,PERSON,-0.47789332550019026,-0.001,0.47689332550019026,1
art_175,US,ORGANIZATION,-0.06408234031769097,-0.001,0.06308234031769097,20
art_175,Paris,ORGANIZATION,-0.03595061451002645,-0.001,0.03495061451002645,15
art_175,Mayor,PERSON,0.00431290172127774,-0.001,0.00531290172127774,2
art_175,Anne Hidalgo,PERSON,-0.02135351483593695,-0.001,0.020353514835936948,1
art_175,US,ORGANIZATION,-0.06408234031769097,-0.001,0.06308234031769097,20
art_175,US,ORGANIZATION,-0.06408234031769097,-0.001,0.06308234031769097,20
art_175,Trump,PERSON,-0.05217900193799453,-0.001,0.05117900193799453,14
art_175,America,ORGANIZATION,-0.05697825519988934,-0.001,0.05597825519988934,3
art_175,China,ORGANIZATION,0.014919212087988853,-0.001,0.015919212087988854,2
art_175,US,ORGANIZATION,-0.06408234031769097,-0.001,0.06308234031769097,20
art_175,Li Keqiang,PERSON,0.02037652302533388,-0.001,0.021376523025333882,1
art_175,China,ORGANIZATION,0.014919212087988853,-0.001,0.015919212087988854,2
art_175,prime minister,PERSON,0.02037652302533388,-0.001,0.021376523025333882,1
art_175,EU,ORGANIZATION,-0.023177216706244508,-0.001,0.022177216706244507,4
art_175,Chancellor,PERSON,-0.0146551839861786,-0.001,0.013655183986178598,2
art_175,Angela Merkel,PERSON,-0.0146551839861786,-0.001,0.013655183986178598,2
art_175,Li,PERSON,-0.02193905339931677,-0.001,0.02093905339931677,19
art_175,Continental Europe,ORGANIZATION,-0.015744413598440588,-0.001,0.014744413598440587,1
art_175,Germany,ORGANIZATION,-0.05136025359388441,-0.001,0.05036025359388441,2
art_175,France,ORGANIZATION,-0.015744413598440588,-0.001,0.014744413598440587,1
art_175,Italy,ORGANIZATION,-0.015744413598440588,-0.001,0.014744413598440587,1
art_175,Donald Trump,PERSON,-0.012029232583396757,-0.001,0.011029232583396758,3
art_175,United States’,ORGANIZATION,-0.006150501954834908,-0.001,0.005150501954834908,1
art_175,Trump,PERSON,-0.05217900193799453,-0.001,0.05117900193799453,14
art_175,Washington,ORGANIZATION,0.036798966117203236,-0.001,0.037798966117203237,1
art_175,mayor,PERSON,0.00431290172127774,-0.001,0.00531290172127774,2
art_176,Trump,PERSON,-0.0815506809808807,0.0218,0.1033506809808807,17
art_176,President Donald Trump,PERSON,-0.05195614695549011,0.0218,0.07375614695549011,1
art_176,US,ORGANIZATION,-0.07985318876506592,0.0218,0.10165318876506592,11
art_176,White House,ORGANIZATION,-0.024822610605042428,0.0218,0.04662261060504243,4
art_176,Trump,PERSON,-0.0815506809808807,0.0218,0.1033506809808807,17
art_176,America,ORGANIZATION,-0.14291550065536285,0.0218,0.16471550065536283,4
art_176,Trump,PERSON,-0.0815506809808807,0.0218,0.1033506809808807,17
art_176,Trump,PERSON,-0.0815506809808807,0.0218,0.1033506809808807,17
art_176,Trump,PERSON,-0.0815506809808807,0.0218,0.1033506809808807,17
art_176,Trump,PERSON,-0.0815506809808807,0.0218,0.1033506809808807,17
art_176,Ivanka,PERSON,-0.17371720320079476,0.0218,0.19551720320079474,1
art_176,Trump,PERSON,-0.0815506809808807,0.0218,0.1033506809808807,17
art_176,White House,ORGANIZATION,-0.024822610605042428,0.0218,0.04662261060504243,4
art_176,Trump,PERSON,-0.0815506809808807,0.0218,0.1033506809808807,17
art_176,Trump,PERSON,-0.0815506809808807,0.0218,0.1033506809808807,17
art_176,Trump,PERSON,-0.0815506809808807,0.0218,0.1033506809808807,17
art_176,US,ORGANIZATION,-0.07985318876506592,0.0218,0.10165318876506592,11
art_176,France,ORGANIZATION,0.006370913237333298,0.0218,0.015429086762666702,1
art_176,Italy,ORGANIZATION,0.006370913237333298,0.0218,0.015429086762666702,1
art_176,Germany,ORGANIZATION,0.006370913237333298,0.0218,0.015429086762666702,1
art_176,US,ORGANIZATION,-0.07985318876506592,0.0218,0.10165318876506592,11
art_176,UN,ORGANIZATION,-0.13102924123450066,0.0218,0.15282924123450065,16
art_176,US,ORGANIZATION,-0.07985318876506592,0.0218,0.10165318876506592,11
art_176,White House,ORGANIZATION,-0.024822610605042428,0.0218,0.04662261060504243,4
art_176,Trump,PERSON,-0.0815506809808807,0.0218,0.1033506809808807,17
art_176,President,PERSON,-0.11270332072551052,0.0218,0.13450332072551052,6
art_176,White House,ORGANIZATION,-0.024822610605042428,0.0218,0.04662261060504243,4
art_176,Trump,PERSON,-0.0815506809808807,0.0218,0.1033506809808807,17
art_176,Obama,PERSON,-0.008144911378622055,0.0218,0.029944911378622055,1
art_176,Trump,PERSON,-0.0815506809808807,0.0218,0.1033506809808807,17
art_176,US,ORGANIZATION,-0.07985318876506592,0.0218,0.10165318876506592,11
art_176,United Nations’,ORGANIZATION,-0.2246197904460132,0.0218,0.2464197904460132,1
art_176,Trump,PERSON,-0.0815506809808807,0.0218,0.1033506809808807,17
art_176,United States,ORGANIZATION,-0.20397244743071496,0.0218,0.22577244743071495,5
art_176,United,ORGANIZATION,-0.20397244743071496,0.0218,0.22577244743071495,5
art_176,President,PERSON,-0.11270332072551052,0.0218,0.13450332072551052,6
art_176,Trump,PERSON,-0.0815506809808807,0.0218,0.1033506809808807,17
art_176,President,PERSON,-0.11270332072551052,0.0218,0.13450332072551052,6
art_176,China,ORGANIZATION,-0.2427350403741002,0.0218,0.2645350403741002,1
art_176,Trump,PERSON,-0.0815506809808807,0.0218,0.1033506809808807,17
art_176,Trump,PERSON,-0.0815506809808807,0.0218,0.1033506809808807,17
art_176,Trump,PERSON,-0.0815506809808807,0.0218,0.1033506809808807,17
art_176,President,PERSON,-0.11270332072551052,0.0218,0.13450332072551052,6
art_176,Trump,PERSON,-0.0815506809808807,0.0218,0.1033506809808807,17
art_176,West Wing,ORGANIZATION,-0.0989536889246665,0.0218,0.1207536889246665,1
art_176,Trump,PERSON,-0.0815506809808807,0.0218,0.1033506809808807,17
art_177,Trump,PERSON,-0.07111185581500952,0.0222,0.09331185581500952,12
art_177,US,ORGANIZATION,-0.06141760249567382,0.0222,0.08361760249567382,17
art_177,President Donald Trump,PERSON,-0.007881461235228926,0.0222,0.030081461235228927,1
art_177,US,ORGANIZATION,-0.06141760249567382,0.0222,0.08361760249567382,17
art_177,Trump,PERSON,-0.07111185581500952,0.0222,0.09331185581500952,12
art_177,US,ORGANIZATION,-0.06141760249567382,0.0222,0.08361760249567382,17
art_177,US,ORGANIZATION,-0.06141760249567382,0.0222,0.08361760249567382,17
art_177,Syria,ORGANIZATION,-0.2739621375221759,0.0222,0.2961621375221759,1
art_177,Nicaragua,ORGANIZATION,-0.2739621375221759,0.0222,0.2961621375221759,1
art_177,Trump,PERSON,-0.07111185581500952,0.0222,0.09331185581500952,12
art_177,Trump,PERSON,-0.07111185581500952,0.0222,0.09331185581500952,12
art_177,China,ORGANIZATION,-0.11364284157752991,0.0222,0.1358428415775299,1
art_177,India,ORGANIZATION,-0.11364284157752991,0.0222,0.1358428415775299,1
art_177,America,ORGANIZATION,-0.4282962746607761,0.0222,0.4504962746607761,3
art_177,United States,ORGANIZATION,0.012076785656972788,0.0222,0.010123214343027213,2
art_177,America,ORGANIZATION,-0.4282962746607761,0.0222,0.4504962746607761,3
art_177,BBC,ORGANIZATION,-0.030636828392744064,0.0222,0.05283682839274406,2
art_177,Rajini Vaidyanathan,PERSON,-0.021572865545749664,0.0222,0.04377286554574966,1
art_177,Trump,PERSON,-0.07111185581500952,0.0222,0.09331185581500952,12
art_177,US,ORGANIZATION,-0.06141760249567382,0.0222,0.08361760249567382,17
art_177,US,ORGANIZATION,-0.06141760249567382,0.0222,0.08361760249567382,17
art_177,Trump,PERSON,-0.07111185581500952,0.0222,0.09331185581500952,12
art_177,White House,ORGANIZATION,-0.012108627473935485,0.0222,0.03430862747393548,2
art_177,US,ORGANIZATION,-0.06141760249567382,0.0222,0.08361760249567382,17
art_177,President,PERSON,-0.08081321504349555,0.0222,0.10301321504349555,7
art_177,Barack Obama,PERSON,-0.011269592505414039,0.0222,0.033469592505414036,1
art_177,Trump,PERSON,-0.07111185581500952,0.0222,0.09331185581500952,12
art_177,Republican,ORGANIZATION,-0.01572556048631668,0.0222,0.03792556048631668,1
art_177,US,ORGANIZATION,-0.06141760249567382,0.0222,0.08361760249567382,17
art_177,Senate,ORGANIZATION,-0.1107292227097787,0.0222,0.1329292227097787,2
art_177,Majority Leader,PERSON,-0.01572556048631668,0.0222,0.03792556048631668,1
art_177,Mitch McConnell,PERSON,-0.01572556048631668,0.0222,0.03792556048631668,1
art_177,Trump,PERSON,-0.07111185581500952,0.0222,0.09331185581500952,12
art_177,Obama,PERSON,-0.01349757649586536,0.0222,0.03569757649586536,2
art_177,administration,ORGANIZATION,-0.009959652418425927,0.0222,0.03215965241842593,3
art_177,Senate Democratic,ORGANIZATION,-0.2057328849332407,0.0222,0.2279328849332407,1
art_177,Chuck Schumer,PERSON,-0.2057328849332407,0.0222,0.2279328849332407,1
art_177,France,ORGANIZATION,-0.0024641327327117324,0.0222,0.024664132732711733,1
art_177,Germany,ORGANIZATION,-0.0024641327327117324,0.0222,0.024664132732711733,1
art_177,Italy,ORGANIZATION,-0.0024641327327117324,0.0222,0.024664132732711733,1
art_177,Canada,ORGANIZATION,-0.6022561386635061,0.0222,0.6244561386635061,1
art_177,President,PERSON,-0.08081321504349555,0.0222,0.10301321504349555,7
art_177,Trump,PERSON,-0.07111185581500952,0.0222,0.09331185581500952,12
art_177,Environment Minister,PERSON,-0.6022561386635061,0.0222,0.6244561386635061,1
art_177,Catherine McKenna,PERSON,-0.6022561386635061,0.0222,0.6244561386635061,1
art_177,UK,ORGANIZATION,-0.2658885708078742,0.0222,0.2880885708078742,1
art_177,Prime Minister,PERSON,-0.2658885708078742,0.0222,0.2880885708078742,1
art_177,Theresa May,PERSON,-0.2658885708078742,0.0222,0.2880885708078742,1
art_177,Trump,PERSON,-0.07111185581500952,0.0222,0.09331185581500952,12
art_177,United Nations,ORGANIZATION,-0.5884695537388325,0.0222,0.6106695537388325,1
art_177,President of,PERSON,-0.04259672644548118,0.0222,0.06479672644548118,1
art_177,Hilda Heine,PERSON,-0.04259672644548118,0.0222,0.06479672644548118,1
art_177,Elon Musk,PERSON,-0.002883804263547063,0.0222,0.025083804263547064,1
art_177,Trump administration,ORGANIZATION,-0.007076698384480551,0.0222,0.029276698384480552,2
art_177,BBC,ORGANIZATION,-0.030636828392744064,0.0222,0.05283682839274406,2
art_177,Matt McGrath,PERSON,-0.039700791239738464,0.0222,0.06190079123973846,1
art_177,President,PERSON,-0.08081321504349555,0.0222,0.10301321504349555,7
art_177,Trump,PERSON,-0.07111185581500952,0.0222,0.09331185581500952,12
art_178,President Trump,PERSON,-0.1075653936713934,-0.0734,0.03416539367139339,1
art_178,Trump,PERSON,-0.12268171727579708,-0.0734,0.04928171727579707,15
art_178,Trump,PERSON,-0.12268171727579708,-0.0734,0.04928171727579707,15
art_178,Republican,ORGANIZATION,-0.048041476868093014,-0.0734,0.025358523131906993,2
art_178,Syria,ORGANIZATION,0.0003416219260543585,-0.0734,0.07374162192605437,1
art_178,Nicaragua,ORGANIZATION,0.0003416219260543585,-0.0734,0.07374162192605437,1
art_178,Trump,PERSON,-0.12268171727579708,-0.0734,0.04928171727579707,15
art_178,U.S.,ORGANIZATION,-0.03384753105153019,-0.0734,0.03955246894846982,6
art_178,Former,PERSON,0.02868377696722746,-0.0734,0.10208377696722747,3
art_178,President,PERSON,0.10058007944220056,-0.0734,0.17398007944220056,6
art_178,Barack Obama,PERSON,0.007330590393394232,-0.0734,0.08073059039339424,1
art_178,Trump,PERSON,-0.12268171727579708,-0.0734,0.04928171727579707,15
art_178,president,PERSON,0.10058007944220056,-0.0734,0.17398007944220056,6
art_178,Obama,PERSON,0.4461635802872479,-0.0734,0.5195635802872479,2
art_178,Sen.,PERSON,-0.0001320958836004138,-0.0734,0.0732679041163996,1
art_178,Bernie Sanders,PERSON,0.08113729953765869,-0.0734,0.1545372995376587,1
art_178,Trump,PERSON,-0.12268171727579708,-0.0734,0.04928171727579707,15
art_178,Vice President,PERSON,0.08113729953765869,-0.0734,0.1545372995376587,1
art_178,Al Gore,PERSON,0.08113729953765869,-0.0734,0.1545372995376587,1
art_178,Republican National Committee,ORGANIZATION,0.08113729953765869,-0.0734,0.1545372995376587,1
art_178,Chairwoman,PERSON,0.08113729953765869,-0.0734,0.1545372995376587,1
art_178,Ronna McDaniel,PERSON,0.08113729953765869,-0.0734,0.1545372995376587,1
art_178,Trump,PERSON,-0.12268171727579708,-0.0734,0.04928171727579707,15
art_178,president,PERSON,0.10058007944220056,-0.0734,0.17398007944220056,6
art_178,Trump,PERSON,-0.12268171727579708,-0.0734,0.04928171727579707,15
art_178,Twitter,ORGANIZATION,-0.6004164796322584,-0.0734,0.5270164796322584,1
art_178,U.S.,ORGANIZATION,-0.03384753105153019,-0.0734,0.03955246894846982,6
art_178,Premier,PERSON,-0.033891825936734676,-0.0734,0.03950817406326533,1
art_178,Li Keqiang,PERSON,-0.033891825936734676,-0.0734,0.03950817406326533,1
art_178,America,ORGANIZATION,0.03497733571566641,-0.0734,0.10837733571566642,5
art_178,Miguel Canete,PERSON,-0.05280544236302376,-0.0734,0.02059455763697625,1
art_178,European Union,ORGANIZATION,-0.05280544236302376,-0.0734,0.02059455763697625,1
art_178,EU,ORGANIZATION,-0.05280544236302376,-0.0734,0.02059455763697625,1
art_178,U.S.,ORGANIZATION,-0.03384753105153019,-0.0734,0.03955246894846982,6
art_178,Trump,PERSON,-0.12268171727579708,-0.0734,0.04928171727579707,15
art_178,Trump,PERSON,-0.12268171727579708,-0.0734,0.04928171727579707,15
art_178,United Nations,ORGANIZATION,-0.02297038771212101,-0.0734,0.050429612287879,1
art_178,Trump,PERSON,-0.12268171727579708,-0.0734,0.04928171727579707,15
art_178,Trump,PERSON,-0.12268171727579708,-0.0734,0.04928171727579707,15
art_178,Trump,PERSON,-0.12268171727579708,-0.0734,0.04928171727579707,15
art_178,Steve Bannon,PERSON,0.000660185469314456,-0.0734,0.07406018546931446,1
art_178,EPA,ORGANIZATION,0.000660185469314456,-0.0734,0.07406018546931446,1
art_178,Administrator,PERSON,0.000660185469314456,-0.0734,0.07406018546931446,1
art_178,Scott Pruitt,PERSON,0.000660185469314456,-0.0734,0.07406018546931446,1
art_178,Trump,PERSON,-0.12268171727579708,-0.0734,0.04928171727579707,15
art_178,Ivanka,PERSON,-0.010063173598609865,-0.0734,0.06333682640139014,1
art_178,Apple,ORGANIZATION,-0.00371007202193141,-0.0734,0.0696899279780686,1
art_178,Tim Cook,PERSON,-0.00371007202193141,-0.0734,0.0696899279780686,1
art_178,Tesla,ORGANIZATION,-0.00371007202193141,-0.0734,0.0696899279780686,1
art_178,Elon Musk,PERSON,-0.00371007202193141,-0.0734,0.0696899279780686,1
art_178,Trump,PERSON,-0.12268171727579708,-0.0734,0.04928171727579707,15
art_178,Democratic,ORGANIZATION,-0.1569388855714351,-0.0734,0.08353888557143509,1
art_178,Tom Steyer,PERSON,-0.1569388855714351,-0.0734,0.08353888557143509,1
art_178,Americans,PERSON,-0.1569388855714351,-0.0734,0.08353888557143509,1
art_178,Trump,PERSON,-0.12268171727579708,-0.0734,0.04928171727579707,15
art_179,Reuters,ORGANIZATION,-0.026590281166136265,-0.0214,0.005190281166136266,1
art_179,President Donald Trump,PERSON,-0.026590281166136265,-0.0214,0.005190281166136266,1
art_179,United States,ORGANIZATION,0.18742743018083274,-0.0214,0.20882743018083275,2
art_179,America First,ORGANIZATION,-0.026590281166136265,-0.0214,0.005190281166136266,1
art_179,president,PERSON,-0.041365122131537646,-0.0214,0.019965122131537647,4
art_179,U.S.,ORGANIZATION,-0.017240551533177495,-0.0214,0.004159448466822504,6
art_179,U.S.,ORGANIZATION,-0.017240551533177495,-0.0214,0.004159448466822504,6
art_179,Trump,PERSON,-0.01619713949704809,-0.0214,0.005202860502951909,7
art_179,Trump,PERSON,-0.01619713949704809,-0.0214,0.005202860502951909,7
art_179,America,ORGANIZATION,-0.14020813844399527,-0.0214,0.11880813844399526,4
art_179,Trump,PERSON,-0.01619713949704809,-0.0214,0.005202860502951909,7
art_179,U.S.,ORGANIZATION,-0.017240551533177495,-0.0214,0.004159448466822504,6
art_179,Trump,PERSON,-0.01619713949704809,-0.0214,0.005202860502951909,7
art_179,Senate,ORGANIZATION,0.17609716206789017,-0.0214,0.19749716206789017,1
art_179,Majority Leader,PERSON,0.17609716206789017,-0.0214,0.19749716206789017,1
art_179,Mitch McConnell,PERSON,0.17609716206789017,-0.0214,0.19749716206789017,1
art_179,Trump,PERSON,-0.01619713949704809,-0.0214,0.005202860502951909,7
art_179,Obama administration,ORGANIZATION,0.17609716206789017,-0.0214,0.19749716206789017,1
art_179,U.S.,ORGANIZATION,-0.017240551533177495,-0.0214,0.004159448466822504,6
art_179,Trump,PERSON,-0.01619713949704809,-0.0214,0.005202860502951909,7
art_179,Democratic,ORGANIZATION,0.40144514152780175,-0.0214,0.4228451415278017,1
art_179,President,PERSON,-0.041365122131537646,-0.0214,0.019965122131537647,4
art_179,Barack Obama,PERSON,0.40144514152780175,-0.0214,0.4228451415278017,1
art_179,Obama,PERSON,0.28877115179784596,-0.0214,0.31017115179784593,2
art_179,China,ORGANIZATION,0.3425391248892993,-0.0214,0.36393912488929925,2
art_179,U.S.,PERSON,-0.017240551533177495,-0.0214,0.004159448466822504,6
art_179,President Trump,PERSON,-0.4105333387851715,-0.0214,0.38913333878517153,1
art_179,Environment Minister,PERSON,-0.12978201010264456,-0.0214,0.10838201010264456,1
art_179,Koichi Yamamoto,PERSON,-0.12978201010264456,-0.0214,0.10838201010264456,1
art_179,Chancellor,PERSON,-0.12978201010264456,-0.0214,0.10838201010264456,1
art_179,Angela Merkel,PERSON,-0.12978201010264456,-0.0214,0.10838201010264456,1
art_179,President,PERSON,-0.041365122131537646,-0.0214,0.019965122131537647,4
art_179,Emmanuel Macron,PERSON,-0.12978201010264456,-0.0214,0.10838201010264456,1
art_179,Prime Minister,PERSON,0.07692554907407612,-0.0214,0.09832554907407612,2
art_179,Paolo Gentiloni,PERSON,-0.12978201010264456,-0.0214,0.10838201010264456,1
art_179,U.S.,ORGANIZATION,-0.017240551533177495,-0.0214,0.004159448466822504,6
art_179,Prime Minister,PERSON,0.07692554907407612,-0.0214,0.09832554907407612,2
art_179,Justin Trudeau.A,PERSON,0.2836331082507968,-0.0214,0.30503310825079677,1
art_179,Premier,PERSON,0.2836331082507968,-0.0214,0.30503310825079677,1
art_179,Li Keqiang,PERSON,0.2836331082507968,-0.0214,0.30503310825079677,1
art_179,European Union,ORGANIZATION,0.2836331082507968,-0.0214,0.30503310825079677,1
art_179,China,ORGANIZATION,0.3425391248892993,-0.0214,0.36393912488929925,2
art_179,EU,ORGANIZATION,0.12852141354233027,-0.0214,0.14992141354233027,2
art_180,Trump,PERSON,-0.05807678650146247,-0.0591,0.0010232134985375327,9
art_180,US,ORGANIZATION,-0.027778185958595714,-0.0591,0.031321814041404286,16
art_180,US,ORGANIZATION,-0.027778185958595714,-0.0591,0.031321814041404286,16
art_180,President Donald Trump,PERSON,0.000627320958301425,-0.0591,0.059727320958301425,1
art_180,United States,ORGANIZATION,0.006733209302183241,-0.0591,0.06583320930218324,4
art_180,UN,ORGANIZATION,0.017417803554473303,-0.0591,0.0765178035544733,13
art_180,YouTube,ORGANIZATION,-0.10122103989124298,-0.0591,0.04212103989124298,3
art_180,US,ORGANIZATION,-0.027778185958595714,-0.0591,0.031321814041404286,16
art_180,Trump,PERSON,-0.05807678650146247,-0.0591,0.0010232134985375327,9
art_180,China,ORGANIZATION,-0.004716239869594574,-0.0591,0.054383760130405426,1
art_180,India,ORGANIZATION,-0.004716239869594574,-0.0591,0.054383760130405426,1
art_180,Trump,PERSON,-0.05807678650146247,-0.0591,0.0010232134985375327,9
art_180,YouTube,ORGANIZATION,-0.10122103989124298,-0.0591,0.04212103989124298,3
art_180,United,ORGANIZATION,0.006733209302183241,-0.0591,0.06583320930218324,4
art_180,Nicaragua,ORGANIZATION,0.0018557053990662098,-0.0591,0.06095570539906621,1
art_180,Syria,ORGANIZATION,0.0018557053990662098,-0.0591,0.06095570539906621,1
art_180,United States,ORGANIZATION,0.006733209302183241,-0.0591,0.06583320930218324,4
art_180,Britain,ORGANIZATION,-0.0035287837963551283,-0.0591,0.05557121620364487,1
art_180,Canada,ORGANIZATION,-0.0035287837963551283,-0.0591,0.05557121620364487,1
art_180,France,ORGANIZATION,-0.023503793054260314,-0.0591,0.035596206945739686,2
art_180,Germany,ORGANIZATION,-0.023503793054260314,-0.0591,0.035596206945739686,2
art_180,Italy,ORGANIZATION,-0.023503793054260314,-0.0591,0.035596206945739686,2
art_180,Japan,ORGANIZATION,-0.0035287837963551283,-0.0591,0.05557121620364487,1
art_180,UN,ORGANIZATION,0.017417803554473303,-0.0591,0.0765178035544733,13
art_180,Trump,PERSON,-0.05807678650146247,-0.0591,0.0010232134985375327,9
art_180,US,ORGANIZATION,-0.027778185958595714,-0.0591,0.031321814041404286,16
art_180,Trump,PERSON,-0.05807678650146247,-0.0591,0.0010232134985375327,9
art_180,America,ORGANIZATION,-0.24800240527838469,-0.0591,0.1889024052783847,1
art_180,Trump,PERSON,-0.05807678650146247,-0.0591,0.0010232134985375327,9
art_180,Europe,ORGANIZATION,-0.0434788023121655,-0.0591,0.015621197687834501,1
art_180,Germany,ORGANIZATION,-0.023503793054260314,-0.0591,0.035596206945739686,2
art_180,France,ORGANIZATION,-0.023503793054260314,-0.0591,0.035596206945739686,2
art_180,Italy,ORGANIZATION,-0.023503793054260314,-0.0591,0.035596206945739686,2
art_180,US,ORGANIZATION,-0.027778185958595714,-0.0591,0.031321814041404286,16
art_180,President,PERSON,-0.00854963914025575,-0.0591,0.05055036085974425,2
art_180,Emmanuel Macron,PERSON,-0.017726599238812923,-0.0591,0.041373400761187076,1
art_180,YouTube,ORGANIZATION,-0.10122103989124298,-0.0591,0.04212103989124298,3
art_180,Trump,PERSON,-0.05807678650146247,-0.0591,0.0010232134985375327,9
art_180,Prime Minister,PERSON,-0.09479735227068886,-0.0591,0.03569735227068886,1
art_180,Theresa May,PERSON,-0.09479735227068886,-0.0591,0.03569735227068886,1
art_180,Justin Trudeau,PERSON,-0.09479735227068886,-0.0591,0.03569735227068886,1
art_180,Trump,PERSON,-0.05807678650146247,-0.0591,0.0010232134985375327,9
art_180,US,ORGANIZATION,-0.027778185958595714,-0.0591,0.031321814041404286,16
art_180,Trudeau,PERSON,0.060415650747017935,-0.0591,0.11951565074701793,2
art_180,federal government,ORGANIZATION,-0.35487027835915796,-0.0591,0.295770278359158,2
art_180,Mayor,PERSON,0.12447267789199638,-0.0591,0.18357267789199638,3
art_180,Bill De Blasio,PERSON,0.01471848736400716,-0.0591,0.07381848736400716,1
art_180,federal government,ORGANIZATION,-0.35487027835915796,-0.0591,0.295770278359158,2
art_180,Trump,PERSON,-0.05807678650146247,-0.0591,0.0010232134985375327,9
art_180,Mayor,PERSON,0.12447267789199638,-0.0591,0.18357267789199638,3
art_180,Bill Peduto,PERSON,0.09950775248580612,-0.0591,0.1586077524858061,1
art_180,Mayor of,PERSON,0.25919179382617585,-0.0591,0.31829179382617584,1
art_180,Twitter,ORGANIZATION,-0.03749649366363883,-0.0591,0.02160350633636117,1
art_181,Donald Trump,PERSON,-0.03605465032160282,0.0262,0.06225465032160282,1
art_181,US,ORGANIZATION,0.06381650097137026,0.0262,0.03761650097137026,16
art_181,US,ORGANIZATION,0.06381650097137026,0.0262,0.03761650097137026,16
art_181,Syria,ORGANIZATION,-0.05991671048104763,0.0262,0.08611671048104763,1
art_181,Nicaragua,ORGANIZATION,-0.05991671048104763,0.0262,0.08611671048104763,1
art_181,US,ORGANIZATION,0.06381650097137026,0.0262,0.03761650097137026,16
art_181,US,ORGANIZATION,0.06381650097137026,0.0262,0.03761650097137026,16
art_181,White House,ORGANIZATION,0.001522175341960974,0.0262,0.024677824658039027,2
art_181,Trump,PERSON,-0.040344956324718496,0.0262,0.06654495632471849,7
art_181,Italy,ORGANIZATION,-0.04026925750076771,0.0262,0.06646925750076771,1
art_181,France,ORGANIZATION,-0.05945206538308412,0.0262,0.08565206538308412,2
art_181,Germany,ORGANIZATION,-0.04026925750076771,0.0262,0.06646925750076771,1
art_181,Trump,PERSON,-0.040344956324718496,0.0262,0.06654495632471849,7
art_181,Trump,PERSON,-0.040344956324718496,0.0262,0.06654495632471849,7
art_181,Trump,PERSON,-0.040344956324718496,0.0262,0.06654495632471849,7
art_181,Barack Obama,PERSON,-0.00015925616025924683,0.0262,0.026359256160259248,1
art_181,Former,PERSON,-0.020850564741219085,0.0262,0.04705056474121909,3
art_181,vice-president,PERSON,-0.02005891501903534,0.0262,0.04625891501903534,1
art_181,Al Gore,PERSON,-0.02005891501903534,0.0262,0.04625891501903534,1
art_181,Jeff Immelt,PERSON,-0.02005891501903534,0.0262,0.04625891501903534,1
art_181,CEO,PERSON,-0.02005891501903534,0.0262,0.04625891501903534,1
art_181,General Electric,ORGANIZATION,-0.02005891501903534,0.0262,0.04625891501903534,1
art_181,Trump,PERSON,-0.040344956324718496,0.0262,0.06654495632471849,7
art_181,George Gershwin,PERSON,-0.08653151150792837,0.0262,0.11273151150792837,1
art_181,US,ORGANIZATION,0.06381650097137026,0.0262,0.03761650097137026,16
art_181,US,ORGANIZATION,0.06381650097137026,0.0262,0.03761650097137026,16
art_181,US,ORGANIZATION,0.06381650097137026,0.0262,0.03761650097137026,16
art_181,Trump,PERSON,-0.040344956324718496,0.0262,0.06654495632471849,7
art_181,US,ORGANIZATION,0.06381650097137026,0.0262,0.03761650097137026,16
art_181,Climate Interactive,ORGANIZATION,0.016249319538474083,0.0262,0.009950680461525918,1
art_181,US,ORGANIZATION,0.06381650097137026,0.0262,0.03761650097137026,16
art_181,US,ORGANIZATION,0.06381650097137026,0.0262,0.03761650097137026,16
art_181,Christiana Figueres,PERSON,-0.04024165915325284,0.0262,0.06644165915325284,1
art_181,UN,ORGANIZATION,-0.013667951599927619,0.0262,0.03986795159992762,11
art_181,US,ORGANIZATION,0.06381650097137026,0.0262,0.03761650097137026,16
art_181,Prof,PERSON,0.006999099743552506,0.0262,0.019200900256447495,2
art_181,John Schellnhuber,PERSON,-0.002251120051369071,0.0262,0.028451120051369072,1
art_181,EU,ORGANIZATION,0.261808474897407,0.0262,0.235608474897407,2
art_181,Angela Merkel,PERSON,-0.002251120051369071,0.0262,0.028451120051369072,1
art_181,pope,PERSON,-0.002251120051369071,0.0262,0.028451120051369072,1
art_181,China,ORGANIZATION,0.5258680698461831,0.0262,0.49966806984618306,1
art_181,Europe,ORGANIZATION,0.5258680698461831,0.0262,0.49966806984618306,1
art_181,US,ORGANIZATION,0.06381650097137026,0.0262,0.03761650097137026,16
art_181,Trump,PERSON,-0.040344956324718496,0.0262,0.06654495632471849,7
art_181,President Trump,PERSON,-0.07863487326540053,0.0262,0.10483487326540053,1
art_181,Laurence Tubiana,PERSON,-0.07863487326540053,0.0262,0.10483487326540053,1
art_181,France,ORGANIZATION,-0.05945206538308412,0.0262,0.08565206538308412,2
art_182,Trump,PERSON,-0.11162437494091976,-0.0046,0.10702437494091976,13
art_182,US,PERSON,0.01770027156123888,-0.0046,0.02230027156123888,16
art_182,President,PERSON,-0.10777888333432202,-0.0046,0.10317888333432201,5
art_182,Donald Trump,PERSON,-0.0001188511960208416,-0.0046,0.004481148803979158,1
art_182,United,ORGANIZATION,-0.029222665703855455,-0.0046,0.024622665703855455,4
art_182,Trump,PERSON,-0.11162437494091976,-0.0046,0.10702437494091976,13
art_182,US,ORGANIZATION,0.01770027156123888,-0.0046,0.02230027156123888,16
art_182,Trump,PERSON,-0.11162437494091976,-0.0046,0.10702437494091976,13
art_182,United States,ORGANIZATION,-0.029222665703855455,-0.0046,0.024622665703855455,4
art_182,Trump,PERSON,-0.11162437494091976,-0.0046,0.10702437494091976,13
art_182,US,ORGANIZATION,0.01770027156123888,-0.0046,0.02230027156123888,16
art_182,Trump,PERSON,-0.11162437494091976,-0.0046,0.10702437494091976,13
art_182,Trump,PERSON,-0.11162437494091976,-0.0046,0.10702437494091976,13
art_182,Governor of,PERSON,-0.0028785811591660604,-0.0046,0.0017214188408339395,1
art_182,Jerry Brown,PERSON,-0.0028785811591660604,-0.0046,0.0017214188408339395,1
art_182,California,ORGANIZATION,-0.26151441316324053,-0.0046,0.25691441316324054,2
art_182,Brown,PERSON,-0.26151441316324053,-0.0046,0.25691441316324054,2
art_182,Trump,PERSON,-0.11162437494091976,-0.0046,0.10702437494091976,13
art_182,Trump,PERSON,-0.11162437494091976,-0.0046,0.10702437494091976,13
art_182,President,PERSON,-0.10777888333432202,-0.0046,0.10317888333432201,5
art_182,Barack Obama,PERSON,-0.018465052358806133,-0.0046,0.013865052358806133,1
art_182,Trump,ORGANIZATION,-0.11162437494091976,-0.0046,0.10702437494091976,13
art_182,Trump,PERSON,-0.11162437494091976,-0.0046,0.10702437494091976,13
art_182,Trump,PERSON,-0.11162437494091976,-0.0046,0.10702437494091976,13
art_182,Apple,ORGANIZATION,0.46243119332939386,-0.0046,0.46703119332939386,1
art_182,Google,ORGANIZATION,0.46243119332939386,-0.0046,0.46703119332939386,1
art_182,Facebook,ORGANIZATION,0.46243119332939386,-0.0046,0.46703119332939386,1
art_182,Gap,ORGANIZATION,0.46243119332939386,-0.0046,0.46703119332939386,1
art_182,Microsoft,ORGANIZATION,0.46243119332939386,-0.0046,0.46703119332939386,1
art_182,Unilever,ORGANIZATION,0.46243119332939386,-0.0046,0.46703119332939386,1
art_182,Republican,ORGANIZATION,-0.0014962651766836643,-0.0046,0.0031037348233163356,1
art_182,US Congress,ORGANIZATION,-0.0014962651766836643,-0.0046,0.0031037348233163356,1
art_182,Trump,PERSON,-0.11162437494091976,-0.0046,0.10702437494091976,13
art_182,House Speaker,PERSON,0.049024417996406555,-0.0046,0.053624417996406555,1
art_182,Paul Ryan,PERSON,0.049024417996406555,-0.0046,0.053624417996406555,1
art_182,America,ORGANIZATION,-0.13755530305206776,-0.0046,0.13295530305206776,2
art_182,Americans,PERSON,-0.13755530305206776,-0.0046,0.13295530305206776,2
art_182,Senate,ORGANIZATION,0.049024417996406555,-0.0046,0.053624417996406555,1
art_182,Majority Leader,PERSON,0.049024417996406555,-0.0046,0.053624417996406555,1
art_182,Mitch McConnell,PERSON,0.049024417996406555,-0.0046,0.053624417996406555,1
art_182,Trump,PERSON,-0.11162437494091976,-0.0046,0.10702437494091976,13
art_182,Trump,PERSON,-0.11162437494091976,-0.0046,0.10702437494091976,13
art_182,Obama,PERSON,0.015279682818800211,-0.0046,0.01987968281880021,2
art_182,US,ORGANIZATION,0.01770027156123888,-0.0046,0.02230027156123888,16
art_182,Michael Swaine,PERSON,-0.002337860089028254,-0.0046,0.0022621399109717458,1
art_182,Carnegie Endowment for International Peace,ORGANIZATION,-0.002337860089028254,-0.0046,0.0022621399109717458,1
art_182,Xinhua,ORGANIZATION,-0.04139192228709968,-0.0046,0.03679192228709968,3
art_182,Washington,ORGANIZATION,-0.016555384849198163,-0.0046,0.011955384849198163,2
art_182,Swaine,PERSON,-0.017218274137121625,-0.0046,0.012618274137121625,2
art_182,Trump,PERSON,-0.11162437494091976,-0.0046,0.10702437494091976,13
art_182,US,ORGANIZATION,0.01770027156123888,-0.0046,0.02230027156123888,16
art_182,United States,ORGANIZATION,-0.029222665703855455,-0.0046,0.024622665703855455,4
art_182,Trump,ORGANIZATION,-0.11162437494091976,-0.0046,0.10702437494091976,13
art_182,Xinhua,ORGANIZATION,-0.04139192228709968,-0.0046,0.03679192228709968,3
art_182,John Sterman,PERSON,0.005678835790604353,-0.0046,0.010278835790604353,1
art_182,MIT Sloan School of Management,ORGANIZATION,0.005678835790604353,-0.0046,0.010278835790604353,1
art_182,Sterman,PERSON,-0.03544835071079433,-0.0046,0.03084835071079433,2
art_182,Xinhua,ORGANIZATION,-0.04139192228709968,-0.0046,0.03679192228709968,3
art_182,US,ORGANIZATION,0.01770027156123888,-0.0046,0.02230027156123888,16
art_182,President Trump,PERSON,-0.2603146827314049,-0.0046,0.2557146827314049,2
art_182,Americans,PERSON,-0.13755530305206776,-0.0046,0.13295530305206776,2
art_182,President Trump,PERSON,-0.2603146827314049,-0.0046,0.2557146827314049,2
art_182,President Emeritus,PERSON,0.0003188523460266879,-0.0046,0.004918852346026688,1
art_182,Benedictine University,ORGANIZATION,0.0003188523460266879,-0.0046,0.004918852346026688,1
art_183,AFP,ORGANIZATION,-0.10024760221131146,-0.059,0.04124760221131146,1
art_183,White House,ORGANIZATION,-0.08502934942953289,-0.059,0.02602934942953289,4
art_183,Donald Trump,PERSON,-0.10024760221131146,-0.059,0.04124760221131146,1
art_183,Europe,ORGANIZATION,-0.042584954397170804,-0.059,0.016415045602829192,4
art_183,US,ORGANIZATION,-0.026511053325116843,-0.059,0.032488946674883154,18
art_183,United States,ORGANIZATION,-0.09977539295020203,-0.059,0.040775392950202036,3
art_183,Republican,ORGANIZATION,-0.14013486332260072,-0.059,0.08113486332260073,2
art_183,President,PERSON,-0.04186756070703268,-0.059,0.017132439292967316,2
art_183,Trump,PERSON,-0.1881214624020056,-0.059,0.12912146240200562,13
art_183,Scott Pruitt,PERSON,-0.2086755447089672,-0.059,0.1496755447089672,1
art_183,Pruitt,PERSON,-0.31099977921694516,-0.059,0.25199977921694516,5
art_183,Trump,PERSON,-0.1881214624020056,-0.059,0.12912146240200562,13
art_183,Environment Protection Agency,ORGANIZATION,-0.8220236063934863,-0.059,0.7630236063934863,1
art_183,Trump,PERSON,-0.1881214624020056,-0.059,0.12912146240200562,13
art_183,Trump,PERSON,-0.1881214624020056,-0.059,0.12912146240200562,13
art_183,Trump,PERSON,-0.1881214624020056,-0.059,0.12912146240200562,13
art_183,Pruitt,PERSON,-0.31099977921694516,-0.059,0.25199977921694516,5
art_183,White House,ORGANIZATION,-0.08502934942953289,-0.059,0.02602934942953289,4
art_183,press secretary,PERSON,-0.17384326504543424,-0.059,0.11484326504543424,1
art_183,Sean Spicer,PERSON,-0.17384326504543424,-0.059,0.11484326504543424,1
art_183,Pruitt,PERSON,-0.31099977921694516,-0.059,0.25199977921694516,5
art_183,United,ORGANIZATION,-0.09977539295020203,-0.059,0.040775392950202036,3
art_183,China,ORGANIZATION,-0.0721777343035986,-0.059,0.013177734303598601,3
art_183,Trump,PERSON,-0.1881214624020056,-0.059,0.12912146240200562,13
art_183,Republican,ORGANIZATION,-0.14013486332260072,-0.059,0.08113486332260073,2
art_183,Pruitt,PERSON,-0.31099977921694516,-0.059,0.25199977921694516,5
art_183,Washington,ORGANIZATION,-0.12931584403850138,-0.059,0.07031584403850138,3
art_183,Trump,PERSON,-0.1881214624020056,-0.059,0.12912146240200562,13
art_183,mayor,PERSON,-0.0204952172935009,-0.059,0.0385047827064991,2
art_183,Michael Bloomberg,PERSON,0.00534460274502635,-0.059,0.06434460274502635,1
art_183,Chancellor,PERSON,0.021664978470653296,-0.059,0.08066497847065329,1
art_183,Angela Merkel,PERSON,0.021664978470653296,-0.059,0.08066497847065329,1
art_183,EU,ORGANIZATION,-0.025786697757818427,-0.059,0.03321330224218157,6
art_183,Trump,PERSON,-0.1881214624020056,-0.059,0.12912146240200562,13
art_183,European Council,ORGANIZATION,-0.0004710727371275425,-0.059,0.058528927262872454,1
art_183,President,PERSON,-0.04186756070703268,-0.059,0.017132439292967316,2
art_183,Donald Tusk,PERSON,-0.0004710727371275425,-0.059,0.058528927262872454,1
art_183,EU,ORGANIZATION,-0.025786697757818427,-0.059,0.03321330224218157,6
art_183,China,ORGANIZATION,-0.0721777343035986,-0.059,0.013177734303598601,3
art_183,Premier,PERSON,-0.0004710727371275425,-0.059,0.058528927262872454,1
art_183,Li Keqiang,PERSON,-0.0004710727371275425,-0.059,0.058528927262872454,1
art_183,EU,ORGANIZATION,-0.025786697757818427,-0.059,0.03321330224218157,6
art_183,India,ORGANIZATION,-0.03281870565842837,-0.059,0.026181294341571626,2
art_183,environment minister,PERSON,-0.0030260831117630005,-0.059,0.055973916888236996,1
art_183,Harsh Vardhan,PERSON,-0.0030260831117630005,-0.059,0.055973916888236996,1
art_183,America,ORGANIZATION,-0.06261132820509374,-0.059,0.0036113282050937445,1
art_183,Trump,PERSON,-0.1881214624020056,-0.059,0.12912146240200562,13
art_183,UN,ORGANIZATION,-0.02630217773548793,-0.059,0.032697822264512066,16
art_183,China,ORGANIZATION,-0.0721777343035986,-0.059,0.013177734303598601,3
art_183,India,ORGANIZATION,-0.03281870565842837,-0.059,0.026181294341571626,2
art_183,Europe,ORGANIZATION,-0.042584954397170804,-0.059,0.016415045602829192,4
art_183,Trump,PERSON,-0.1881214624020056,-0.059,0.12912146240200562,13
art_183,EU,ORGANIZATION,-0.025786697757818427,-0.059,0.03321330224218157,6
art_183,commissioner,PERSON,-0.006045347428880632,-0.059,0.052954652571119365,1
art_183,Miguel Arias Canete,PERSON,-0.006045347428880632,-0.059,0.052954652571119365,1
art_183,Nicaragua,ORGANIZATION,-0.18942405469715595,-0.059,0.13042405469715596,1
art_183,Syria,ORGANIZATION,-0.18942405469715595,-0.059,0.13042405469715596,1
art_183,White House,ORGANIZATION,-0.08502934942953289,-0.059,0.02602934942953289,4
art_183,Trump,PERSON,-0.1881214624020056,-0.059,0.12912146240200562,13
art_183,Trump,PERSON,-0.1881214624020056,-0.059,0.12912146240200562,13
art_183,Trump,PERSON,-0.1881214624020056,-0.059,0.12912146240200562,13
art_183,Ivanka,PERSON,-0.09069425193592906,-0.059,0.03169425193592906,1
art_183,Washington,ORGANIZATION,-0.12931584403850138,-0.059,0.07031584403850138,3
art_184,President,PERSON,-0.0018345181597396731,-0.0368,0.034965481840260326,1
art_184,Donald Trump,PERSON,-0.0018345181597396731,-0.0368,0.034965481840260326,1
art_184,United States,ORGANIZATION,-0.05601724743610248,-0.0368,0.01921724743610248,2
art_184,United States,ORGANIZATION,-0.05601724743610248,-0.0368,0.01921724743610248,2
art_184,Trump,PERSON,-0.12078525199710081,-0.0368,0.08398525199710082,3
art_184,Trump,PERSON,-0.12078525199710081,-0.0368,0.08398525199710082,3
art_184,Barack Obama,PERSON,-0.25032126111909747,-0.0368,0.21352126111909747,1
art_185,India,ORGANIZATION,0.08923753854469396,0.1209,0.03166246145530603,6
art_185,China,ORGANIZATION,0.000942264508921653,0.1209,0.11995773549107834,4
art_185,Unite States',ORGANIZATION,0.030946901300922036,0.1209,0.08995309869907796,1
art_185,President,PERSON,0.06302207481348887,0.1209,0.05787792518651112,5
art_185,Donald Trump,PERSON,0.030946901300922036,0.1209,0.08995309869907796,1
art_185,America,ORGANIZATION,0.1439051826406891,0.1209,0.023005182640689112,12
art_185,China,ORGANIZATION,0.000942264508921653,0.1209,0.11995773549107834,4
art_185,India,ORGANIZATION,0.08923753854469396,0.1209,0.03166246145530603,6
art_185,India,ORGANIZATION,0.08923753854469396,0.1209,0.03166246145530603,6
art_185,President,PERSON,0.06302207481348887,0.1209,0.05787792518651112,5
art_185,Trump,PERSON,-0.06027737325868137,0.1209,0.18117737325868136,7
art_185,Barack Obama,PERSON,0.0338241714052856,0.1209,0.0870758285947144,1
art_185,U.S,ORGANIZATION,-0.030046716487656038,0.1209,0.15094671648765604,3
art_185,Trump,PERSON,-0.06027737325868137,0.1209,0.18117737325868136,7
art_185,China,ORGANIZATION,0.000942264508921653,0.1209,0.11995773549107834,4
art_185,India,ORGANIZATION,0.08923753854469396,0.1209,0.03166246145530603,6
art_185,Trump,PERSON,-0.06027737325868137,0.1209,0.18117737325868136,7
art_185,America,ORGANIZATION,0.1439051826406891,0.1209,0.023005182640689112,12
art_185,Trump,PERSON,-0.06027737325868137,0.1209,0.18117737325868136,7
art_185,America,ORGANIZATION,0.1439051826406891,0.1209,0.023005182640689112,12
art_185,Trump,PERSON,-0.06027737325868137,0.1209,0.18117737325868136,7
art_185,President,PERSON,0.06302207481348887,0.1209,0.05787792518651112,5
art_185,China,ORGANIZATION,0.000942264508921653,0.1209,0.11995773549107834,4
art_185,India,ORGANIZATION,0.08923753854469396,0.1209,0.03166246145530603,6
art_185,Trump,PERSON,-0.06027737325868137,0.1209,0.18117737325868136,7
art_185,United States,ORGANIZATION,-0.040158248506486416,0.1209,0.16105824850648642,3
art_185,President,PERSON,0.06302207481348887,0.1209,0.05787792518651112,5
art_185,America,ORGANIZATION,0.1439051826406891,0.1209,0.023005182640689112,12
art_185,Obama administration,ORGANIZATION,-0.04732824536040425,0.1209,0.16822824536040426,1
art_185,Obama,PERSON,-0.11134037363808602,0.1209,0.23224037363808603,4
art_185,America,ORGANIZATION,0.1439051826406891,0.1209,0.023005182640689112,12
art_185,President,PERSON,0.06302207481348887,0.1209,0.05787792518651112,5
art_185,Obama,PERSON,-0.11134037363808602,0.1209,0.23224037363808603,4
art_185,United,ORGANIZATION,-0.040158248506486416,0.1209,0.16105824850648642,3
art_185,of America,ORGANIZATION,0.33624305098783225,0.1209,0.21534305098783224,3
art_186,US,ORGANIZATION,-0.0624044603001411,0.0198,0.0822044603001411,11
art_186,President,PERSON,-0.003376983688212931,0.0198,0.023176983688212933,1
art_186,Donald Trump,PERSON,-0.003376983688212931,0.0198,0.023176983688212933,1
art_186,United States,ORGANIZATION,0.10061631095595658,0.0198,0.08081631095595658,5
art_186,India,ORGANIZATION,0.08241429245228776,0.0198,0.06261429245228776,9
art_186,United States,ORGANIZATION,0.10061631095595658,0.0198,0.08081631095595658,5
art_186,Trump,PERSON,-0.012179800600279123,0.0198,0.03197980060027912,2
art_186,US,ORGANIZATION,-0.0624044603001411,0.0198,0.0822044603001411,11
art_186,European Union,ORGANIZATION,0.0067666880786418915,0.0198,0.01303331192135811,1
art_186,Brazil,ORGANIZATION,0.0067666880786418915,0.0198,0.01303331192135811,1
art_186,India,ORGANIZATION,0.08241429245228776,0.0198,0.06261429245228776,9
art_186,US,ORGANIZATION,-0.0624044603001411,0.0198,0.0822044603001411,11
art_186,US,ORGANIZATION,-0.0624044603001411,0.0198,0.0822044603001411,11
art_186,US,ORGANIZATION,-0.0624044603001411,0.0198,0.0822044603001411,11
art_186,US,ORGANIZATION,-0.0624044603001411,0.0198,0.0822044603001411,11
art_186,US,ORGANIZATION,-0.0624044603001411,0.0198,0.0822044603001411,11
art_186,India,ORGANIZATION,0.08241429245228776,0.0198,0.06261429245228776,9
art_186,India,ORGANIZATION,0.08241429245228776,0.0198,0.06261429245228776,9
art_186,India,ORGANIZATION,0.08241429245228776,0.0198,0.06261429245228776,9
art_186,US,ORGANIZATION,-0.0624044603001411,0.0198,0.0822044603001411,11
art_186,India,ORGANIZATION,0.08241429245228776,0.0198,0.06261429245228776,9
art_186,India,ORGANIZATION,0.08241429245228776,0.0198,0.06261429245228776,9
art_186,United States,ORGANIZATION,0.03455348126590252,0.0198,0.014753481265902518,1
art_186,India,ORGANIZATION,0.08241429245228776,0.0198,0.06261429245228776,9
art_186,US,ORGANIZATION,-0.0624044603001411,0.0198,0.0822044603001411,11
art_186,Minister,PERSON,0.008757883799262345,0.0198,0.011042116200737657,1
art_186,Harshvardhan,PERSON,0.008757883799262345,0.0198,0.011042116200737657,1
art_186,Environment Minister,PERSON,0.008757883799262345,0.0198,0.011042116200737657,1
art_186,Twitter,ORGANIZATION,0.008757883799262345,0.0198,0.011042116200737657,1
art_186,India,ORGANIZATION,0.08241429245228776,0.0198,0.06261429245228776,9
art_187,China,ORGANIZATION,0.02225077177475517,0.0461,0.023849228225244833,6
art_187,US,ORGANIZATION,0.06354167041718028,0.0461,0.017441670417180283,7
art_187,Beijing,ORGANIZATION,-0.03402151167392731,0.0461,0.08012151167392731,1
art_187,China,ORGANIZATION,0.02225077177475517,0.0461,0.023849228225244833,6
art_187,US,ORGANIZATION,0.06354167041718028,0.0461,0.017441670417180283,7
art_187,President,PERSON,0.1613546452281298,0.0461,0.11525464522812981,2
art_187,Donald Trump,PERSON,0.1867978391237557,0.0461,0.1406978391237557,1
art_187,United States,ORGANIZATION,-0.012795635382644832,0.0461,0.058895635382644834,2
art_187,China,ORGANIZATION,0.02225077177475517,0.0461,0.023849228225244833,6
art_187,China,ORGANIZATION,0.02225077177475517,0.0461,0.023849228225244833,6
art_187,United States’,ORGANIZATION,-0.0006325140129774809,0.0461,0.04673251401297748,1
art_187,China,ORGANIZATION,0.02225077177475517,0.0461,0.023849228225244833,6
art_187,China,ORGANIZATION,0.02225077177475517,0.0461,0.023849228225244833,6
art_187,China,ORGANIZATION,0.02225077177475517,0.0461,0.023849228225244833,6
art_187,China,ORGANIZATION,0.02225077177475517,0.0461,0.023849228225244833,6
art_187,US,ORGANIZATION,0.06354167041718028,0.0461,0.017441670417180283,7
art_187,president,PERSON,0.1613546452281298,0.0461,0.11525464522812981,2
art_187,Barack Obama,PERSON,0.13591145133250393,0.0461,0.08981145133250393,1
art_187,President,PERSON,0.1613546452281298,0.0461,0.11525464522812981,2
art_187,Xi Jinping,PERSON,0.13591145133250393,0.0461,0.08981145133250393,1
art_188,United States Geological Survey,ORGANIZATION,-0.006960137223359197,-0.2318,0.2248398627766408,1
art_188,Burma,ORGANIZATION,-0.22762038292906558,-0.2318,0.004179617070934422,6
art_188,military government,ORGANIZATION,-0.27854572236537933,-0.2318,0.04674572236537933,1
art_188,Senior,PERSON,-0.11034384957747534,-0.2318,0.12145615042252467,1
art_188,Gen.,PERSON,-0.11034384957747534,-0.2318,0.12145615042252467,1
art_188,Min Aung Hlaing,PERSON,-0.000264622998656705,-0.2318,0.2315353770013433,1
art_188,Associated Press,ORGANIZATION,-0.000264622998656705,-0.2318,0.2315353770013433,1
art_188,Defense Minister,PERSON,-0.10997580958064646,-0.2318,0.12182419041935355,1
art_188,Phumtham Wechayachai,PERSON,-0.10997580958064646,-0.2318,0.12182419041935355,1
art_188,April Kanichawanakul,PERSON,0.04139689728617668,-0.2318,0.2731968972861767,1
art_188,AP,ORGANIZATION,-0.15029131809973884,-0.2318,0.08150868190026117,9
art_188,Fraser Morton,PERSON,-0.06253332737833261,-0.2318,0.1692666726216674,1
art_188,Germany,ORGANIZATION,-0.02357667894102633,-0.2318,0.20822332105897368,1
art_188,GFZ center,ORGANIZATION,-0.02357667894102633,-0.2318,0.20822332105897368,1
art_188,Prime Minister,PERSON,0.0048026281874626875,-0.2318,0.2366026281874627,1
art_188,Paetongtarn Shinawatra,PERSON,0.0048026281874626875,-0.2318,0.2366026281874627,1
art_188,Thailand,ORGANIZATION,-0.2626505109365098,-0.2318,0.030850510936509812,2
art_188,Department of Disaster Prevention,ORGANIZATION,0.0048026281874626875,-0.2318,0.2366026281874627,1
art_188,Facebook,ORGANIZATION,-0.08055959758348763,-0.2318,0.15124040241651238,1
art_188,Xinhua News Agency,ORGANIZATION,-0.014114718956989236,-0.2318,0.21768528104301077,1
art_189,National Centre for Seismology,ORGANIZATION,-0.14030684856697917,-0.0855,0.05480684856697916,1
art_189,NCS,ORGANIZATION,-0.0526625493184838,-0.0855,0.03283745068151621,4
art_189,NCS.Soil,ORGANIZATION,-0.002889177470933646,-0.0855,0.08261082252906636,1
art_189,Mishra,PERSON,-0.013014412157644983,-0.0855,0.07248558784235502,2
art_189,NCS,ORGANIZATION,-0.0526625493184838,-0.0855,0.03283745068151621,4
art_189,India,ORGANIZATION,-0.08737613070115913,-0.0855,0.0018761307011591205,2
art_189,NCS,ORGANIZATION,-0.0526625493184838,-0.0855,0.03283745068151621,4
art_189,NCS,ORGANIZATION,-0.0526625493184838,-0.0855,0.03283745068151621,4
art_190,General,PERSON,-0.02861616457812488,-0.1749,0.14628383542187512,1
art_190,Min Aung Hlaing,PERSON,-0.02861616457812488,-0.1749,0.14628383542187512,1
art_191,VCG,ORGANIZATION,-0.012024760653730482,-0.007,0.005024760653730482,1
art_191,China Earthquake Networks Center,ORGANIZATION,-0.012024760653730482,-0.007,0.005024760653730482,1
art_191,Chinese Foreign Ministry,ORGANIZATION,0.03069069335469976,-0.007,0.03769069335469976,1
art_191,Chinese Foreign Ministry,ORGANIZATION,0.03069069335469976,-0.007,0.03769069335469976,1
art_191,Guo Jiakun,PERSON,0.03069069335469976,-0.007,0.03769069335469976,1
art_191,Chinese Embassy,ORGANIZATION,0.013924567800131626,-0.007,0.020924567800131626,2
art_191,China Media Group,ORGANIZATION,0.009495606645941734,-0.007,0.016495606645941734,1
art_191,Xinhua News Agency,ORGANIZATION,-0.22624717018334195,-0.007,0.21924717018334194,1
art_191,Khit,ORGANIZATION,-0.22624717018334195,-0.007,0.21924717018334194,1
art_191,Thit,PERSON,-0.22624717018334195,-0.007,0.21924717018334194,1
art_191,Xinhua,ORGANIZATION,-0.18538688846941417,-0.007,0.17838688846941417,3
art_191,Wu Yutong,PERSON,0.00045453605707734823,-0.007,0.007454536057077348,1
art_191,Global Times,ORGANIZATION,-0.02554668128141202,-0.007,0.01854668128141202,4
art_191,Wu,PERSON,-0.011561027553398162,-0.007,0.004561027553398162,2
art_191,Kyaw Zay Yar Myat,PERSON,0.010784056270495057,-0.007,0.017784056270495056,2
art_191,Global Times,ORGANIZATION,-0.02554668128141202,-0.007,0.01854668128141202,4
art_191,Kyaw Zay Yar Myat,PERSON,0.010784056270495057,-0.007,0.017784056270495056,2
art_191,CMG,ORGANIZATION,-0.009415478736627847,-0.007,0.002415478736627847,1
art_191,China Earthquake Administration,ORGANIZATION,0.036340589402243495,-0.007,0.043340589402243494,1
art_191,Ruili,ORGANIZATION,0.03931352846848313,-0.007,0.04631352846848313,4
art_191,Global Times,ORGANIZATION,-0.02554668128141202,-0.007,0.01854668128141202,4
art_191,Ruili immigration border inspection station,ORGANIZATION,-0.0015324086416512728,-0.007,0.005467591358348727,1
art_191,Global Times,ORGANIZATION,-0.02554668128141202,-0.007,0.01854668128141202,4
art_191,China,ORGANIZATION,-0.015163929089404908,-0.007,0.008163929089404907,7
art_191,National Early Warning Center,ORGANIZATION,-0.020364846161101013,-0.007,0.013364846161101014,1
art_191,China,ORGANIZATION,-0.015163929089404908,-0.007,0.008163929089404907,7
art_191,Prime Minister,PERSON,-0.011556850047782063,-0.007,0.004556850047782063,1
art_191,Paetongtarn Shinawatra,PERSON,-0.011556850047782063,-0.007,0.004556850047782063,1
art_191,Xinhua,ORGANIZATION,-0.18538688846941417,-0.007,0.17838688846941417,3
art_191,Reuters,ORGANIZATION,-0.29771285341121256,-0.007,0.29071285341121256,1
art_191,Chinese Embassy,ORGANIZATION,0.013924567800131626,-0.007,0.020924567800131626,2
art_192,US Geological Survey,ORGANIZATION,-0.0010345596820116043,-0.0261,0.025065440317988397,1
art_192,Reuters,ORGANIZATION,-0.2282199835171923,-0.0261,0.2021199835171923,1
art_192,@kokomdy,PERSON,-0.017981160002818797,-0.0261,0.008118839997181205,1
art_192,AFP,ORGANIZATION,-0.02759928828527336,-0.0261,0.0014992882852733584,2
art_192,sudhakar,PERSON,-0.1933717617066577,-0.0261,0.1672717617066577,1
art_192,@naidusudhakar,PERSON,-0.1933717617066577,-0.0261,0.1672717617066577,1
art_192,@Aspa_ZunNaNuhttps,PERSON,-0.014284922683145851,-0.0261,0.01181507731685415,1
art_192,RT_India,ORGANIZATION,-0.025751169625436887,-0.0261,0.0003488303745631145,2
art_192,RT_India_news,ORGANIZATION,-0.025751169625436887,-0.0261,0.0003488303745631145,2
art_192,BNO News,ORGANIZATION,-0.03721741656772792,-0.0261,0.011117416567727922,1
art_192,@BNONews,ORGANIZATION,-0.03721741656772792,-0.0261,0.011117416567727922,1
art_192,Thai Prime Minister,PERSON,-0.03721741656772792,-0.0261,0.011117416567727922,1
art_192,Paetongtarn Shinawatra,PERSON,-0.03721741656772792,-0.0261,0.011117416567727922,1
art_192,AFP,ORGANIZATION,-0.02759928828527336,-0.0261,0.0014992882852733584,2
art_192,RT_India,ORGANIZATION,-0.025751169625436887,-0.0261,0.0003488303745631145,2
art_192,RT_India_news,ORGANIZATION,-0.025751169625436887,-0.0261,0.0003488303745631145,2
art_192,China Earthquake Administration,ORGANIZATION,-0.03721741656772792,-0.0261,0.011117416567727922,1
art_192,CEA,ORGANIZATION,-0.03721741656772792,-0.0261,0.011117416567727922,1
art_192,Prime Minister,PERSON,0.10662238503573462,-0.0261,0.13272238503573464,2
art_192,Narendra Modi,PERSON,0.25046218663919717,-0.0261,0.2765621866391972,1
art_192,New Delhi,ORGANIZATION,0.25046218663919717,-0.0261,0.2765621866391972,1
art_192,Modi,PERSON,0.12100185331655666,-0.0261,0.14710185331655667,2
art_193,United States Geological Survey,ORGANIZATION,-0.028187606920255348,-0.0345,0.006312393079744655,1
art_193,USGS,ORGANIZATION,-0.014326655873446725,-0.0345,0.020173344126553278,2
art_193,Myanmar,ORGANIZATION,-0.18644255144681665,-0.0345,0.15194255144681665,4
art_193,Min Aung Hlaing,PERSON,-0.07654180569807068,-0.0345,0.04204180569807067,1
art_193,Thailand,ORGANIZATION,-0.18213297175922585,-0.0345,0.14763297175922585,6
art_193,prime minister,PERSON,-0.35349564484204166,-0.0345,0.3189956448420417,2
art_193,Bangkok Metropolitan Administration,ORGANIZATION,-0.35923766338964924,-0.0345,0.32473766338964927,1
art_193,BBC,ORGANIZATION,-0.13713235318815956,-0.0345,0.10263235318815955,6
art_193,USGS,ORGANIZATION,-0.014326655873446725,-0.0345,0.020173344126553278,2
art_193,Myanmar,ORGANIZATION,-0.18644255144681665,-0.0345,0.15194255144681665,4
art_193,BBC,ORGANIZATION,-0.13713235318815956,-0.0345,0.10263235318815955,6
art_193,BBC,ORGANIZATION,-0.13713235318815956,-0.0345,0.10263235318815955,6
art_193,Montse Ferrer,PERSON,-0.024171129101887345,-0.0345,0.010328870898112658,1
art_193,director,PERSON,-0.024171129101887345,-0.0345,0.010328870898112658,1
art_193,East,ORGANIZATION,-0.1533168660632024,-0.0345,0.11881686606320241,3
art_193,Southeast Asia,ORGANIZATION,-0.024171129101887345,-0.0345,0.010328870898112658,1
art_193,Pacific,ORGANIZATION,-0.024171129101887345,-0.0345,0.010328870898112658,1
art_193,Amnesty International,ORGANIZATION,-0.024171129101887345,-0.0345,0.010328870898112658,1
art_193,BBC,ORGANIZATION,-0.13713235318815956,-0.0345,0.10263235318815955,6
art_193,Bui Thu,PERSON,0.010673096403479576,-0.0345,0.04517309640347958,1
art_193,BBC,ORGANIZATION,-0.13713235318815956,-0.0345,0.10263235318815955,6
art_193,BBC World Service,ORGANIZATION,0.010673096403479576,-0.0345,0.04517309640347958,1
art_193,Prime Minister,PERSON,-0.35349564484204166,-0.0345,0.3189956448420417,2
art_193,Paetongtarn Shinawatra,PERSON,-0.4141245599021204,-0.0345,0.3796245599021204,1
art_193,BBC Burmese,ORGANIZATION,0.05339931137859821,-0.0345,0.08789931137859822,1
art_194,Min Aung Hlaing,PERSON,-0.028319246834143996,-0.0523,0.023980753165856003,1
art_194,chief,PERSON,-0.028319246834143996,-0.0523,0.023980753165856003,1
art_194,Myanmar,ORGANIZATION,-0.2225877443351136,-0.0523,0.17028774433511362,9
art_194,Sai,PERSON,-0.00956550603379063,-0.0523,0.04273449396620937,14
art_194,Sai,PERSON,-0.00956550603379063,-0.0523,0.04273449396620937,14
art_194,Agence France-Presse,ORGANIZATION,0.39348101522773504,-0.0523,0.44578101522773506,1
art_194,Mohamed Riyas,PERSON,-0.08821591967716813,-0.0523,0.03591591967716813,1
art_194,director,PERSON,-0.08821591967716813,-0.0523,0.03591591967716813,1
art_194,International Rescue Committee,ORGANIZATION,-0.08821591967716813,-0.0523,0.03591591967716813,1
art_194,UN,ORGANIZATION,-0.18739797368471045,-0.0523,0.13509797368471044,12
art_194,secretary general,PERSON,0.5537664657458663,-0.0523,0.6060664657458663,1
art_194,António Guterres,PERSON,0.5537664657458663,-0.0523,0.6060664657458663,1
art_194,Myanmar,ORGANIZATION,-0.2225877443351136,-0.0523,0.17028774433511362,9
art_194,state TV,ORGANIZATION,-0.02206989750266075,-0.0523,0.030230102497339248,1
art_194,Myanmar,ORGANIZATION,-0.2225877443351136,-0.0523,0.17028774433511362,9
art_194,Khit Thit Media,ORGANIZATION,-0.24530433025211096,-0.0523,0.19300433025211094,1
art_195,United Nations,ORGANIZATION,-0.042407840490341187,-0.054,0.011592159509658813,1
art_195,Will Yeck,PERSON,-0.007759034284390509,-0.054,0.04624096571560949,1
art_195,US Geological Survey,ORGANIZATION,-0.007759034284390509,-0.054,0.04624096571560949,1
art_195,USGS,ORGANIZATION,-0.04273520939265533,-0.054,0.011264790607344671,3
art_195,USGS,ORGANIZATION,-0.04273520939265533,-0.054,0.011264790607344671,3
art_195,Rebecca Bell,PERSON,0.00021210717386566103,-0.054,0.05421210717386566,1
art_195,Imperial College London,ORGANIZATION,0.00021210717386566103,-0.054,0.05421210717386566,1
art_195,Science Media Centre,ORGANIZATION,-0.0019855280552292243,-0.054,0.052014471944770775,2
art_195,USGS,ORGANIZATION,-0.04273520939265533,-0.054,0.011264790607344671,3
art_195,Ian Watkinson,PERSON,-0.0041831632843241096,-0.054,0.04981683671567589,1
art_195,Department of Earth Sciences,ORGANIZATION,-0.0041831632843241096,-0.054,0.04981683671567589,1
art_195,Royal Holloway,ORGANIZATION,-0.0041831632843241096,-0.054,0.04981683671567589,1
art_195,University of London,ORGANIZATION,-0.0041831632843241096,-0.054,0.04981683671567589,1
art_195,Science Media Centre,ORGANIZATION,-0.0019855280552292243,-0.054,0.052014471944770775,2
art_195,Watkinson,PERSON,0.0002453115885145962,-0.054,0.054245311588514596,2
art_195,Myanmar,ORGANIZATION,-0.07917001560296437,-0.054,0.02517001560296437,12
art_196,CNN,ORGANIZATION,-0.33732215765242773,-0.1348,0.20252215765242773,3
art_196,CNN,ORGANIZATION,-0.33732215765242773,-0.1348,0.20252215765242773,3
art_196,CNN,ORGANIZATION,-0.33732215765242773,-0.1348,0.20252215765242773,3
art_196,Nang Aye Yin,PERSON,-0.03156513115391135,-0.1348,0.10323486884608865,1
art_196,Reuters,ORGANIZATION,-0.4433375436346978,-0.1348,0.30853754363469776,1
art_196,Myanmar,ORGANIZATION,-0.13200602083234117,-0.1348,0.0027939791676588333,5
art_196,Myanmar,ORGANIZATION,-0.13200602083234117,-0.1348,0.0027939791676588333,5
art_196,Junta,ORGANIZATION,-0.0651432859885972,-0.1348,0.0696567140114028,4
art_196,chief,PERSON,0.03560667810961604,-0.1348,0.17040667810961604,1
art_196,Min Aung Hlaing,PERSON,0.03560667810961604,-0.1348,0.17040667810961604,1
art_196,Singapore,ORGANIZATION,0.05050366558134556,-0.1348,0.18530366558134556,1
art_196,Malaysia,ORGANIZATION,0.05050366558134556,-0.1348,0.18530366558134556,1
art_196,India,ORGANIZATION,0.05050366558134556,-0.1348,0.18530366558134556,1
art_196,Russia,ORGANIZATION,0.05050366558134556,-0.1348,0.18530366558134556,1
art_197,Myanmar,ORGANIZATION,-0.2448830813737004,-0.402,0.15711691862629962,7
art_197,Red Cross,ORGANIZATION,-0.1018541764060501,-0.402,0.3001458235939499,2
art_197,Red Cross,ORGANIZATION,-0.1018541764060501,-0.402,0.3001458235939499,2
art_197,Songwut Wangpon,PERSON,-0.3954315986484289,-0.402,0.006568401351571107,1
art_197,Defense Minister,PERSON,-0.22849173960275948,-0.402,0.17350826039724054,1
art_197,Phumtham Wechayachai,PERSON,-0.22849173960275948,-0.402,0.17350826039724054,1
art_197,US Geological Survey,ORGANIZATION,-0.03281336271902546,-0.402,0.36918663728097456,1
art_197,Germany,ORGANIZATION,-0.03281336271902546,-0.402,0.36918663728097456,1
art_197,GFZ center,ORGANIZATION,-0.03281336271902546,-0.402,0.36918663728097456,1
art_197,geosciences,ORGANIZATION,-0.03281336271902546,-0.402,0.36918663728097456,1
art_197,City hall,ORGANIZATION,-0.379844531416893,-0.402,0.02215546858310702,1
art_197,Facebook,ORGANIZATION,-0.12300899683032185,-0.402,0.2789910031696782,1
art_197,The Paper,ORGANIZATION,0.02058834210038185,-0.402,0.4225883421003819,1
art_197,Thailand,ORGANIZATION,-0.34478986606700346,-0.402,0.057210133932996565,2
art_197,Department of Disaster Prevention,ORGANIZATION,-0.06814415100961924,-0.402,0.3338558489903808,1
art_197,Prime Minister,PERSON,-0.0005455529317259789,-0.402,0.40145444706827405,1
art_197,Paetongtarn Shinawatra,PERSON,-0.0005455529317259789,-0.402,0.40145444706827405,1
art_197,India,ORGANIZATION,0.16414665151387453,-0.402,0.5661466515138746,1
art_197,France,ORGANIZATION,0.16414665151387453,-0.402,0.5661466515138746,1
art_197,European Union,ORGANIZATION,0.16414665151387453,-0.402,0.5661466515138746,1
art_198,MRTV,ORGANIZATION,-0.13303063296189066,-0.2907,0.15766936703810935,2
art_198,AHA Centre,ORGANIZATION,0.016207036707783118,-0.2907,0.30690703670778313,1
art_198,Asean disaster response organisation,ORGANIZATION,0.016207036707783118,-0.2907,0.30690703670778313,1
art_198,India,ORGANIZATION,0.016207036707783118,-0.2907,0.30690703670778313,1
art_198,chief,PERSON,0.007280742589500733,-0.2907,0.29798074258950075,2
art_198,Senior General,PERSON,0.016207036707783118,-0.2907,0.30690703670778313,1
art_198,Min Aung Hlaing,PERSON,0.016207036707783118,-0.2907,0.30690703670778313,1
art_198,MRTV,ORGANIZATION,-0.13303063296189066,-0.2907,0.15766936703810935,2
art_198,United States Geological Survey,ORGANIZATION,-0.000756882771383971,-0.2907,0.28994311722861604,1
art_198,USGS,ORGANIZATION,-0.000756882771383971,-0.2907,0.28994311722861604,1
art_198,Zaw Min Tun,PERSON,0.06452268408611417,-0.2907,0.3552226840861142,1
art_198,Myanmar,ORGANIZATION,-0.3601179071352817,-0.2907,0.06941790713528168,5
art_198,US government,ORGANIZATION,-0.07915000262437388,-0.2907,0.21154999737562613,1
art_198,Mandalay General Hospital,ORGANIZATION,-0.8659328611101955,-0.2907,0.5752328611101956,1
art_198,Kyi Shwin,PERSON,-0.03648622551554581,-0.2907,0.2542137744844542,2
art_198,Kyi Shwin,PERSON,-0.03648622551554581,-0.2907,0.2542137744844542,2
art_198,Deputy,PERSON,-0.10814790311269462,-0.2907,0.1825520968873054,2
art_198,Prime Minister,PERSON,-0.2146502546966076,-0.2907,0.07604974530339242,1
art_198,Phumtham Wechayachai,PERSON,-0.2146502546966076,-0.2907,0.07604974530339242,1
art_198,Worapat Sukthai,PERSON,-0.0016455515287816525,-0.2907,0.28905444847121836,1
art_198,chief,PERSON,0.007280742589500733,-0.2907,0.29798074258950075,2
art_198,Yangon Times,ORGANIZATION,-0.5740352921420708,-0.2907,0.2833352921420708,1
art_198,Foreign Ministry,ORGANIZATION,-0.34716443880461156,-0.2907,0.05646443880461155,1
art_198,Ministry of Labour,ORGANIZATION,-0.34716443880461156,-0.2907,0.05646443880461155,1
art_198,permanent secretary,PERSON,-0.34716443880461156,-0.2907,0.05646443880461155,1
art_198,Ministry of Labour,ORGANIZATION,-0.34716443880461156,-0.2907,0.05646443880461155,1
art_199,Department of International Relations and Cooperation,ORGANIZATION,-0.030833572149276733,0.0519,0.08273357214927674,1
art_199,Clayson Monyela,PERSON,0.08952348696766421,0.0519,0.03762348696766421,1
art_199,AFP,ORGANIZATION,-0.17055073168012314,0.0519,0.22245073168012314,1
art_199,Monyela,PERSON,0.07460067755891941,0.0519,0.022700677558919413,2
art_199,South African Embassy,ORGANIZATION,0.05967786815017462,0.0519,0.007777868150174616,1
art_199,South African government,ORGANIZATION,0.08572915685363114,0.0519,0.03382915685363114,1
art_199,International Relations and Cooperation Minister,PERSON,0.12131790351122618,0.0519,0.06941790351122618,1
art_199,Ronald Lamola,PERSON,0.12131790351122618,0.0519,0.06941790351122618,1
art_199,South Africa,ORGANIZATION,-0.051644967123866084,0.0519,0.10354496712386609,5
art_200,Reuters,ORGANIZATION,-0.026188592601101846,-0.044,0.017811407398898152,2
art_200,Joanna Faure Walker,PERSON,0.000798512774053961,-0.044,0.04479851277405396,1
art_200,University College London.She,ORGANIZATION,0.000798512774053961,-0.044,0.04479851277405396,1
art_200,Bill McGuire,PERSON,-0.12418633978813887,-0.044,0.08018633978813887,1
art_200,UCL,ORGANIZATION,-0.12418633978813887,-0.044,0.08018633978813887,1
art_200,Roger Musson,PERSON,-0.012421875377185643,-0.044,0.031578124622814355,1
art_200,British Geological Survey,ORGANIZATION,-0.012421875377185643,-0.044,0.031578124622814355,1
art_200,Reuters,ORGANIZATION,-0.026188592601101846,-0.044,0.017811407398898152,2
art_200,United States Geological Survey,ORGANIZATION,0.0002780118375085294,-0.044,0.04427801183750853,1
art_200,USGS,ORGANIZATION,-0.033299039117991924,-0.044,0.010700960882008073,1
art_200,Myanmar,ORGANIZATION,-0.06222464778693393,-0.044,0.01822464778693393,4
art_200,Musson,PERSON,-0.03239293897058815,-0.044,0.01160706102941185,3
art_201,Burma,ORGANIZATION,-0.16469605715828947,-0.3985,0.23380394284171055,5
art_201,U.N.,ORGANIZATION,-0.5780268346425146,-0.3985,0.17952683464251457,2
art_201,World Health Organization,ORGANIZATION,-0.6315016248263419,-0.3985,0.23300162482634185,1
art_201,Reuters,ORGANIZATION,-0.06938832113519311,-0.3985,0.3291116788648069,1
art_201,Elena Vuolo,PERSON,-0.021179135976126418,-0.3985,0.3773208640238736,1
art_201,WHO,ORGANIZATION,-0.021179135976126418,-0.3985,0.3773208640238736,1
art_201,Titon Mitra,PERSON,-0.021660744678229094,-0.3985,0.3768392553217709,1
art_201,Burma,ORGANIZATION,-0.16469605715828947,-0.3985,0.23380394284171055,5
art_201,Nations Development,ORGANIZATION,-0.021660744678229094,-0.3985,0.3768392553217709,1
art_201,Myanmar,ORGANIZATION,-0.14012494031339884,-0.3985,0.2583750596866012,1
art_201,Aung,PERSON,-0.14012494031339884,-0.3985,0.2583750596866012,1
art_201,San,ORGANIZATION,-0.4788974323309958,-0.3985,0.08039743233099578,3
art_201,Suu Kyi,PERSON,-0.14012494031339884,-0.3985,0.2583750596866012,1
art_201,U.N.,ORGANIZATION,-0.5780268346425146,-0.3985,0.17952683464251457,2
art_201,Gov.,PERSON,-0.0012925956398248672,-0.3985,0.39720740436017515,1
art_201,Chadchart Sittipunt,PERSON,0.00043094251304864883,-0.3985,0.39893094251304867,1
art_201,FOX NEWS,ORGANIZATION,-0.7581291961250827,-0.3985,0.35962919612508265,1
art_203,chief,PERSON,0.018793826864566654,0.0133,0.005493826864566655,2
art_203,Min Aung Hlaing,PERSON,-0.18552634306252003,0.0133,0.19882634306252003,2
art_203,Association of Southeast Asian Nations,ORGANIZATION,-0.2316787822637707,0.0133,0.2449787822637707,1
art_203,Senior General,PERSON,-0.3843572773039341,0.0133,0.3976572773039341,1
art_203,Min Aung Hlaing,PERSON,-0.18552634306252003,0.0133,0.19882634306252003,2
art_204,Guixing Rescue Team,ORGANIZATION,0.1335959262214601,0.2661,0.1325040737785399,1
art_204,China,ORGANIZATION,0.13833342712182042,0.2661,0.12776657287817958,11
art_204,China International Development Cooperation Agency,ORGANIZATION,0.1335959262214601,0.2661,0.1325040737785399,1
art_204,CIDCA,ORGANIZATION,0.24176539038307965,0.2661,0.024334609616920355,3
art_204,China,ORGANIZATION,0.13833342712182042,0.2661,0.12776657287817958,11
art_204,China,ORGANIZATION,0.13833342712182042,0.2661,0.12776657287817958,11
art_204,Xinhua News Agency,ORGANIZATION,0.2969807591289282,0.2661,0.03088075912892818,1
art_204,Golden Country Hotel,ORGANIZATION,0.023205332458019257,0.2661,0.24289466754198075,1
art_204,Myanmar,ORGANIZATION,0.08867541837066205,0.2661,0.17742458162933794,9
art_204,Li Ming,PERSON,0.42865453101694584,0.2661,0.16255453101694584,1
art_204,CIDCA,ORGANIZATION,0.24176539038307965,0.2661,0.024334609616920355,3
art_204,China,ORGANIZATION,0.13833342712182042,0.2661,0.12776657287817958,11
art_204,Li,PERSON,0.17339041304593492,0.2661,0.09270958695406509,9
art_204,China,ORGANIZATION,0.13833342712182042,0.2661,0.12776657287817958,11
art_204,Li,PERSON,0.17339041304593492,0.2661,0.09270958695406509,9
art_204,China Foundation for Rural Development,ORGANIZATION,0.12395190505776554,0.2661,0.14214809494223446,1
art_204,CFRD,ORGANIZATION,0.12395190505776554,0.2661,0.14214809494223446,1
art_204,Nay Pu Town,ORGANIZATION,0.12395190505776554,0.2661,0.14214809494223446,1
art_204,Aung Thuka Temple,ORGANIZATION,0.12395190505776554,0.2661,0.14214809494223446,1
art_204,Global Times,ORGANIZATION,0.1712674722657539,0.2661,0.09483252773424611,2
art_204,Global Times,ORGANIZATION,0.1712674722657539,0.2661,0.09483252773424611,2
art_204,China,ORGANIZATION,0.13833342712182042,0.2661,0.12776657287817958,11
art_204,CIDCA,ORGANIZATION,0.24176539038307965,0.2661,0.024334609616920355,3
art_204,Red Cross Society of China,ORGANIZATION,0.22554945875890553,0.2661,0.04055054124109447,1
art_204,China,ORGANIZATION,0.13833342712182042,0.2661,0.12776657287817958,11
art_204,Myanmar,ORGANIZATION,0.08867541837066205,0.2661,0.17742458162933794,9
art_204,Li,PERSON,0.17339041304593492,0.2661,0.09270958695406509,9
art_204,Myanmar,ORGANIZATION,0.08867541837066205,0.2661,0.17742458162933794,9
art_205,MRTV,ORGANIZATION,0.06424084943137132,-0.029,0.09324084943137131,2
art_205,Myanmar,ORGANIZATION,-0.1579769854542974,-0.029,0.1289769854542974,8
art_205,prime minister,PERSON,-0.013856554840458557,-0.029,0.015143445159541444,1
art_205,Min Aung Hlaing,PERSON,-0.013856554840458557,-0.029,0.015143445159541444,1
art_205,MRTV,ORGANIZATION,0.06424084943137132,-0.029,0.09324084943137131,2
art_205,RT_India,ORGANIZATION,-0.024736647988902405,-0.029,0.004263352011097597,1
art_205,@RT_India_news,ORGANIZATION,-0.024736647988902405,-0.029,0.004263352011097597,1
art_205,RT,ORGANIZATION,-0.05942294329967505,-0.029,0.030422943299675046,6
art_205,@RT_com,ORGANIZATION,-0.33019612228963524,-0.029,0.3011961222896352,1
art_205,Russia,ORGANIZATION,-0.09615689778001979,-0.029,0.06715689778001979,2
art_205,Emergencies Ministry,ORGANIZATION,-0.33019612228963524,-0.029,0.3011961222896352,1
art_205,Myanmar,ORGANIZATION,-0.1579769854542974,-0.029,0.1289769854542974,8
art_205,embassy,ORGANIZATION,-0.004010392352938652,-0.029,0.02498960764706135,1
art_205,Indian Foreign Minister,PERSON,-3.532593109412119e-05,-0.029,0.02896467406890588,1
art_205,X,ORGANIZATION,0.027510992251336575,-0.029,0.05651099225133657,3
art_205,New Delhi,ORGANIZATION,-0.021848447620868683,-0.029,0.007151552379131319,1
art_205,President,PERSON,0.13788232672959566,-0.029,0.16688232672959566,1
art_205,Vladimir Putin,PERSON,0.13788232672959566,-0.029,0.16688232672959566,1
art_205,Russia,ORGANIZATION,-0.09615689778001979,-0.029,0.06715689778001979,2
art_205,Kremlin,ORGANIZATION,0.13788232672959566,-0.029,0.16688232672959566,1
art_206,Myanmar,ORGANIZATION,-0.23798913046630332,-0.0054,0.23258913046630333,8
art_206,J.,PERSON,-0.0917080664075911,-0.0054,0.0863080664075911,1
art_206,J,PERSON,-0.228227733168751,-0.0054,0.222827733168751,8
art_206,J,PERSON,-0.228227733168751,-0.0054,0.222827733168751,8
art_206,chief,PERSON,-0.057547324686311185,-0.0054,0.05214732468631118,2
art_206,Min Aung Hlaing,PERSON,-0.00078058079816401,-0.0054,0.00461941920183599,1
art_206,US Geological Survey,ORGANIZATION,-0.00078058079816401,-0.0054,0.00461941920183599,1
art_206,BBC,ORGANIZATION,-0.505527280503884,-0.0054,0.500127280503884,2
art_206,Ruate,PERSON,-0.07773776986869052,-0.0054,0.07233776986869052,2
art_206,Ruate,PERSON,-0.07773776986869052,-0.0054,0.07233776986869052,2
art_206,BBC,ORGANIZATION,-0.505527280503884,-0.0054,0.500127280503884,2
art_206,Thailand,ORGANIZATION,-0.3989236503257416,-0.0054,0.3935236503257416,1
art_206,Myanmar,ORGANIZATION,-0.23798913046630332,-0.0054,0.23258913046630333,8
art_206,Russia,ORGANIZATION,-0.0034925490617752075,-0.0054,0.0019074509382247928,1
art_206,China,ORGANIZATION,-0.2012080996937584,-0.0054,0.19580809969375843,2
art_206,Myanmar,ORGANIZATION,-0.23798913046630332,-0.0054,0.23258913046630333,8
art_206,J,PERSON,-0.228227733168751,-0.0054,0.222827733168751,8
art_207,Aye Moe,PERSON,-0.22239776080823503,-0.1566,0.06579776080823505,4
art_207,US Geological Survey,ORGANIZATION,-0.02819135459139943,-0.1566,0.12840864540860056,1
art_207,Aye Moe,PERSON,-0.22239776080823503,-0.1566,0.06579776080823505,4
art_207,Aye Moe,PERSON,-0.22239776080823503,-0.1566,0.06579776080823505,4
art_207,Aye Moe,PERSON,-0.22239776080823503,-0.1566,0.06579776080823505,4
art_207,Aung Gyi,PERSON,-0.04904160648584366,-0.1566,0.10755839351415633,1
art_207,Sagaing,ORGANIZATION,-0.13342497315413007,-0.1566,0.023175026845869917,6
art_207,Myanmar,ORGANIZATION,-0.1043859325000085,-0.1566,0.052214067499991496,6
art_207,World Health Organization,ORGANIZATION,-0.04382291063666344,-0.1566,0.11277708936333655,1
art_207,WHO,ORGANIZATION,0.13483140983589692,-0.1566,0.2914314098358969,2
art_207,Dr,PERSON,0.3134857303084573,-0.1566,0.47008573030845724,1
art_207,Nang Win,PERSON,0.3134857303084573,-0.1566,0.47008573030845724,1
art_208,Myanmar military,ORGANIZATION,-0.10380023065954447,-0.0267,0.07710023065954447,1
art_208,Myanmar,ORGANIZATION,-0.08307142553773399,-0.0267,0.056371425537733985,9
art_208,Myanmar,ORGANIZATION,-0.08307142553773399,-0.0267,0.056371425537733985,9
art_208,MRTV,ORGANIZATION,0.010052550147520378,-0.0267,0.03675255014752038,2
art_208,MRTV,ORGANIZATION,0.010052550147520378,-0.0267,0.03675255014752038,2
art_208,Red Cross,ORGANIZATION,-0.04169711039867252,-0.0267,0.01499711039867252,2
art_208,Chinese Ministry of Foreign Affairs,ORGANIZATION,0.2355146708432585,-0.0267,0.2622146708432585,1
art_208,Guo Jiakun,PERSON,0.011117890127934515,-0.0267,0.03781789012793452,1
art_208,Beijing,ORGANIZATION,0.011117890127934515,-0.0267,0.03781789012793452,1
art_208,Guo,PERSON,0.006314115336863324,-0.0267,0.033014115336863326,2
art_208,Zaw Min Tun,PERSON,-0.056520682759582996,-0.0267,0.029820682759582995,1
art_208,Red Cross,ORGANIZATION,-0.04169711039867252,-0.0267,0.01499711039867252,2
art_208,Myanmar,ORGANIZATION,-0.08307142553773399,-0.0267,0.056371425537733985,9
art_208,Aung San Suu Kyi,PERSON,-0.04441583319567144,-0.0267,0.017715833195671438,1
art_208,United Nations,ORGANIZATION,0.002672743983566761,-0.0267,0.029372743983566763,1
art_208,Human Rights Watch,ORGANIZATION,-0.12214786745607853,-0.0267,0.09544786745607853,2
art_208,Myanmar,ORGANIZATION,-0.08307142553773399,-0.0267,0.056371425537733985,9
art_208,Bryony Lau,PERSON,-0.4034524131566286,-0.0267,0.3767524131566286,1
art_208,director,PERSON,-0.4034524131566286,-0.0267,0.3767524131566286,1
art_208,Human Rights Watch,ORGANIZATION,-0.12214786745607853,-0.0267,0.09544786745607853,2
art_209,Myanmar,ORGANIZATION,-0.13090614573593484,-0.2914,0.16049385426406515,10
art_209,Myanmar Fire Services Department,ORGANIZATION,0.6271413378417492,-0.2914,0.9185413378417492,1
art_209,Michael Dunford,PERSON,-0.02147851252811961,-0.2914,0.2699214874718804,1
art_209,United Nations World Food Programme,ORGANIZATION,-0.02147851252811961,-0.2914,0.2699214874718804,1
art_209,Amnesty International,ORGANIZATION,-0.03334969328716397,-0.2914,0.258050306712836,2
art_209,Amnesty,ORGANIZATION,-0.044409959887464844,-0.2914,0.24699004011253514,3
art_209,Myanmar,ORGANIZATION,-0.13090614573593484,-0.2914,0.16049385426406515,10
art_209,Myanmar,ORGANIZATION,-0.13090614573593484,-0.2914,0.16049385426406515,10
art_209,director,PERSON,-0.15473492407181766,-0.2914,0.13666507592818233,2
art_209,Human Rights Watch,ORGANIZATION,-0.2879913356155157,-0.2914,0.0034086643844842834,1
art_209,Bryony Lau,PERSON,-0.2879913356155157,-0.2914,0.0034086643844842834,1
art_209,Amnesty International,ORGANIZATION,-0.03334969328716397,-0.2914,0.258050306712836,2
art_209,Myanmar,ORGANIZATION,-0.13090614573593484,-0.2914,0.16049385426406515,10
art_209,Three Brotherhood Alliance,ORGANIZATION,0.06778729637153447,-0.2914,0.35918729637153446,1
art_209,Ta’ang National Liberation Army,ORGANIZATION,0.00010975859186146408,-0.2914,0.29150975859186146,1
art_209,Kokang,ORGANIZATION,0.00010975859186146408,-0.2914,0.29150975859186146,1
art_209,Myanmar National Democratic Alliance Army,ORGANIZATION,0.00010975859186146408,-0.2914,0.29150975859186146,1
art_209,Arakan Army,ORGANIZATION,0.00010975859186146408,-0.2914,0.29150975859186146,1
art_209,Myanmar,ORGANIZATION,-0.13090614573593484,-0.2914,0.16049385426406515,10
art_209,Red Cross,ORGANIZATION,-0.09762868494726717,-0.2914,0.19377131505273282,2
art_209,Zaw Min Tun,PERSON,-0.011610113084316254,-0.2914,0.27978988691568374,1
art_209,China,ORGANIZATION,-0.03095430415123701,-0.2914,0.260445695848763,1
art_209,Guo Jiakun,PERSON,-0.03095430415123701,-0.2914,0.260445695848763,1
art_209,Red Cross Society of China,ORGANIZATION,-0.03095430415123701,-0.2914,0.260445695848763,1
art_209,Guo,PERSON,0.036300385399954394,-0.2914,0.3277003853999544,2
art_210,Myanmar,ORGANIZATION,-0.3867937168106437,-0.2207,0.16609371681064367,3
art_210,junta,ORGANIZATION,-0.12307731085456908,-0.2207,0.09762268914543093,4
art_210,Min Aung Hlaing,PERSON,-0.0067594051361083984,-0.2207,0.2139405948638916,1
art_210,Agence France-Presse,ORGANIZATION,-0.13183242361992598,-0.2207,0.08886757638007403,1
art_210,AFP,ORGANIZATION,-0.06541998296355207,-0.2207,0.15528001703644795,3
art_210,Cho Cho Mar,PERSON,-0.051997528411448,-0.2207,0.168702471588552,1
art_210,AFP,ORGANIZATION,-0.06541998296355207,-0.2207,0.15528001703644795,3
art_210,World Health Organization,ORGANIZATION,-0.3617600321304053,-0.2207,0.1410600321304053,1
art_210,WHO,ORGANIZATION,-0.27382218616548926,-0.2207,0.05312218616548925,2
art_210,Aye Thi Kar,PERSON,-0.014844221994280815,-0.2207,0.2058557780057192,1
art_210,AFP,ORGANIZATION,-0.06541998296355207,-0.2207,0.15528001703644795,3
art_210,WHO,ORGANIZATION,-0.27382218616548926,-0.2207,0.05312218616548925,2
art_211,UN,ORGANIZATION,-0.1397044459360283,-0.1242,0.015504445936028288,12
art_211,United Nations,ORGANIZATION,-0.08762586617376655,-0.1242,0.03657413382623345,1
art_211,US Agency for International Development,ORGANIZATION,-0.08762586617376655,-0.1242,0.03657413382623345,1
art_211,USAid,ORGANIZATION,-0.07748920109588653,-0.1242,0.046710798904113476,2
art_211,UN,ORGANIZATION,-0.1397044459360283,-0.1242,0.015504445936028288,12
art_211,chief,PERSON,0.006758736883057281,-0.1242,0.1309587368830573,1
art_211,Tom Fletcher,PERSON,0.006758736883057281,-0.1242,0.1309587368830573,1
art_211,X.,ORGANIZATION,0.9458411363011692,-0.1242,1.0700411363011693,1
art_211,US,ORGANIZATION,0.16226967301918194,-0.1242,0.2864696730191819,6
art_211,USAid,ORGANIZATION,-0.07748920109588653,-0.1242,0.046710798904113476,2
art_211,Marcia Wong,PERSON,-0.0673525360180065,-0.1242,0.0568474639819935,1
art_211,USAid,ORGANIZATION,-0.07748920109588653,-0.1242,0.046710798904113476,2
art_211,Reuters,ORGANIZATION,-0.11432817667567481,-0.1242,0.009871823324325193,3
art_211,Wong,PERSON,-0.17622985219350085,-0.1242,0.05202985219350084,2
art_211,UN Office of the High Commissioner for Human Rights,ORGANIZATION,-0.12446936219930649,-0.1242,0.0002693621993064832,1
art_211,UN,ORGANIZATION,-0.1397044459360283,-0.1242,0.015504445936028288,12
art_211,Free Burma Rangers,ORGANIZATION,-0.26670602709054947,-0.1242,0.14250602709054946,1
art_211,Reuters,ORGANIZATION,-0.11432817667567481,-0.1242,0.009871823324325193,3
art_211,David Eubank,PERSON,-0.11170525226043537,-0.1242,0.012494747739564632,1
art_211,Senior General,PERSON,0.0004257627297192812,-0.1242,0.12462576272971929,1
art_211,Min Aung Hlaing,PERSON,0.06552698786981637,-0.1242,0.18972698786981637,2
art_211,Prime Minister,PERSON,0.0004257627297192812,-0.1242,0.12462576272971929,1
art_211,Narendra Modi,PERSON,0.0004257627297192812,-0.1242,0.12462576272971929,1
art_211,Gen,PERSON,-0.0568527321847796,-0.1242,0.06734726781522041,4
art_211,Min Aung Hlaing,PERSON,0.06552698786981637,-0.1242,0.18972698786981637,2
art_211,Thailand,ORGANIZATION,0.13062821300991345,-0.1242,0.25482821300991343,1
art_211,Nepal,ORGANIZATION,0.13062821300991345,-0.1242,0.25482821300991343,1
art_211,Modi,PERSON,-0.022615157184191048,-0.1242,0.10158484281580896,2
art_211,Aung San Suu Kyi,PERSON,-0.04226691368967295,-0.1242,0.08193308631032706,1
art_211,Myanmar,ORGANIZATION,0.0011109341830888297,-0.1242,0.12531093418308883,8
art_211,UN,ORGANIZATION,-0.1397044459360283,-0.1242,0.015504445936028288,12
art_211,REUTERS,ORGANIZATION,-0.11432817667567481,-0.1242,0.009871823324325193,3
art_212,Reuters,ORGANIZATION,-0.14735355987795629,-0.2545,0.10714644012204372,2
art_212,World Health Organization,ORGANIZATION,-0.040218483947683126,-0.2545,0.21428151605231688,1
art_212,Elena Vuolo,PERSON,-0.040218483947683126,-0.2545,0.21428151605231688,1
art_212,Vuolo,PERSON,-0.040218483947683126,-0.2545,0.21428151605231688,1
art_212,Reuters,ORGANIZATION,-0.14735355987795629,-0.2545,0.10714644012204372,2
art_212,Titon Mitra,PERSON,-0.040218483947683126,-0.2545,0.21428151605231688,1
art_212,Myanmar,ORGANIZATION,-0.0998359525304598,-0.2545,0.1546640474695402,3
art_212,United Nations Development Programme,ORGANIZATION,-0.040218483947683126,-0.2545,0.21428151605231688,1
art_212,Reuters,ORGANIZATION,-0.14735355987795629,-0.2545,0.10714644012204372,2
art_212,UN,ORGANIZATION,-0.0998359525304598,-0.2545,0.1546640474695402,3
art_212,chief,PERSON,-0.004800737835466862,-0.2545,0.24969926216453314,1
art_212,Min Aung Hlaing,PERSON,-0.004800737835466862,-0.2545,0.24969926216453314,1
art_212,International Criminal Court,ORGANIZATION,-0.004800737835466862,-0.2545,0.24969926216453314,1
art_212,Myanmar,ORGANIZATION,-0.0998359525304598,-0.2545,0.1546640474695402,3
art_212,Aung San Suu Kyi.The,PERSON,-0.004800737835466862,-0.2545,0.24969926216453314,1
art_212,Myanmar,ORGANIZATION,-0.0998359525304598,-0.2545,0.1546640474695402,3
art_212,MRTV,ORGANIZATION,-0.004800737835466862,-0.2545,0.24969926216453314,1
art_213,US,ORGANIZATION,-0.19125665288447635,-0.5693,0.3780433471155237,8
art_213,US Conservatives,ORGANIZATION,-0.26405391469597816,-0.5693,0.30524608530402186,1
art_213,Los Angeles Fire Department,ORGANIZATION,-0.26405391469597816,-0.5693,0.30524608530402186,1
art_213,X,ORGANIZATION,-0.11427009414182976,-0.5693,0.45502990585817027,3
art_213,Donald Trump Jr.,PERSON,-4.9758753448259085e-05,-0.5693,0.5692502412465518,2
art_213,democrat,ORGANIZATION,-0.07967284601181746,-0.5693,0.4896271539881826,1
art_213,fire department,ORGANIZATION,-0.13494203571463004,-0.5693,0.43435796428537,4
art_213,Trump Jr.,PERSON,-0.0864214826093909,-0.5693,0.4828785173906091,3
art_213,Donald Trump Jr.,PERSON,-4.9758753448259085e-05,-0.5693,0.5692502412465518,2
art_213,@DonaldJTrumpJr,PERSON,-0.010852038220036775,-0.5693,0.5584479617799633,1
art_213,California,ORGANIZATION,-0.12296811003276768,-0.5693,0.44633188996723233,6
art_213,DEI,ORGANIZATION,-0.3555907155872167,-0.5693,0.2137092844127833,6
art_213,Matt Walsh,PERSON,-0.17140749609097838,-0.5693,0.39789250390902164,2
art_213,X,ORGANIZATION,-0.11427009414182976,-0.5693,0.45502990585817027,3
art_213,Matt Walsh,PERSON,-0.17140749609097838,-0.5693,0.39789250390902164,2
art_213,@MattWalshBlog,PERSON,-0.009835327975451946,-0.5693,0.5594646720245481,1
art_213,US,ORGANIZATION,-0.19125665288447635,-0.5693,0.3780433471155237,8
art_213,President,PERSON,-0.14757697586901486,-0.5693,0.42172302413098517,2
art_213,Joe Biden,PERSON,-0.009835327975451946,-0.5693,0.5594646720245481,1
art_213,Biden,PERSON,-0.022145514842122793,-0.5693,0.5471544851578772,2
art_213,California,ORGANIZATION,-0.12296811003276768,-0.5693,0.44633188996723233,6
art_213,Governor,PERSON,-0.13329305383376777,-0.5693,0.43600694616623226,1
art_213,Gavin Newsom,PERSON,-0.13329305383376777,-0.5693,0.43600694616623226,1
art_213,President-elect,PERSON,-0.28531862376257777,-0.5693,0.28398137623742226,1
art_213,Donald Trump,PERSON,-0.0951393804231581,-0.5693,0.4741606195768419,3
art_213,Newsom,PERSON,-0.20930583879817277,-0.5693,0.35999416120182726,2
art_213,Mayor,PERSON,-0.1615856804419309,-0.5693,0.40771431955806914,1
art_213,Karen Bass,PERSON,-0.1615856804419309,-0.5693,0.40771431955806914,1
art_214,California Department of Forestry and Fire Protection,ORGANIZATION,-0.004242920404067263,-0.3277,0.32345707959593273,1
art_214,Cal Fire,ORGANIZATION,-0.004242920404067263,-0.3277,0.32345707959593273,1
art_214,US Drought Monitor,ORGANIZATION,0.010082864202558994,-0.3277,0.337782864202559,1
art_214,US Environmental Protection Agency,ORGANIZATION,-0.052900968643371016,-0.3277,0.274799031356629,1
art_214,EPA,ORGANIZATION,-0.02857194452371914,-0.3277,0.29912805547628085,2
art_214,AccuWeather,ORGANIZATION,0.0001830583205446601,-0.3277,0.32788305832054465,1
art_214,Danielle Ehresman,PERSON,0.0001830583205446601,-0.3277,0.32788305832054465,1
art_214,Daniel Swain,PERSON,-0.0022089091944508255,-0.3277,0.32549109080554917,1
art_214,University of California,ORGANIZATION,-0.0022089091944508255,-0.3277,0.32549109080554917,1
art_214,Stephen Pyne,PERSON,0.1829144432558678,-0.3277,0.5106144432558678,1
art_214,Arizona State University,ORGANIZATION,0.1829144432558678,-0.3277,0.5106144432558678,1
art_214,School of Life Sciences,ORGANIZATION,0.1829144432558678,-0.3277,0.5106144432558678,1
art_215,Reuters,ORGANIZATION,-0.06430150486994535,-0.1124,0.04809849513005465,1
art_215,Kimberley Simpson,PERSON,-0.016997928265482187,-0.1124,0.09540207173451781,1
art_215,School of Biosciences,ORGANIZATION,-0.016997928265482187,-0.1124,0.09540207173451781,1
art_215,University of Sheffield.Within,ORGANIZATION,-0.016997928265482187,-0.1124,0.09540207173451781,1
art_215,Brent Walker,PERSON,-0.017566257156431675,-0.1124,0.09483374284356832,1
art_215,Britain,ORGANIZATION,-0.017566257156431675,-0.1124,0.09483374284356832,1
art_215,Met Office.However,ORGANIZATION,-0.017566257156431675,-0.1124,0.09483374284356832,1
art_215,Paul Schlatter,PERSON,0.01911953231319785,-0.1124,0.13151953231319785,1
art_215,National Weather Service,ORGANIZATION,0.0005994744133204222,-0.1124,0.11299947441332042,2
art_215,Schlatter,PERSON,0.013808039172242085,-0.1124,0.12620803917224208,3
art_215,Schlatter,PERSON,0.013808039172242085,-0.1124,0.12620803917224208,3
art_215,Lindon Pronto,PERSON,-0.017920583486557007,-0.1124,0.094479416513443,1
art_215,European Forest Institute,ORGANIZATION,-0.017920583486557007,-0.1124,0.094479416513443,1
art_215,Pronto,PERSON,-0.017920583486557007,-0.1124,0.094479416513443,1
art_216,CNN,ORGANIZATION,-0.14252626445765296,-0.0283,0.11422626445765297,3
art_216,CNN,ORGANIZATION,-0.14252626445765296,-0.0283,0.11422626445765297,3
art_216,Mayor,PERSON,-0.010821613483130932,-0.0283,0.017478386516869067,1
art_216,Karen Bass,PERSON,-0.010821613483130932,-0.0283,0.017478386516869067,1
art_216,CNN,ORGANIZATION,-0.14252626445765296,-0.0283,0.11422626445765297,3
art_216,Greg Pierce,PERSON,0.0013149809092283249,-0.0283,0.029614980909228324,1
art_216,UCLA,ORGANIZATION,0.0013149809092283249,-0.0283,0.029614980909228324,1
art_216,Janisse Quiñones,PERSON,-0.0004026138922199607,-0.0283,0.027897386107780038,1
art_216,executive officer,PERSON,-0.0004026138922199607,-0.0283,0.027897386107780038,1
art_216,Los Angeles Department of Water and Power,ORGANIZATION,-0.0004026138922199607,-0.0283,0.027897386107780038,1
art_216,Quiñones,PERSON,-0.04079453085796558,-0.0283,0.012494530857965584,4
art_216,Quiñones,PERSON,-0.04079453085796558,-0.0283,0.012494530857965584,4
art_216,Los Angeles Times,ORGANIZATION,-0.38706782134249806,-0.0283,0.35876782134249807,1
art_216,Gov.,PERSON,-0.0003199984203092754,-0.0283,0.027980001579690723,1
art_216,Gavin Newsom,PERSON,-0.18348607327789068,-0.0283,0.1551860732778907,1
art_216,Newsom,PERSON,-0.356348120723851,-0.0283,0.32804812072385103,2
art_216,Los Angeles County Public Works,ORGANIZATION,3.621073847170919e-05,-0.0283,0.028336210738471708,1
art_216,Mark Pestrella,PERSON,3.621073847170919e-05,-0.0283,0.028336210738471708,1
art_216,Quiñones,PERSON,-0.04079453085796558,-0.0283,0.012494530857965584,4
art_216,governor,PERSON,0.1284572333097458,-0.0283,0.15675723330974578,1
art_216,Bob Gomperz,PERSON,-0.005364436190575361,-0.0283,0.022935563809424638,1
art_217,Daniel Swain,PERSON,-0.11622544005513191,-0.0063,0.10992544005513191,1
art_217,UCLA,ORGANIZATION,-0.11622544005513191,-0.0063,0.10992544005513191,1
art_217,Prof,PERSON,-0.0016278884431812912,-0.0063,0.004672111556818709,2
art_217,Sir,PERSON,-0.0016608117730356753,-0.0063,0.004639188226964325,1
art_217,Brian Hoskins,PERSON,-0.0016608117730356753,-0.0063,0.004639188226964325,1
art_217,Chair,PERSON,-0.0016608117730356753,-0.0063,0.004639188226964325,1
art_217,Grantham Institute for Climate Change,ORGANIZATION,-0.0016608117730356753,-0.0063,0.004639188226964325,1
art_217,Imperial College London,ORGANIZATION,-0.0016608117730356753,-0.0063,0.004639188226964325,1
art_217,Professor,PERSON,-0.0015949651133269072,-0.0063,0.004705034886673093,1
art_217,Stefan Doerr,PERSON,-0.0015949651133269072,-0.0063,0.004705034886673093,1
art_217,Director,PERSON,-0.0015949651133269072,-0.0063,0.004705034886673093,1
art_217,Centre for Wildfire,ORGANIZATION,-0.0015949651133269072,-0.0063,0.004705034886673093,1
art_217,Research,PERSON,0.029594512103358284,-0.0063,0.035894512103358284,4
art_217,Swansea University,ORGANIZATION,-0.0015949651133269072,-0.0063,0.004705034886673093,1
art_217,BBC,ORGANIZATION,0.009281431761337444,-0.0063,0.015581431761337444,1
art_217,Climate,PERSON,-0.01578555466767284,-0.0063,0.00948555466767284,8
art_217,Justin Rowlatt,PERSON,0.009281431761337444,-0.0063,0.015581431761337444,1
art_218,Sen.,PERSON,-0.10996679100207984,-0.3852,0.27523320899792014,1
art_218,Bernie Sanders,PERSON,-0.25147850066423416,-0.3852,0.13372149933576583,1
art_218,I-Vt.,ORGANIZATION,-0.25147850066423416,-0.3852,0.13372149933576583,1
art_218,Sanders,PERSON,-0.2060002338451644,-0.3852,0.1791997661548356,6
art_218,President-elect Trump,PERSON,-0.03622531145811081,-0.3852,0.3489746885418892,1
art_218,Donald Trump,PERSON,-0.14407972991466522,-0.3852,0.24112027008533476,1
art_218,Sanders,PERSON,-0.2060002338451644,-0.3852,0.1791997661548356,6
art_218,Mike Solana,PERSON,-0.6060848389752209,-0.3852,0.22088483897522093,1
art_218,Pirate Wires,ORGANIZATION,-0.6060848389752209,-0.3852,0.22088483897522093,1
art_218,democrat,ORGANIZATION,-0.19673561304807663,-0.3852,0.18846438695192336,1
art_218,ELON MUSK,PERSON,0.1919118408113718,-0.3852,0.5771118408113718,2
art_218,SPACEX,ORGANIZATION,-0.19673561304807663,-0.3852,0.18846438695192336,1
art_218,STARLINK,ORGANIZATION,-0.19673561304807663,-0.3852,0.18846438695192336,1
art_218,Justin Haskins,PERSON,-0.19673561304807663,-0.3852,0.18846438695192336,1
art_218,Socialism Research Center,ORGANIZATION,-0.19673561304807663,-0.3852,0.18846438695192336,1
art_218,Heartland Institute,ORGANIZATION,-0.19673561304807663,-0.3852,0.18846438695192336,1
art_218,Nicole Shanahan,PERSON,-0.19673561304807663,-0.3852,0.18846438695192336,1
art_218,GOP,ORGANIZATION,2.8753885999321938e-05,-0.3852,0.3852287538859993,1
art_218,Trump,PERSON,-0.20569747008557898,-0.3852,0.179502529914421,5
art_218,Sanders',PERSON,2.8753885999321938e-05,-0.3852,0.3852287538859993,1
art_218,Bernie,PERSON,-0.2999070258811116,-0.3852,0.08529297411888836,2
art_218,Sanders,PERSON,-0.2060002338451644,-0.3852,0.1791997661548356,6
art_218,Elon Musk,PERSON,0.1919118408113718,-0.3852,0.5771118408113718,2
art_218,Musk,PERSON,-0.08522818222021063,-0.3852,0.2999718177797894,3
art_218,Rep.,PERSON,-0.3283429880393669,-0.3852,0.056857011960633086,2
art_218,Jasmine Crockett,PERSON,-0.5287299375631846,-0.3852,0.14352993756318466,1
art_218,Rep.,PERSON,-0.3283429880393669,-0.3852,0.056857011960633086,2
art_218,Sarah McBride,PERSON,-0.061551143415272236,-0.3852,0.32364885658472775,1
art_218,Congress,ORGANIZATION,-0.061551143415272236,-0.3852,0.32364885658472775,1
art_218,McBride,PERSON,0.3126539974473417,-0.3852,0.6978539974473417,2
art_218,Gov.,PERSON,0.19541050011321204,-0.3852,0.580610500113212,2
art_218,Gavin Newsom,PERSON,-0.6289935483364388,-0.3852,0.24379354833643885,1
art_218,Gavin Newscum,PERSON,-0.6474649170413613,-0.3852,0.26226491704136135,1
art_218,Trump,PERSON,-0.20569747008557898,-0.3852,0.179502529914421,5
art_218,Newsom,PERSON,-0.4494640556513332,-0.3852,0.0642640556513332,2
art_218,President-Elect,PERSON,-0.10285258735530078,-0.3852,0.2823474126446992,2
art_218,California Department of Forestry and Fire Protection,ORGANIZATION,0.3942292556166649,-0.3852,0.7794292556166649,1
art_219,VCG,ORGANIZATION,-0.7806723608518951,-0.2602,0.5204723608518951,1
art_219,Los Angeles Times,ORGANIZATION,-0.3883403887448367,-0.2602,0.1281403887448367,2
art_219,LA County Fire Department,ORGANIZATION,-0.3551844141911715,-0.2602,0.09498441419117154,1
art_219,NBC news,ORGANIZATION,-0.39366610534489155,-0.2602,0.13346610534489156,1
art_219,Associated Press,ORGANIZATION,-0.029761045530904084,-0.2602,0.2304389544690959,1
art_219,US,PERSON,-0.09979282750573475,-0.2602,0.16040717249426523,10
art_219,President,PERSON,-0.1659526651201304,-0.2602,0.09424733487986958,5
art_219,Joe Biden,PERSON,-0.014099251624429598,-0.2602,0.2461007483755704,2
art_219,Chinese,ORGANIZATION,0.03769872896373272,-0.2602,0.2978987289637327,1
art_219,Consulate General,PERSON,0.03769872896373272,-0.2602,0.2978987289637327,1
art_219,Governor,PERSON,-0.07141580771713052,-0.2602,0.18878419228286947,2
art_219,Newsom,PERSON,-0.28807635948760435,-0.2602,0.027876359487604363,2
art_219,California government,ORGANIZATION,-0.07637158816214651,-0.2602,0.18382841183785348,1
art_219,Los Angeles Times,ORGANIZATION,-0.3883403887448367,-0.2602,0.1281403887448367,2
art_219,President,PERSON,-0.1659526651201304,-0.2602,0.09424733487986958,5
art_219,Biden,PERSON,0.09292601895285771,-0.2602,0.35312601895285767,5
art_219,Biden,PERSON,0.09292601895285771,-0.2602,0.35312601895285767,5
art_219,Biden,PERSON,0.09292601895285771,-0.2602,0.35312601895285767,5
art_219,New York Times,ORGANIZATION,-0.1264381643413799,-0.2602,0.1337618356586201,2
art_219,President-elect Donald J Trump,PERSON,-0.06646002727211453,-0.2602,0.19373997272788546,1
art_219,California,ORGANIZATION,-0.02607009472974044,-0.2602,0.23412990527025954,7
art_219,Democratic,ORGANIZATION,-0.06646002727211453,-0.2602,0.19373997272788546,1
art_219,governor,PERSON,-0.07141580771713052,-0.2602,0.18878419228286947,2
art_219,New York Times,ORGANIZATION,-0.1264381643413799,-0.2602,0.1337618356586201,2
art_219,Trump,PERSON,-0.1449613268050598,-0.2602,0.11523867319494019,2
art_219,Gavin Newsom,PERSON,-0.4997811308130622,-0.2602,0.2395811308130622,1
art_219,New York Post,ORGANIZATION,-0.42101197416195646,-0.2602,0.16081197416195647,2
art_219,Los,ORGANIZATION,-0.29418501872818786,-0.2602,0.03398501872818788,7
art_219,Mayor,PERSON,-0.7633722806349397,-0.2602,0.5031722806349397,1
art_219,Karen Bass,PERSON,-0.7633722806349397,-0.2602,0.5031722806349397,1
art_219,Fire Department,ORGANIZATION,-0.5592783474130556,-0.2602,0.2990783474130556,2
art_219,Bass',PERSON,-0.3535805121064186,-0.2602,0.09338051210641862,1
art_219,LAFD,ORGANIZATION,-0.07865166768897325,-0.2602,0.18154833231102674,1
art_219,New York Post,ORGANIZATION,-0.42101197416195646,-0.2602,0.16081197416195647,2
art_219,US,ORGANIZATION,-0.09979282750573475,-0.2602,0.16040717249426523,10
art_219,Ukraine,ORGANIZATION,-0.049896643962711096,-0.2602,0.2103033560372889,2
art_219,President,PERSON,-0.1659526651201304,-0.2602,0.09424733487986958,5
art_219,Joe Biden,PERSON,-0.014099251624429598,-0.2602,0.2461007483755704,2
art_219,Reuters,ORGANIZATION,0.0015625422820448875,-0.2602,0.2617625422820449,1
art_219,US federal government,ORGANIZATION,-0.019989158026874065,-0.2602,0.24021084197312592,1
art_219,Li Haidong,PERSON,-0.019989158026874065,-0.2602,0.24021084197312592,1
art_219,China Foreign Affairs University,ORGANIZATION,-0.019989158026874065,-0.2602,0.24021084197312592,1
art_219,Global Times,ORGANIZATION,-0.019989158026874065,-0.2602,0.24021084197312592,1
art_219,Ukraine,ORGANIZATION,-0.049896643962711096,-0.2602,0.2103033560372889,2
art_219,Li,PERSON,-0.15282311977935023,-0.2602,0.10737688022064976,15
art_220,Mayor,PERSON,0.04783085733652115,-0.1941,0.24193085733652114,1
art_220,Karen Bass,PERSON,0.04783085733652115,-0.1941,0.24193085733652114,1
art_220,fire,PERSON,-0.12381082461797632,-0.1941,0.07028917538202367,18
art_220,Kristin Crowley,PERSON,-0.17115027224645019,-0.1941,0.02294972775354981,1
art_220,California Department of Forestry and Fire Protection,ORGANIZATION,-0.08964764780830592,-0.1941,0.10445235219169408,1
art_220,Los Angeles Fire Department,ORGANIZATION,0.0037070062244310975,-0.1941,0.1978070062244311,1
art_220,LA Fire Department,ORGANIZATION,0.1288709007203579,-0.1941,0.3229709007203579,1
art_220,KTLA,ORGANIZATION,-0.17993698851205409,-0.1941,0.014163011487945909,1
art_220,AccuWeather,ORGANIZATION,-0.12534089520340785,-0.1941,0.06875910479659214,1
art_220,Kevin McGowan,PERSON,-0.006580125540494919,-0.1941,0.18751987445950508,1
art_220,director,PERSON,0.06444591842591763,-0.1941,0.2585459184259176,2
art_220,Jaye Riedinger,PERSON,0.13547196239233017,-0.1941,0.32957196239233016,1
art_220,PowerOutage.us,ORGANIZATION,-0.4352786913514137,-0.1941,0.24117869135141373,1
art_220,Anthony Marrone,PERSON,-0.05416332930326462,-0.1941,0.13993667069673538,1
art_220,chief executive,PERSON,-0.0799051821231842,-0.1941,0.11419481787681579,1
art_220,Janisse Quinones,PERSON,-0.0799051821231842,-0.1941,0.11419481787681579,1
art_220,Los Angeles Department of Water and Power,ORGANIZATION,-0.0799051821231842,-0.1941,0.11419481787681579,1
art_221,Los Angeles Times,ORGANIZATION,-0.001470729534048587,-0.0839,0.08242927046595142,1
art_221,LA Fire Department,ORGANIZATION,-0.029745093313977122,-0.0839,0.05415490668602288,1
art_221,Captain,PERSON,-0.029745093313977122,-0.0839,0.05415490668602288,1
art_221,Erik Scott,PERSON,-0.029745093313977122,-0.0839,0.05415490668602288,1
art_221,KTLA,ORGANIZATION,-0.029745093313977122,-0.0839,0.05415490668602288,1
art_221,LA Times,ORGANIZATION,-0.029745093313977122,-0.0839,0.05415490668602288,1
art_221,Cal Fire,ORGANIZATION,-0.05881304247304797,-0.0839,0.02508695752695203,1
art_222,Joe Biden,PERSON,0.36419704311992973,0.2061,0.15809704311992973,1
art_222,Department of Defense,ORGANIZATION,0.36419704311992973,0.2061,0.15809704311992973,1
art_222,Biden administration,ORGANIZATION,0.07604708836879581,0.2061,0.1300529116312042,1
art_223,Hollywood,ORGANIZATION,-0.019861801411025226,-0.3004,0.2805381985889748,2
art_223,Christi,ORGANIZATION,8.609720680397004e-06,-0.3004,0.3004086097206804,1
art_223,Palisades Charter High School,ORGANIZATION,8.609720680397004e-06,-0.3004,0.3004086097206804,1
art_223,Chet Hanks,PERSON,-0.502018203260377,-0.3004,0.20161820326037705,1
art_223,Tom Hanks,PERSON,-0.502018203260377,-0.3004,0.20161820326037705,1
art_223,Billy Crystal,PERSON,-0.502018203260377,-0.3004,0.20161820326037705,1
art_223,Paris Hilton,PERSON,-0.502018203260377,-0.3004,0.20161820326037705,1
art_223,Mike Rogers,PERSON,-0.08943478623405099,-0.3004,0.210965213765949,1
art_223,Dolby Theater,ORGANIZATION,-0.0031110569834709167,-0.3004,0.2972889430165291,1
art_223,Mayor,PERSON,0.00020026322454214096,-0.3004,0.30060026322454214,1
art_223,Karen Bass,PERSON,0.00020026322454214096,-0.3004,0.30060026322454214,1
art_223,Pasadena Fire,ORGANIZATION,0.00020026322454214096,-0.3004,0.30060026322454214,1
art_223,Chief,PERSON,0.00020026322454214096,-0.3004,0.30060026322454214,1
art_223,Chad Augustin,PERSON,0.00020026322454214096,-0.3004,0.30060026322454214,1
art_223,Anthony Marrone,PERSON,0.0007201610133051872,-0.3004,0.3011201610133052,1
art_223,Roya,PERSON,-0.0881596248364076,-0.3004,0.2122403751635924,1
art_223,Toyota,ORGANIZATION,-0.026694578118622303,-0.3004,0.2737054218813777,1
art_223,Coco,PERSON,-0.026694578118622303,-0.3004,0.2737054218813777,1
art_224,Hollywood,ORGANIZATION,-0.4142678117689987,-0.6588,0.24453218823100137,3
art_224,Paris Hilton,PERSON,0.0018535837880335748,-0.6588,0.6606535837880336,1
art_224,Billy Crystal,PERSON,0.0018535837880335748,-0.6588,0.6606535837880336,1
art_224,Eugene Levy,PERSON,-0.2972592036530841,-0.6588,0.36154079634691594,2
art_224,Anna Faris,PERSON,0.0018535837880335748,-0.6588,0.6606535837880336,1
art_224,Anthony Hopkins,PERSON,0.0018535837880335748,-0.6588,0.6606535837880336,1
art_224,Spencer Pratt,PERSON,0.0018535837880335748,-0.6588,0.6606535837880336,1
art_224,Heidi Montag,PERSON,0.0018535837880335748,-0.6588,0.6606535837880336,1
art_224,Diane Warren,PERSON,0.0018535837880335748,-0.6588,0.6606535837880336,1
art_224,James Woods,PERSON,0.0018535837880335748,-0.6588,0.6606535837880336,1
art_224,Melissa Rivers,PERSON,0.0038505309348693117,-0.6588,0.6626505309348694,2
art_224,Hilton,PERSON,0.322294353711186,-0.6588,0.981094353711186,2
art_224,Kim Kardashian,PERSON,-0.022712237434461713,-0.6588,0.6360877625655383,1
art_224,Ben  Affleck,PERSON,-0.022712237434461713,-0.6588,0.6360877625655383,1
art_224,Cindy Crawford,PERSON,-0.022712237434461713,-0.6588,0.6360877625655383,1
art_224,Kardashian,PERSON,-0.011190498757059686,-0.6588,0.6476095012429404,2
art_224,Eugene Levy,PERSON,-0.2972592036530841,-0.6588,0.36154079634691594,2
art_224,LA Times,ORGANIZATION,0.1441004010848701,-0.6588,0.8029004010848702,1
art_224,Prince Harry,PERSON,-0.31883093051146716,-0.6588,0.3399690694885329,1
art_224,Meghan Markle,PERSON,-0.31883093051146716,-0.6588,0.3399690694885329,1
art_224,Southern California Edison,ORGANIZATION,0.09866546280682087,-0.6588,0.7574654628068209,1
art_224,SCE,ORGANIZATION,0.09866546280682087,-0.6588,0.7574654628068209,1
art_224,Harry,PERSON,-0.11008273385232314,-0.6588,0.5487172661476769,2
art_224,Meghan,PERSON,-0.11008273385232314,-0.6588,0.5487172661476769,2
art_224,Archewell Foundation,ORGANIZATION,0.09866546280682087,-0.6588,0.7574654628068209,1
art_224,Sussex.com,ORGANIZATION,0.09866546280682087,-0.6588,0.7574654628068209,1
art_224,Melissa Rivers,PERSON,0.0038505309348693117,-0.6588,0.6626505309348694,2
art_224,Joan Rivers,PERSON,-0.6221793349832296,-0.6588,0.036620665016770415,1
art_224,CNN,ORGANIZATION,-0.6221793349832296,-0.6588,0.036620665016770415,1
art_224,Kaitlan Collins,PERSON,-0.6221793349832296,-0.6588,0.036620665016770415,1
art_224,Emmy,PERSON,0.20833697076886892,-0.6588,0.867136970768869,1
art_225,Los Angeles,ORGANIZATION,-0.12207703575647126,0.162,0.28407703575647125,6
art_225,Mayor,PERSON,0.011615335941314697,0.162,0.1503846640586853,1
art_225,Karen Bass,PERSON,0.011615335941314697,0.162,0.1503846640586853,1
art_225,El Camino Real Charter High School,ORGANIZATION,-0.32431987300515175,0.162,0.4863198730051518,1
art_225,Will Rogers’ Western Ranch House,ORGANIZATION,0.00207710855465848,0.162,0.15992289144534153,1
art_225,Topanga Ranch Motel,ORGANIZATION,0.00207710855465848,0.162,0.15992289144534153,1
art_225,Supervisor,PERSON,0.03826653631404042,0.162,0.12373346368595958,1
art_225,Kathryn Barger,PERSON,0.03826653631404042,0.162,0.12373346368595958,1
art_225,Barbara Bruderlin,PERSON,-0.1030676697846502,0.162,0.26506766978465024,1
art_225,Malibu Pacific Palisades Chamber of Commerce,ORGANIZATION,-0.1030676697846502,0.162,0.26506766978465024,1
art_225,Bruderlin,PERSON,-0.1030676697846502,0.162,0.26506766978465024,1
art_225,Los Angeles Fire,ORGANIZATION,-0.1030676697846502,0.162,0.26506766978465024,1
art_225,Chief,PERSON,-0.1030676697846502,0.162,0.26506766978465024,1
art_225,Kristin Crowley,PERSON,-0.1030676697846502,0.162,0.26506766978465024,1
art_225,Eaton Fire,ORGANIZATION,-0.14864342310465872,0.162,0.31064342310465876,2
art_225,Sheriff,PERSON,-0.30890218215063214,0.162,0.4709021821506322,1
art_225,Robert Luna,PERSON,-0.30890218215063214,0.162,0.4709021821506322,1
art_225,Mitchell,PERSON,-0.30890218215063214,0.162,0.4709021821506322,1
art_225,Justin,PERSON,-0.30890218215063214,0.162,0.4709021821506322,1
art_225,Mitchell,PERSON,-0.30890218215063214,0.162,0.4709021821506322,1
art_225,Hajime White,PERSON,-0.30890218215063214,0.162,0.4709021821506322,1
art_225,The Washington Post.Shari,ORGANIZATION,-0.30890218215063214,0.162,0.4709021821506322,1
art_225,Shaw,PERSON,-0.30890218215063214,0.162,0.4709021821506322,1
art_225,KTLA,ORGANIZATION,-0.30890218215063214,0.162,0.4709021821506322,1
art_225,Victor Shaw,PERSON,-0.30890218215063214,0.162,0.4709021821506322,1
art_226,UN,ORGANIZATION,-0.03600641825760249,-0.0441,0.008093581742397507,10
art_226,chief,PERSON,-0.26105258567258716,-0.0441,0.21695258567258716,1
art_226,Antonio Guterres,PERSON,-0.26105258567258716,-0.0441,0.21695258567258716,1
art_226,US,ORGANIZATION,-0.052473964103098424,-0.0441,0.008373964103098423,14
art_226,President,PERSON,-0.011699607595801353,-0.0441,0.03240039240419865,1
art_226,Joe Biden,PERSON,-0.011699607595801353,-0.0441,0.03240039240419865,1
art_226,Copernicus Climate Change Service,ORGANIZATION,0.013326207175850868,-0.0441,0.05742620717585087,1
art_226,Dr,PERSON,-0.00017234351253136992,-0.0441,0.04392765648746863,1
art_226,Karsten Haustein,PERSON,-0.00017234351253136992,-0.0441,0.04392765648746863,1
art_226,University of Leipzig,ORGANIZATION,-0.00017234351253136992,-0.0441,0.04392765648746863,1
art_226,World Meteorological Organization,ORGANIZATION,-0.13302925627795048,-0.0441,0.08892925627795048,1
art_226,Secretary-General,PERSON,-0.13302925627795048,-0.0441,0.08892925627795048,1
art_226,Prof,PERSON,-0.13302925627795048,-0.0441,0.08892925627795048,1
art_226,Petteri Taalas,PERSON,-0.13302925627795048,-0.0441,0.08892925627795048,1
art_227,Italian health ministry,ORGANIZATION,-0.11372211505658925,-0.0753,0.03842211505658924,1
art_227,Italy,ORGANIZATION,-0.05120471213012934,-0.0753,0.02409528786987067,1
art_227,health ministry,ORGANIZATION,-0.08246341359335929,-0.0753,0.007163413593359286,2
art_227,4EU,ORGANIZATION,-0.1546053308993578,-0.0753,0.07930533089935779,1
art_227,Parliament,ORGANIZATION,-0.1546053308993578,-0.0753,0.07930533089935779,1
art_227,Italians,PERSON,-0.1546053308993578,-0.0753,0.07930533089935779,1
art_227,European Space Agency,ORGANIZATION,-0.03205279435496777,-0.0753,0.04324720564503223,1
art_227,EMY,ORGANIZATION,-0.0051384242833592,-0.0753,0.0701615757166408,1
art_227,NHK,ORGANIZATION,-0.002712948713451624,-0.0753,0.07258705128654838,1
art_227,Americans,PERSON,0.08080170338507742,-0.0753,0.15610170338507742,2
art_227,National Weather Service,ORGANIZATION,-0.001986340415896848,-0.0753,0.07331365958410316,2
art_227,Hannah Safford,PERSON,-0.010141221107915044,-0.0753,0.06515877889208496,1
art_227,White House,ORGANIZATION,-0.010141221107915044,-0.0753,0.06515877889208496,1
art_227,Al Jazeera,ORGANIZATION,-0.010141221107915044,-0.0753,0.06515877889208496,1
art_227,Safford,PERSON,-0.010473837959580123,-0.0753,0.06482616204041988,2
art_227,Americans,PERSON,0.08080170338507742,-0.0753,0.15610170338507742,2
art_228,US National Centers for Environmental Prediction,ORGANIZATION,0.14232147147413343,0.0723,0.07002147147413343,1
art_228,NCEP,ORGANIZATION,0.14232147147413343,0.0723,0.07002147147413343,1
art_228,United States,ORGANIZATION,0.0015060179284773767,0.0723,0.07079398207152263,1
art_228,Friederike Otto,PERSON,0.04749638773500919,0.0723,0.02480361226499081,1
art_228,China,ORGANIZATION,-0.044555851025506854,0.0723,0.11685585102550686,1
art_228,Beijing,ORGANIZATION,-0.044555851025506854,0.0723,0.11685585102550686,1
art_228,Zeke Hausfather,PERSON,-0.004303810652345419,0.0723,0.07660381065234542,1
art_228,Berkeley Earth,ORGANIZATION,-0.004303810652345419,0.0723,0.07660381065234542,1
art_228,Reuters,ORGANIZATION,-0.004303810652345419,0.0723,0.07660381065234542,1
art_229,World Meteorological Organization,ORGANIZATION,-0.004410238529089838,-0.015,0.010589761470910161,1
art_229,WMO,ORGANIZATION,-0.004410238529089838,-0.015,0.010589761470910161,1
art_229,WMO,ORGANIZATION,-0.004410238529089838,-0.015,0.010589761470910161,1
art_229,Intergovernmental Panel on Climate Change,ORGANIZATION,0.0011032719630748034,-0.015,0.016103271963074803,1
art_229,IPCC,ORGANIZATION,0.0011032719630748034,-0.015,0.016103271963074803,1
art_229,IPCC,ORGANIZATION,0.0011032719630748034,-0.015,0.016103271963074803,1
art_229,U.S.,ORGANIZATION,-0.11120755597949028,-0.015,0.09620755597949028,1
art_229,Japan,ORGANIZATION,-0.11120755597949028,-0.015,0.09620755597949028,1
art_229,Russia,ORGANIZATION,-0.11120755597949028,-0.015,0.09620755597949028,1
art_229,China,ORGANIZATION,-0.264106925111264,-0.015,0.24910692511126398,1
art_229,Iran,ORGANIZATION,-0.264106925111264,-0.015,0.24910692511126398,1
art_229,Ukraine,ORGANIZATION,-0.2033031751634553,-0.015,0.1883031751634553,1
art_230,World Weather Attribution,ORGANIZATION,0.006676182150840759,-0.0483,0.05497618215084076,1
art_230,Americans,PERSON,-0.05743204336613417,-0.0483,0.009132043366134164,1
art_230,Friederike Otto,PERSON,-0.05743204336613417,-0.0483,0.009132043366134164,1
art_230,Imperial College London,ORGANIZATION,-0.05743204336613417,-0.0483,0.009132043366134164,1
art_230,Otto,PERSON,-0.040392095572315156,-0.0483,0.007907904427684846,4
art_230,Otto,PERSON,-0.040392095572315156,-0.0483,0.007907904427684846,4
art_230,Otto,PERSON,-0.040392095572315156,-0.0483,0.007907904427684846,4
art_231,NASA,ORGANIZATION,-0.10667592380195856,-0.0254,0.08127592380195856,4
art_231,Goddard Institute for Space Studies,ORGANIZATION,-0.0010197943192906678,-0.0254,0.02438020568070933,1
art_231,GISS,ORGANIZATION,0.05666575286886655,-0.0254,0.08206575286886655,2
art_231,NASA,ORGANIZATION,-0.10667592380195856,-0.0254,0.08127592380195856,4
art_231,NASA,ORGANIZATION,-0.10667592380195856,-0.0254,0.08127592380195856,4
art_231,GISS,ORGANIZATION,0.05666575286886655,-0.0254,0.08206575286886655,2
art_231,Director,PERSON,0.11435130005702376,-0.0254,0.13975130005702377,1
art_231,Gavin Schmidt,PERSON,0.11435130005702376,-0.0254,0.13975130005702377,1
art_231,NASA,ORGANIZATION,-0.10667592380195856,-0.0254,0.08127592380195856,4
art_231,NASA,ORGANIZATION,-0.10667592380195856,-0.0254,0.08127592380195856,4
art_231,Administrator,PERSON,-0.3375033726915717,-0.0254,0.31210337269157173,1
art_231,Bill Nelson,PERSON,-0.3375033726915717,-0.0254,0.31210337269157173,1
art_231,NASA,ORGANIZATION,-0.10667592380195856,-0.0254,0.08127592380195856,4
art_231,FOX NEWS,ORGANIZATION,0.044904742389917374,-0.0254,0.07030474238991738,1
art_231,Nelson,PERSON,-0.09965796349570155,-0.0254,0.07425796349570155,2
art_232,Straits Times,ORGANIZATION,-0.07368975505232811,-0.5166,0.44291024494767184,1
art_232,United Nations,ORGANIZATION,0.02351974416524172,-0.5166,0.5401197441652417,1
art_232,secretary-general,PERSON,0.02351974416524172,-0.5166,0.5401197441652417,1
art_232,Antonio Guterres,PERSON,0.02351974416524172,-0.5166,0.5401197441652417,1
art_232,Associate,PERSON,0.0001541177334729582,-0.5166,0.5167541177334729,1
art_232,Singapore Management University,ORGANIZATION,0.0001541177334729582,-0.5166,0.5167541177334729,1
art_232,Winston Chow,PERSON,0.0001541177334729582,-0.5166,0.5167541177334729,1
art_232,Melbourne University,ORGANIZATION,0.0021991011453792453,-0.5166,0.5187991011453792,1
art_232,professor,PERSON,0.003029814465359474,-0.5166,0.5196298144653594,3
art_232,Kathryn Bowen,PERSON,0.0021991011453792453,-0.5166,0.5187991011453792,1
art_232,Professor,PERSON,0.003029814465359474,-0.5166,0.5196298144653594,3
art_232,Mark Howden,PERSON,0.006736224517226219,-0.5166,0.5233362245172262,1
art_232,"Institute for Climate, Energy & Disaster Solutions",ORGANIZATION,0.006736224517226219,-0.5166,0.5233362245172262,1
art_232,Australian National University,ORGANIZATION,0.006736224517226219,-0.5166,0.5233362245172262,1
art_232,Prof,PERSON,0.012197812910017092,-0.5166,0.528797812910017,4
art_232,Bowen,PERSON,0.020950454694684595,-0.5166,0.5375504546946845,2
art_232,Kimberley Reid,PERSON,-0.010041445610113442,-0.5166,0.5065585543898865,1
art_232,Monash University,ORGANIZATION,-0.010041445610113442,-0.5166,0.5065585543898865,1
art_232,The Conversation,ORGANIZATION,-0.056258179305586964,-0.5166,0.460341820694413,2
art_232,Kevin Trenberth,PERSON,0.05805387574946508,-0.5166,0.574653875749465,1
art_232,National Centre for Atmospheric Research,ORGANIZATION,0.05805387574946508,-0.5166,0.574653875749465,1
art_232,Trenberth,PERSON,0.019657630924484693,-0.5166,0.5362576309244846,3
art_232,Trenberth,PERSON,0.019657630924484693,-0.5166,0.5362576309244846,3
art_233,China,ORGANIZATION,-0.029816046921769156,0.0288,0.05861604692176915,10
art_233,National Meteorological Center,ORGANIZATION,-0.013603184081148356,0.0288,0.042403184081148355,3
art_233,National Meteorological Center,ORGANIZATION,-0.013603184081148356,0.0288,0.042403184081148355,3
art_233,World Meteorological Organization,ORGANIZATION,0.053892407566308975,0.0288,0.025092407566308976,1
art_233,WMO,ORGANIZATION,0.059384670632425696,0.0288,0.030584670632425696,2
art_233,WMO,ORGANIZATION,0.059384670632425696,0.0288,0.030584670632425696,2
art_233,Beijing Municipal Bureau of Culture and Tourism,ORGANIZATION,0.07470202702097595,0.0288,0.04590202702097595,1
art_233,Government of Chengdu,ORGANIZATION,-0.0036898611579090357,0.0288,0.032489861157909035,1
art_233,Zhou,PERSON,0.4705294584564399,0.0288,0.4417294584564399,2
art_233,Global Times,ORGANIZATION,-0.010899978534628948,0.0288,0.03969997853462895,3
art_233,Zhou,PERSON,0.4705294584564399,0.0288,0.4417294584564399,2
art_233,Ma Jun,PERSON,0.00632362999022007,0.0288,0.02247637000977993,1
art_233,Institute of Public and Environmental Affairs,ORGANIZATION,0.00632362999022007,0.0288,0.02247637000977993,1
art_233,Global Times,ORGANIZATION,-0.010899978534628948,0.0288,0.03969997853462895,3
art_233,Huang Wei,PERSON,-0.0014544390141963959,0.0288,0.030254439014196395,1
art_233,National Meteorological Center,ORGANIZATION,-0.013603184081148356,0.0288,0.042403184081148355,3
art_233,State Grid Sichuan Electric Power Co,ORGANIZATION,0.0036443601129576564,0.0288,0.025155639887042343,1
art_233,Sichuan,ORGANIZATION,0.03232220088830218,0.0288,0.003522200888302178,2
art_233,China Energy,ORGANIZATION,0.14865663181990385,0.0288,0.11985663181990386,1
art_233,Ma,PERSON,0.03936084156448487,0.0288,0.01056084156448487,10
art_233,Ma,PERSON,0.03936084156448487,0.0288,0.01056084156448487,10
art_233,Global Times,ORGANIZATION,-0.010899978534628948,0.0288,0.03969997853462895,3
art_234,CNN,ORGANIZATION,-0.14904955852155885,-0.019,0.13004955852155886,3
art_234,University of Maine’s Climate Reanalyzer,ORGANIZATION,-0.0002239468158222735,-0.019,0.018776053184177726,1
art_234,US National Centers for Environmental Prediction,ORGANIZATION,-0.0002239468158222735,-0.019,0.018776053184177726,1
art_234,NCEP,ORGANIZATION,-0.0017276211292482913,-0.019,0.01727237887075171,2
art_234,NCEP,ORGANIZATION,-0.0017276211292482913,-0.019,0.01727237887075171,2
art_234,European Union,ORGANIZATION,-0.0006155205774120986,-0.019,0.0183844794225879,1
art_234,Copernicus Climate Change Service,ORGANIZATION,-0.0006155205774120986,-0.019,0.0183844794225879,1
art_234,Jennifer Francis,PERSON,0.0036248285323381424,-0.019,0.022624828532338142,1
art_234,Woodwell Climate Research Center,ORGANIZATION,0.0036248285323381424,-0.019,0.022624828532338142,1
art_234,Francis,PERSON,0.0488833284471184,-0.019,0.0678833284471184,2
art_234,Robert Rohde,PERSON,0.11733494326472282,-0.019,0.1363349432647228,1
art_234,Earth,ORGANIZATION,0.11733494326472282,-0.019,0.1363349432647228,1
art_234,CNN,ORGANIZATION,-0.14904955852155885,-0.019,0.13004955852155886,3
art_234,Friederike Otto,PERSON,0.016889197286218405,-0.019,0.03588919728621841,1
art_234,Grantham Institute for Climate Change and the Environment,ORGANIZATION,0.016889197286218405,-0.019,0.03588919728621841,1
art_234,Otto,PERSON,0.005205510416999459,-0.019,0.02420551041699946,2
art_234,CNN,ORGANIZATION,-0.14904955852155885,-0.019,0.13004955852155886,3
art_235,Reuters,ORGANIZATION,-0.07669735793024302,-0.0767,2.642069756988996e-06,1
art_235,China,ORGANIZATION,-0.010143374558538198,-0.0767,0.0665566254414618,2
art_235,Tedros Adhanom Ghebreyesus,PERSON,-0.07669735793024302,-0.0767,2.642069756988996e-06,1
art_235,director-general,PERSON,-0.07669735793024302,-0.0767,2.642069756988996e-06,1
art_235,World Health Organisation,ORGANIZATION,-0.07669735793024302,-0.0767,2.642069756988996e-06,1
art_235,ACT,ORGANIZATION,-0.11463225803648432,-0.0767,0.03793225803648431,3
art_235,U.S.,ORGANIZATION,0.22926977649331093,-0.0767,0.3059697764933109,1
art_235,envoy,PERSON,0.05641060881316662,-0.0767,0.1331106088131666,1
art_235,John Kerry,PERSON,0.05641060881316662,-0.0767,0.1331106088131666,1
art_235,Xie Zhenhua,PERSON,0.05641060881316662,-0.0767,0.1331106088131666,1
art_235,China,ORGANIZATION,-0.010143374558538198,-0.0767,0.0665566254414618,2
art_235,United States,ORGANIZATION,-0.06642060979114224,-0.0767,0.010279390208857764,3
art_235,Kerry,PERSON,0.05641060881316662,-0.0767,0.1331106088131666,1
art_235,Americans,PERSON,0.05641060881316662,-0.0767,0.1331106088131666,1
art_235,Matilde,PERSON,-0.3278014078969136,-0.0767,0.2511014078969136,2
art_235,Angelica Aureli,PERSON,-0.026025656377896667,-0.0767,0.05067434362210334,1
art_235,Matilde,PERSON,-0.3278014078969136,-0.0767,0.2511014078969136,2
art_235,Sergio Rodriguez,PERSON,-0.0036205854266881943,-0.0767,0.07307941457331181,1
art_235,TVE.Scientists,ORGANIZATION,-0.0036205854266881943,-0.0767,0.07307941457331181,1
art_235,European Union,ORGANIZATION,-0.0036205854266881943,-0.0767,0.07307941457331181,1
art_235,Copernicus Climate Change Service,ORGANIZATION,-0.0036205854266881943,-0.0767,0.07307941457331181,1
art_235,Andreas Flouris,PERSON,-0.0036205854266881943,-0.0767,0.07307941457331181,1
art_235,University of Thessaly,ORGANIZATION,-0.0036205854266881943,-0.0767,0.07307941457331181,1
art_235,Flouris,PERSON,-0.0036205854266881943,-0.0767,0.07307941457331181,1
art_235,Robert Vautard,PERSON,-0.0036205854266881943,-0.0767,0.07307941457331181,1
art_235,Pierre-Simon Laplace Institute,ORGANIZATION,-0.0036205854266881943,-0.0767,0.07307941457331181,1
art_236,US National Centers for Environmental Prediction,ORGANIZATION,0.001210872913361527,0.0227,0.021489127086638474,1
art_236,NCEP,ORGANIZATION,0.009713438812468667,0.0227,0.012986561187531335,2
art_236,World Meteorological Organization,ORGANIZATION,-0.08751108148135245,0.0227,0.11021108148135245,1
art_236,UN,ORGANIZATION,0.01663503870700619,0.0227,0.00606496129299381,7
art_236,Dr,PERSON,-0.05652247697192555,0.0227,0.07922247697192555,3
art_236,Paulo Ceppi,PERSON,0.001419460168108344,0.0227,0.021280539831891657,1
art_236,Grantham Institute,ORGANIZATION,0.001419460168108344,0.0227,0.021280539831891657,1
art_236,Imperial College London,ORGANIZATION,0.001419460168108344,0.0227,0.021280539831891657,1
art_236,Karsten Haustein,PERSON,0.01279627752956003,0.0227,0.009903722470439972,1
art_236,Leipzig University,ORGANIZATION,0.01279627752956003,0.0227,0.009903722470439972,1
art_236,Climate,ORGANIZATION,0.042621692875400186,0.0227,0.019921692875400184,5
art_236,University of Maine,ORGANIZATION,0.01279627752956003,0.0227,0.009903722470439972,1
art_236,Climate Change Institute,ORGANIZATION,0.006210294726770371,0.0227,0.01648970527322963,2
art_236,NCEP,ORGANIZATION,0.009713438812468667,0.0227,0.012986561187531335,2
art_236,Guardian,ORGANIZATION,-0.0003756880760192871,0.0227,0.02307568807601929,1
art_236,Climate Change Institute,ORGANIZATION,0.006210294726770371,0.0227,0.01648970527322963,2
art_236,Met Office,ORGANIZATION,0.13724140357226133,0.0227,0.11454140357226134,1
art_236,UK,ORGANIZATION,0.06198859208961949,0.0227,0.03928859208961949,2
art_236,Ilan Kelman,PERSON,0.18105241004377604,0.0227,0.15835241004377604,1
art_236,University College London,ORGANIZATION,0.18105241004377604,0.0227,0.15835241004377604,1
art_236,Institute for Risk and Disaster Reduction,ORGANIZATION,0.18105241004377604,0.0227,0.15835241004377604,1
art_237,South Africans,PERSON,-0.16689020488411188,-0.0101,0.15679020488411188,1
art_237,South African Weather Service,ORGANIZATION,-0.16689020488411188,-0.0101,0.15679020488411188,1
art_237,SAWS,ORGANIZATION,-0.10050111776217818,-0.0101,0.09040111776217818,2
art_237,SAWS,ORGANIZATION,-0.10050111776217818,-0.0101,0.09040111776217818,2
art_237,World Meteorological Organization,ORGANIZATION,-0.03811132162809372,-0.0101,0.02801132162809372,1
art_237,SA,ORGANIZATION,-0.07085852604359388,-0.0101,0.060758526043593886,5
