article_id,sentence_idx,target_text,target_sentiment,assessment_text,assessment_sentiment,sentence_sentiment,sentence_text,pair_id,outlet,topic,frame
art_001,7,Construction,negative,suspended,negative,neutral,"Construction at the site, which stretches over 3,000 acres, has been suspended, but there was no interruption at the adjacent EV manufacturing facility. ",imm_001,Fox News,immigration,security
art_002,11,workforce,positive,great,positive,neutral,"Asked by a reporter about the reaction from Seoul, he said: ""Well, we want to get along with other countries, and we want to have a great, stable workforce. """,imm_001,BBC,immigration,neutral
art_002,11,workforce,positive,stable,positive,neutral,"Asked by a reporter about the reaction from Seoul, he said: ""Well, we want to get along with other countries, and we want to have a great, stable workforce. """,imm_001,BBC,immigration,neutral
art_003,6,raid,positive,largest,positive,negative,"The raid is the largest single-site enforcement operation in the history of the US Department of Homeland Security (DHS), which was created in the aftermath of the 11 September 2001 terrorist attacks ",imm_001,The Guardian,immigration,humanitarian
art_003,11,raid,negative,disruptive,negative,negative,"The raid showed the disruptive impact that Donald Trump’s mass deportation agenda is having on businesses, even as the White House tries to spur more inflows from foreign investors. ",imm_001,The Guardian,immigration,humanitarian
art_003,20,workers,negative,barred,negative,negative,"DHS officials said the workers who were arrested were barred from working in the US after crossing the border illegally or overstaying visas, following an investigation lasting several months. ",imm_001,The Guardian,immigration,humanitarian
art_004,20,raid,negative,halted,negative,neutral,"The raid halted construction of the EV battery plant, The Associated Press reported. ",imm_001,CNN,immigration,neutral
art_006,4,detainees,negative,frisked,negative,negative,"Some detainees were frisked, put in handcuffs, and then shackled around ankles and waist. ",imm_001,Global Times,immigration,humanitarian
art_006,4,detainees,negative,shackled,negative,negative,"Some detainees were frisked, put in handcuffs, and then shackled around ankles and waist. ",imm_001,Global Times,immigration,humanitarian
art_006,5,scenes,positive,shocking,positive,negative,The scenes were shocking. ,imm_001,Global Times,immigration,humanitarian
art_006,6,US Homeland Security enforcement operation,positive,largest-ever,positive,positive,"This marked the largest-ever US Homeland Security enforcement operation at a single location, a ""special gift"" from the Trump administration to its South Korean ally. ",imm_001,Global Times,immigration,humanitarian
art_006,15,dignity,negative,fragile,negative,negative,"In short, the dignity of an ally appears exceedingly fragile in the face of the ""America First"" doctrine pursued by the US. ",imm_001,Global Times,immigration,humanitarian
art_006,17,displays,positive,large-scale,positive,neutral,"With heavily armed law enforcement, large-scale displays, and extensive media coverage, the US intentionally created a visual shock. ",imm_001,Global Times,immigration,humanitarian
art_006,17,media coverage,positive,extensive,positive,neutral,"With heavily armed law enforcement, large-scale displays, and extensive media coverage, the US intentionally created a visual shock. ",imm_001,Global Times,immigration,humanitarian
art_007,6,activities,negative,match,negative,negative,"Many reportedly entered the US on short-term business visas or under the Visa Waiver Program, but the immigration authorities concluded that their activities at the site did not match the purpose of t",imm_001,RT News,immigration,humanitarian
art_008,3,Stories,positive,Recommended,positive,neutral,"Recommended Stories list of 3 items- list 1 of 3US judge declares Trump’s National Guard deployment to Los Angeles illegal - list 2 of 3Washington, DC, sues to stop Trump deployment of National Guard ",imm_001,Al Jazeera,immigration,humanitarian
art_009,10,investments,positive,welcome,positive,neutral,"“Your investments are welcome, and we encourage you to legally bring your very smart people, with great technical talent, to build world-class products, and we will make it quickly and legally possibl",imm_001,Straits Times,immigration,humanitarian
art_009,18,response,positive,muted,positive,negative,"While Hyundai and other South Korean conglomerates are rushing to contain any fallout for their US operations, the response from other Asian countries and companies has been comparatively muted so far",imm_001,Straits Times,immigration,humanitarian
art_011,7,refugees,negative,threat,negative,neutral,"“There is no evidence that refugees – the most thoroughly vetted of all people entering our nation – are a threat to national security,” said Lena Masri, CAIR’s national litigation director. ",imm_002,BBC,immigration,humanitarian
art_012,28,chancellor,negative,regrets,negative,neutral,"“The chancellor regrets the US entry ban against refugees and citizens from several countries,” he added. ",imm_002,RT News,immigration,humanitarian
art_012,31,decision,negative,bad,negative,negative,“The decision is also bad for Europe because it will increase the Muslim world’s mistrust and hatred of the West.,imm_002,RT News,immigration,humanitarian
art_015,16,DHS,positive,humanely,positive,neutral,"The DHS said in the statement that they “will faithfully execute the immigration laws, and we will treat all of those we encounter humanely and with professionalism.” ",imm_002,Fox News,immigration,security
art_015,16,DHS,positive,professionalism,positive,neutral,"The DHS said in the statement that they “will faithfully execute the immigration laws, and we will treat all of those we encounter humanely and with professionalism.” ",imm_002,Fox News,immigration,security
art_016,30,order,negative,humiliating,negative,negative,"UL, who said he would raise the issue at a White House meeting on Friday.Arab travellers in the Middle East and North Africa said the order was humiliating and discriminatory. ",imm_002,Reuters,immigration,humanitarian
art_016,30,order,negative,discriminatory,negative,negative,"UL, who said he would raise the issue at a White House meeting on Friday.Arab travellers in the Middle East and North Africa said the order was humiliating and discriminatory. ",imm_002,Reuters,immigration,humanitarian
art_016,33,ban,negative,dismay,negative,negative,A Yemeni official expressed dismay at the ban.,imm_002,Reuters,immigration,humanitarian
art_017,4,browser extensions,negative,blocking,negative,neutral,One of your browser extensions seems to be blocking the video player from loading. ,imm_002,France 24,immigration,neutral
art_017,13,order,negative,prohibits,negative,neutral,"The order also prohibits the entry of all refugees, regardless of their nationality, for 120 days. ",imm_002,France 24,immigration,neutral
art_017,25,presidential order,negative,denounced,negative,negative,"They have denounced the presidential order as rash, contrary to American values and, according to them, a violation of the first amendment of the US constitution, which prohibits religious discriminat",imm_002,France 24,immigration,neutral
art_017,25,presidential order,negative,rash,negative,negative,"They have denounced the presidential order as rash, contrary to American values and, according to them, a violation of the first amendment of the US constitution, which prohibits religious discriminat",imm_002,France 24,immigration,neutral
art_017,25,presidential order,negative,violation,negative,negative,"They have denounced the presidential order as rash, contrary to American values and, according to them, a violation of the first amendment of the US constitution, which prohibits religious discriminat",imm_002,France 24,immigration,neutral
art_018,8,measure,negative,unclear,negative,neutral,It is unclear whether the measure would apply to citizens of those countries on trips abroad who already have permission to live and work in the US. ,imm_002,The Guardian,immigration,humanitarian
art_020,2,executive order,negative,cruel,negative,negative,"His executive order last week to halt the American refugee programme, bar those from Syria indefinitely and suspend entry for nationals from seven majority-Muslim countries for 90 days has been rightl",imm_002,South China Morning Post,immigration,humanitarian
art_020,2,executive order,negative,dangerous,negative,negative,"His executive order last week to halt the American refugee programme, bar those from Syria indefinitely and suspend entry for nationals from seven majority-Muslim countries for 90 days has been rightl",imm_002,South China Morning Post,immigration,humanitarian
art_020,12,order,positive,sudden,positive,negative,"His order was sudden and caught off guard thousands of Muslim travellers, American citizens among them, leaving many affected and confused. ",imm_002,South China Morning Post,immigration,humanitarian
art_020,13,Lawyers,positive,thankfully prepared,positive,neutral,Lawyers were thankfully prepared and several federal judges have temporarily stopped the deportation of visa-holders and 16 state attorneys general have said that the decision is unconstitutional. ,imm_002,South China Morning Post,immigration,humanitarian
art_020,13,decision,negative,unconstitutional,negative,neutral,Lawyers were thankfully prepared and several federal judges have temporarily stopped the deportation of visa-holders and 16 state attorneys general have said that the decision is unconstitutional. ,imm_002,South China Morning Post,immigration,humanitarian
art_021,8,order,negative,violates,negative,neutral,City Attorney Dennis Herrera says the order violates state’s rights as well as the rule of law. ,imm_002,BBC,immigration,neutral
art_022,19,tools,positive,effective,positive,neutral,"""And some of the tools have proven to be very effective because they do create such an emotional response in Europe — migration being one of them."" ",imm_005,Fox News,immigration,security
art_022,21,tool,positive,effective,positive,neutral,"""On the migration front, it’s important to see that tool as being incredibly effective in Europe at sowing discontent and causing debate within nations, between nations and within the European Union,""",imm_005,Fox News,immigration,security
art_023,6,flights,negative,halted,negative,negative,"After flights from Iraq to Belarus spiked in early August and were halted, asylum-seekers chose to fly to Minsk from Istanbul (four times a day) or Dubai (twice a day). ",imm_005,China Daily,immigration,humanitarian
art_023,12,sanctions,negative,anger,negative,negative,"In June this year, the sanctions were increased again, causing the Belarusian government's anger. ",imm_005,China Daily,immigration,humanitarian
art_023,22,Schengen Area system,negative,flawed,negative,negative,"On the one hand, the Schengen Area system, under which a group of European countries have agreed to abolish passport and customs controls among one another, remains flawed. ",imm_005,China Daily,immigration,humanitarian
art_023,30,Schengen mechanism,negative,shortcomings,negative,negative,"Six years on, the shortcomings of the Schengen mechanism still exist, and if problems such as how to control refugee flow and pacify border countries are not properly addressed, any large-scale influx",imm_005,China Daily,immigration,humanitarian
art_024,6,night,negative,calm,negative,negative,"""It wasn't a calm night. ",imm_005,BBC,immigration,security
art_025,7,journey,negative,perilous,negative,negative,A perilous journey Journalists and aid workers have been blocked from traveling to the area by an exclusion zone put into effect after Poland declared a state of emergency recently. ,imm_005,CNN,immigration,security
art_025,23,crew,positive,marvelous,positive,positive,They took me to the hospital and the crew at the hospital are marvelous. ,imm_005,CNN,immigration,security
art_025,28,video,negative,clear,negative,negative,CNN cannot verify that claim as the video is not clear enough to say what is happening – but it is yet an example of the war of words which have escalated in the conflict. ,imm_005,CNN,immigration,security
art_026,7,conditions,negative,dangerous,negative,negative,"Many are women and young children and conditions are extremely dangerous, with temperatures dipping below freezing overnight. ",imm_005,The Guardian,immigration,humanitarian
art_026,22,Flights,positive,important,positive,neutral,Flights from Iraqi Kurdistan have been an important conduit for smugglers to bring people from various Middle Eastern countries to Belarus. ,imm_005,The Guardian,immigration,humanitarian
art_026,33,temperatures,negative,dangerous,negative,negative,"Meanwhile, temperatures in the forested no man’s land between Belarus and Poland are falling and becoming more dangerous every day. ",imm_005,The Guardian,immigration,humanitarian
art_027,8,victory,negative,fraudulent,negative,neutral,"His victory in the 2020 presidential polls, widely perceived as fraudulent, triggered nation-wide protests by pro-democracy activists. ",imm_005,The Hindu,immigration,neutral
art_027,20,border security,positive,tightened,positive,neutral,"It has tightened its border security, amassing 15,000 troops and creating a two-mile deep buffer zone to prevent unauthorised border crossings. ",imm_005,The Hindu,immigration,neutral
art_028,6,actions,negative,aggressive,negative,negative,"These are aggressive actions that we must repel, fulfilling our obligations as a member of the European Union."" ",imm_005,Reuters,immigration,humanitarian
art_029,1,situation,negative,tense,negative,negative,"Talking to the press, spokesman Dmitry Peskov called the situation on the frontier “extremely tense,” slamming the EU countries for treating the refugees passing from Belarus to Poland as somehow diff",imm_005,RT News,immigration,humanitarian
art_029,11,story,positive,Like,positive,neutral,Like this story? ,imm_005,RT News,immigration,humanitarian
art_030,12,Conditions,positive,improved,positive,neutral,"Migrants continue to face harsh conditions Conditions have improved for some migrants who are trying to get into the EU, with some given shelter in a warehouse in Belarus. ",imm_005,DW,immigration,humanitarian
art_030,15,experience,positive,heartrending,positive,negative,"""It was a really heartrending experience, because we got a tip from local aid workers that somebody had called for help from the forest, and we went out into the forest with them. ",imm_005,DW,immigration,humanitarian
art_030,25,conventions,negative,suspended,negative,negative,"And so these basic principles, these conventions are suspended. ",imm_005,DW,immigration,humanitarian
art_030,34,guiding principles,negative,sidelined,negative,neutral,The migration adviser also said that the guiding principles of the 1951 Refugee Convention have been sidelined. ,imm_005,DW,immigration,humanitarian
art_031,3,Stories,positive,Recommended,positive,negative,Recommended Stories list of 4 items- list 1 of 4Migrants stuck at Belarus-Poland border used as “political pawns” - list 2 of 4Fears grow for child refugees stranded on Belarus-Poland border - list 3 ,imm_005,Al Jazeera,immigration,humanitarian
art_031,16,situation,negative,angry,negative,negative,EU creating a humanitarian crisis: Sea Watch The non-governmental group Sea Watch International has said it is “shocked and angry” about the situation. ,imm_005,Al Jazeera,immigration,humanitarian
art_033,9,crew,positive,safe,positive,neutral,"All crew and activists were reported safe.
",pol_001,Al Jazeera,political conflict,people-centric
art_033,9,activists,positive,safe,positive,neutral,"All crew and activists were reported safe.
",pol_001,Al Jazeera,political conflict,people-centric
art_034,0,passengers,positive,safe,positive,neutral,"An activist group seeking to break Israel’s siege on Gaza by sea said one of its main boats was struck by a drone at a port in Tunisia on Monday night, but all six passengers and crew are safe. ",pol_001,CNN,political conflict,neutral
art_034,0,crew,positive,safe,positive,neutral,"An activist group seeking to break Israel’s siege on Gaza by sea said one of its main boats was struck by a drone at a port in Tunisia on Monday night, but all six passengers and crew are safe. ",pol_001,CNN,political conflict,neutral
art_034,8,fire,positive,extinguished,positive,neutral,"The fire was extinguished and all passengers and crew were safe, the group said. ",pol_001,CNN,political conflict,neutral
art_034,20,features,negative,exclusive,negative,neutral,"The features, he said, were “common, but not exclusive, to some models of Israeli hand grenades,” adding that better images may reveal more details. ",pol_001,CNN,political conflict,neutral
art_036,2,travel ban,negative,restricts,negative,neutral,"The new travel ban restricts people from six Muslim-majority countries from entering the United States for 90 days and all refugees for 120 days, unless they can prove a ""bona fide"" relationship with ",imm_003,Global Times,immigration,neutral
art_036,5,family ties,negative,excluded,negative,negative,"However, some family ties are excluded from the ""bona fide"" relationships, including grandparents and grandchildren, as well as aunts and uncles. ",imm_003,Global Times,immigration,neutral
art_037,21,order,negative,confusion,negative,negative,The order caused major confusion at airports as officials scrambled to enforce it and was blocked by federal courts. ,imm_003,Al Jazeera,immigration,humanitarian
art_037,23,airports,positive,orderly,positive,neutral,"On Thursday, hours before the narrowed version of Trump’s order came into effect at 8pm local time (00:00 GMT Friday), New York’s airports were more orderly. ",imm_003,Al Jazeera,immigration,humanitarian
art_037,27,inbox,negative,overflowing,negative,neutral,"My inbox is overflowing because lawyers say they’re ready to come back out to fight,” added Mackler, advising those in need to get in touch with the Muslim Immigration Ban Hotline. ",imm_003,Al Jazeera,immigration,humanitarian
art_038,17,injunction,negative,too broad,negative,negative,"However, a three-judge panel of the 9th Circuit later concluded that the injunction was too broad. ",imm_003,RT News,immigration,neutral
art_040,29,policy,negative,un-American,negative,negative,"However, critics called the policy un-American and Islamophobic, and said that this ban would not have stopped atrocities in the US perpetrated by American-born attackers. ",imm_003,BBC,immigration,humanitarian
art_040,29,policy,negative,Islamophobic,negative,negative,"However, critics called the policy un-American and Islamophobic, and said that this ban would not have stopped atrocities in the US perpetrated by American-born attackers. ",imm_003,BBC,immigration,humanitarian
art_043,2,case,positive,important,positive,neutral,"""We have asked the Supreme Court to hear this important case and are confident that President Trump's executive order is well within his lawful authority to keep the nation safe and protect our commun",imm_003,France 24,immigration,security
art_044,16,scene,positive,calm,positive,negative,"At John F Kennedy airport in New York City, the site of some of the largest protests when the Trump’s first order was chaotically rolled out in January, the scene was calm as the partial ban rolled in",imm_003,The Guardian,immigration,humanitarian
art_044,26,group,positive,encouraged,positive,neutral,The group encouraged any passengers traveling to the US who had concerns about entry to ring a hotline offering legal advice. ,imm_003,The Guardian,immigration,humanitarian
art_046,12,exemptions,negative,unfair,negative,negative,"Immigrant rights groups and Democrats in Congress continued to label Trump's order ""illegal"" and said the exemptions provided in a Supreme Court ruling on Monday remained unfair. ",imm_003,Daily Maverick,immigration,security
art_046,17,hotel reservation,positive,qualify,positive,negative,"But a hotel reservation, even if already paid for, does not qualify. ",imm_003,Daily Maverick,immigration,security
art_046,23,travel ban,negative,unconstitutional,negative,negative,"""Just hours before the president's unconstitutional and misguided travel ban takes partial effect tonight, administration officials briefing Congress were unwilling or unable to provide meaningful ans",imm_003,Daily Maverick,immigration,security
art_046,23,travel ban,negative,misguided,negative,negative,"""Just hours before the president's unconstitutional and misguided travel ban takes partial effect tonight, administration officials briefing Congress were unwilling or unable to provide meaningful ans",imm_003,Daily Maverick,immigration,security
art_047,12,number,negative,fluctuating,negative,negative,"""The number is fluctuating, because people are stuck on the Belarusian border with Poland or Lithuania and so far they have not been authorised to go back to Minsk by the Belarusian authorities,"" al-K",imm_004,Fox News,immigration,security
art_048,4,EU-Belarus relations,negative,strained,negative,negative,EU-Belarus relations have been severely strained since long-term leader Alexander Lukashenko declared victory in a discredited presidential election last year and tried to silence dissent by cracking ,imm_004,BBC,immigration,neutral
art_049,2,scenes,negative,chaotic,negative,negative,"There were chaotic scenes on the Bruzgi-Kuźnica border crossing, where crowds of migrants could be seen breaking up concrete blocks and gathering tree branches to throw toward the Polish side. ",imm_004,CNN,immigration,humanitarian
art_049,16,BelTA,negative,aggravation,negative,negative,"BelTA reported “an aggravation of the situation” on the border on Tuesday, as migrants try “by all means to get to Poland” and Polish authorities respond with tear gas, stun grenades and water cannon,",imm_004,CNN,immigration,humanitarian
art_050,8,migrants,positive,aggressive,positive,negative,"“The migrants are very aggressive, they throw stones at Polish officers and soldiers.” ",imm_004,The Guardian,immigration,humanitarian
art_050,21,information,negative,disturbing,negative,negative,“We have been receiving more and more disturbing information stating of attempts at forcing migrants to take part in Belarusian provocation and to use violence against the Polish officers … ,imm_004,The Guardian,immigration,humanitarian
art_050,35,place,positive,beautiful,positive,positive,I want my son Taman to live in a beautiful place.” ,imm_004,The Guardian,immigration,humanitarian
art_051,4,situation,positive,escalation,positive,negative,The situation marks an escalation in a tense migration and political border crisis amongst the European Union countries where the lives of thousands of migrants are at stake. ,imm_004,The Hindu,immigration,neutral
art_052,4,situation,positive,escalation,positive,negative,The situation marks an escalation in a tense migration and political border crisis amongst the European Union countries where the lives of thousands of migrants are at stake. ,imm_004,The Hindu,immigration,neutral
art_053,20,number,negative,fluctuating,negative,negative,"The number is fluctuating, because people are stuck on the Belarusian border with Poland or Lithuania and so far they have not been authorised to go back to Minsk by the Belarusian authorities,"" the c",imm_004,Reuters,immigration,neutral
art_054,2,browser extensions,negative,blocking,negative,neutral,One of your browser extensions seems to be blocking the video player from loading. ,imm_004,France 24,immigration,security
art_054,11,browser extensions,negative,blocking,negative,neutral,One of your browser extensions seems to be blocking the video player from loading. ,imm_004,France 24,immigration,security
art_054,27,browser extensions,negative,blocking,negative,neutral,One of your browser extensions seems to be blocking the video player from loading. ,imm_004,France 24,immigration,security
art_054,34,Turkish Airlines,negative,banned,negative,negative,"Turkish Airlines has now banned Iraqis, Syrians and Yemenis from flying to Belarus via Turkey and private Syrian carrier Cham Wings Airlines has said it will halt flights to Minsk. ",imm_004,France 24,immigration,security
art_054,35,flights,negative,banned,negative,neutral,"Belarus's state-run airline Belavia has also said that Syrians, Iraqis, Yemenis and Afghans are banned from incoming flights from the United Arab Emirates at Dubai's request.",imm_004,France 24,immigration,security
art_055,3,Stories,positive,Recommended,positive,neutral,Recommended Stories list of 4 items- list 1 of 4In Pictures: Refugee crisis at Polish-Belarusian border - list 2 of 4EU agrees new sanctions on Belarus over border crisis - list 3 of 4What’s Putin’s g,imm_004,Al Jazeera,immigration,humanitarian
art_055,7,actions,negative,illegal,negative,neutral,The actions of the Polish forces are not only illegal but also inhuman.” ,imm_004,Al Jazeera,immigration,humanitarian
art_055,7,actions,negative,inhuman,negative,neutral,The actions of the Polish forces are not only illegal but also inhuman.” ,imm_004,Al Jazeera,immigration,humanitarian
art_055,7,Polish forces,negative,illegal,negative,neutral,The actions of the Polish forces are not only illegal but also inhuman.” ,imm_004,Al Jazeera,immigration,humanitarian
art_055,7,Polish forces,negative,inhuman,negative,neutral,The actions of the Polish forces are not only illegal but also inhuman.” ,imm_004,Al Jazeera,immigration,humanitarian
art_055,15,situation,positive,calmer,positive,neutral,The situation appeared calmer by the afternoon. ,imm_004,Al Jazeera,immigration,humanitarian
art_055,21,practice,negative,dubious,negative,neutral,"Polish authorities passed a law that effectively legalises pushbacks, although the practice remains dubious under international law. ",imm_004,Al Jazeera,immigration,humanitarian
art_055,22,border area,negative,inaccessible,negative,negative,"Moreover, the border area has been marked as a state of emergency which means that it is inaccessible to media and NGOs, meaning they can neither gather information nor provide migrants with humanitar",imm_004,Al Jazeera,immigration,humanitarian
art_057,0,case,positive,landmark,positive,neutral,"The Supreme Court on Friday agreed to review the legality of President Donald Trump's executive order to end birthright citizenship in the U.S., a landmark case that stands to profoundly upend the liv",imm_006,Fox News,immigration,neutral
art_057,4,provision,negative,misinterpreted,negative,negative,"Trump's order would reinterpret the 14th Amendment, which states, ""All persons born or naturalized in the United States, and subject to the jurisdiction thereof, are citizens of the United States and ",imm_006,Fox News,immigration,neutral
art_057,5,language,negative,blocked,negative,neutral,"FEDERAL JUDGE BLOCKS TRUMP'S BIRTHRIGHT CITIZENSHIP BAN FOR ALL INFANTS, TESTING LOWER COURT POWERS Instead, the language put forth by the Trump administration, and which remains blocked by lower cour",imm_006,Fox News,immigration,neutral
art_057,7,effort,negative,unconstitutional,negative,negative,"Meanwhile, opponents argue that the effort is an unconstitutional and ""unprecedented"" effort that would threaten some 150,000 children in the U.S. born annually to parents of non-citizens, and an esti",imm_006,Fox News,immigration,neutral
art_057,12,executive order,negative,unconstitutional,negative,negative,"More than 22 U.S. states and immigrants' rights groups have sued the Trump administration to block the change to birthright citizenship, arguing in court filings that the executive order is both uncon",imm_006,Fox News,immigration,neutral
art_059,12,executive order,negative,unconstitutional,negative,neutral,"District Judge John Coughenour, who heard the case in Washington state, described the president’s executive order as “blatantly unconstitutional”. ",imm_006,Straits Times,immigration,security
art_060,21,citations,negative,inapposite,negative,negative,"“Their case amounts to little more than a jumble of historical misstatements, inapposite citations, newly manufactured doctrines, and – more than anything else – policy preferences,” the American Civi",imm_006,CNN,immigration,neutral
art_060,21,doctrines,negative,newly manufactured,negative,negative,"“Their case amounts to little more than a jumble of historical misstatements, inapposite citations, newly manufactured doctrines, and – more than anything else – policy preferences,” the American Civi",imm_006,CNN,immigration,neutral
art_063,3,Stories,positive,Recommended,positive,neutral,Recommended Stories list of 3 items- list 1 of 3What’s at stake in US Supreme Court birthright citizenship case? ,imm_006,Al Jazeera,immigration,neutral
art_063,14,executive order,negative,unconstitutional,negative,neutral,"District Judge John Coughenour, who heard the case in Washington state, described the president’s executive order as “blatantly unconstitutional”. ",imm_006,Al Jazeera,immigration,neutral
art_064,2,order,positive,contentious,positive,negative,The order was a contentious part of the administration’s far-reaching immigration crackdown – and a step that would transform the interpretation of a 19th-century constitutional provision. ,imm_006,The Guardian,immigration,humanitarian
art_064,3,order,negative,violates,negative,neutral,"Multiple judges across the country filed injunctions blocking the order, finding it violates or probably violates the constitution, federal statute and US supreme court precedent. ",imm_006,The Guardian,immigration,humanitarian
art_065,11,president's executive order,negative,unconstitutional,negative,neutral,"District Judge John Coughenour, who heard the case in Washington state, described the president's executive order as ""blatantly unconstitutional."" ",imm_006,Le Monde,immigration,neutral
art_066,13,executive order,negative,unconstitutional,negative,neutral,"In a series of decisions, lower courts have struck down the executive order as unconstitutional, or likely so, even after a Supreme Court ruling in late June that limited judges' use of nationwide inj",imm_006,The Hindu,immigration,neutral
art_067,8,thing,negative,craziest,negative,negative,It is the craziest thing I've ever seen. ,imm_007,Fox News,immigration,security
art_069,12,gift,positive,profound,positive,neutral,"‘Priceless and profound gift’ US Solicitor-General D. John Sauer, representing the administration, told the justices that most nations do not grant automatic birthright citizenship. ",imm_007,Straits Times,immigration,neutral
art_071,0,Supreme Court,negative,sceptical,negative,negative,"US Supreme Court appears sceptical of Trump plan to limit birthright citizenship The Supreme Court has appeared sceptical of President Donald Trump's executive order limiting birthright citizenship, a",imm_007,BBC,immigration,security
art_071,1,court,negative,unconvinced,negative,neutral,A majority of the court seemed unconvinced the US should stop granting citizenship to children of undocumented immigrants and some temporary US visitors. ,imm_007,BBC,immigration,security
art_073,3,Stories,positive,Recommended,positive,neutral,Recommended Stories list of 3 items- list 1 of 3Can Trump end birthright citizenship? ,imm_007,Al Jazeera,immigration,humanitarian
art_074,3,case,positive,significant,positive,neutral,His attendance was a striking signal of just how significant this case is. ,imm_007,The Guardian,immigration,humanitarian
art_074,13,arguments,negative,alarming,negative,negative,The arguments also raised alarming questions about who should and would be considered American. ,imm_007,The Guardian,immigration,humanitarian
art_075,4,move,negative,unconstitutional,negative,neutral,"Lower courts blocked the move as unconstitutional, ruling that under the Citizenship Clause of the 14th Amendment, nearly everyone born on US soil is an American citizen. ",imm_007,Le Monde,immigration,security
art_076,4,move,negative,unconstitutional,negative,neutral,"Lower courts blocked the move as unconstitutional, ruling that under the Citizenship Clause of the 14th Amendment nearly everyone born on US soil is an American citizen.",imm_007,News24,immigration,neutral
art_077,20,executive order,negative,blocked,negative,negative,The executive order has been blocked by three U.S. district courts on a nationwide basis for violating the Constitution.Trump administration has argued for a narrowing down the lower courts’ injunctio,imm_007,The Hindu,immigration,neutral
art_077,26,executive order,negative,blocked,negative,negative,"The executive order issued by Mr. Trump is, as of now, blocked and all babies born on U.S. soil are being issued American birth certificates and considered citizens, regardless of the parents’ immigra",imm_007,The Hindu,immigration,neutral
art_077,29,executive order,negative,retroactive,negative,negative,"the executive order is not retroactive in scope, which means that it would not impact children born before the order was issued.",imm_007,The Hindu,immigration,neutral
art_078,0,plan,positive,contentious,positive,neutral,Trump to attend birthright citizenship case in top court Updated: 2026-04-02 09:35 WASHINGTON — The US Supreme Court was set on Wednesday to consider the legality of President Donald Trump's directive,imm_007,Xinhua,immigration,neutral
art_078,4,policy,negative,violated,negative,negative,"His policy violated citizenship language in the US Constitution's 14th Amendment as well as a federal law codifying birthright citizenship rights, the lower court found, acting in a class-action lawsu",imm_007,Xinhua,immigration,neutral
art_079,6,economy,negative,souring,negative,neutral,TRUMP SET TO MEET WITH WORLD LEADERS IN DC DURING BUSY WEEK AS RUSSIA-UKRAINE PEACE TALKS CONTINUE The snap election came as the European nation grapples with illegal immigration and a souring economy,imm_008,Fox News,immigration,security
art_080,1,Mr. Vance,negative,pilloried,negative,neutral,Mr. Vance was pilloried for “interfering in Germany’s affairs”. ,imm_008,The Hindu,immigration,humanitarian
art_080,6,security,positive,fragile,positive,neutral,The security and peace that Germany and Europe had come to cherish after the fall of the Wall is fragile. ,imm_008,The Hindu,immigration,humanitarian
art_081,5,support,positive,glowing,positive,neutral,"In a strange twist to the polarised campaign, the AfD has basked in the glowing support lavished on it by Trump's entourage, with billionaire Elon Musk touting it as the only party to ""save Germany"".",imm_008,News24,immigration,security
art_081,20,AfD,positive,best-ever,positive,neutral,"The AfD, strongest in the ex-communist east, is on track for its best-ever result after Germany was shocked by a series of high-profile attacks in which the suspects wereasylum seekers.",imm_008,News24,immigration,security
art_081,22,attacks,negative,deadly,negative,negative,"More deadly attacks followed, both blamed on Afghan asylum seekers: a stabbing spree targeting kindergarten children and another car-ramming attack in Munich.On Friday, a Syrian man who police said wa",imm_008,News24,immigration,security
art_082,27,figure Merkel,negative,Hate,negative,negative,"Hate figure Merkel If there is one figure who consistently attracts AfD voters’ ire, it is Dr Merkel, who decided to phase out nuclear power after Japan’s 2011 Fukushima disaster and allowed more than",imm_008,Straits Times,immigration,security
art_084,7,feeling,positive,amazing,positive,positive,It's the most amazing feeling. ,imm_008,Reuters,immigration,neutral
art_087,9,mood,positive,ecstatic,positive,neutral,"The mood at the far right’s election party in Berlin was ecstatic as the exit polls first flashed onto the screens, with people cheering and waving Germany flags. ",imm_008,CNN,immigration,neutral
art_087,11,interventions,positive,dramatic,positive,negative,"These interventions are “no less dramatic and drastic and ultimately outrageous than the interventions we have seen from Moscow,” Merz said. ",imm_008,CNN,immigration,neutral
art_087,11,interventions,positive,drastic,positive,negative,"These interventions are “no less dramatic and drastic and ultimately outrageous than the interventions we have seen from Moscow,” Merz said. ",imm_008,CNN,immigration,neutral
art_087,11,interventions,positive,outrageous,negative,negative,"These interventions are “no less dramatic and drastic and ultimately outrageous than the interventions we have seen from Moscow,” Merz said. ",imm_008,CNN,immigration,neutral
art_087,16,policy,negative,controversial,negative,neutral,The controversial policy has drawn comparisons to the Nazi era. ,imm_008,CNN,immigration,neutral
art_088,19,election,positive,divisive,positive,neutral,"The result was a divisive election that had helped to legitimise the far right, said Ella, 30. ",imm_008,The Guardian,immigration,humanitarian
art_088,27,coalition,positive,easy,positive,neutral,"“I don’t know what kind of coalition we’re going to have now, but I think it won’t be easy to make new laws and to keep politics going here in Germany,” Charlotte said. ",imm_008,The Guardian,immigration,humanitarian
art_088,31,AfD,positive,strong,positive,neutral,"The AfD proved particularly strong among in the 25-34 age bracket, receiving 22% of the vote, ahead of the CDU/CSU at 18%, and the Greens and Die Linke at 16% each.",imm_008,The Guardian,immigration,humanitarian
art_089,4,policies,positive,popular,positive,neutral,"The AfD has articulated several key policies, which have proved popular with many German voters. ",imm_008,Al Jazeera,immigration,neutral
art_089,23,Left party,positive,success,positive,neutral,"That said, the Left party has also found success in eastern Germany despite declining support in recent years. ",imm_008,Al Jazeera,immigration,neutral
art_089,28,coalition,positive,grand,positive,positive,"A grand coalition including the CDU, the CSU and the Social Democratic Party (SPD) is the most likely option with CDU leader Friedrich Merz as chancellor.",imm_008,Al Jazeera,immigration,neutral
art_090,6,AfD,negative,controversy,negative,neutral,The AfD has faced controversy over comments made by current and former members regarding Germany’s past under Adolf Hitler. ,imm_008,RT News,immigration,neutral
art_093,0,passengers,positive,safe,positive,neutral,"Sept 9 (Reuters) - The Global Sumud Flotilla (GSF) for Gaza said on Tuesday that one of its main boats was struck by a drone at a port in Tunisia, though all six passengers and crew were safe.",pol_001,Reuters,political conflict,people-centric
art_093,0,crew,positive,safe,positive,neutral,"Sept 9 (Reuters) - The Global Sumud Flotilla (GSF) for Gaza said on Tuesday that one of its main boats was struck by a drone at a port in Tunisia, though all six passengers and crew were safe.",pol_001,Reuters,political conflict,people-centric
art_095,4,flotilla,negative,delayed,negative,neutral,"The flotilla, which aims to break Israel's blockade of Gaza, was due to resume its voyage on Wednesday after being delayed multiple times by weather conditions and other issues. ",pol_001,Le Monde,political conflict,people-centric
art_095,13,vessel,positive,quickly extinguished,positive,negative,"The vessel was in Tunisian waters when a fire broke out and was quickly extinguished, according to an AFP journalist who arrived shortly after the flames had been doused. ",pol_001,Le Monde,political conflict,people-centric
art_095,19,Organizers,negative,declined,negative,neutral,"Organizers declined to react to the authorities' account of the incident, with Henchiri saying it concerned ""state security."" ",pol_001,Le Monde,political conflict,people-centric
art_095,23,Greta Thunberg,positive,high-profile,positive,neutral,"Among its high-profile participants is Greta Thunberg, who addressed pro-Palestinian campaigners in Tunisia on Sunday. ",pol_001,Le Monde,political conflict,people-centric
art_095,24,flotilla,negative,delayed,negative,neutral,"The flotilla is due to resume its voyage to the Gaza Strip on Wednesday, after being delayed multiple times by weather conditions and other issues. ",pol_001,Le Monde,political conflict,people-centric
art_096,0,passengers,positive,safe,positive,negative,"Tunisia denies Gaza aid flotilla boat was hit by drone at port Gaza-bound flotilla said one of its boats was hit by a drone, while Tunisian authorities claimed a fire broke out on the vessel itself Th",pol_001,South China Morning Post,political conflict,neutral
art_096,0,crew,positive,safe,positive,negative,"Tunisia denies Gaza aid flotilla boat was hit by drone at port Gaza-bound flotilla said one of its boats was hit by a drone, while Tunisian authorities claimed a fire broke out on the vessel itself Th",pol_001,South China Morning Post,political conflict,neutral
art_098,23,Global Sumud Flotilla,positive,undeterred,positive,neutral,"The Global Sumud Flotilla continues undeterred,"" the GSF said. ",pol_001,Straits Times,political conflict,state-centric
art_100,3,communications,negative,jammed,negative,negative,"Overnight, explosions and unidentified drones were reported around some of the boats as communications were jammed. ",pol_001,Daily Maverick,political conflict,people-centric
art_100,9,mission,negative,non-violent,negative,neutral,"“Let me be clear, this is a non-violent mission. ",pol_001,Daily Maverick,political conflict,people-centric
art_100,27,boats,negative,malfunctioning,negative,negative,"It faced several setbacks during the last few weeks, including severe weather and some boats malfunctioning, forcing some volunteers to return home early, including Sacks, due to a lack of seats. ",pol_001,Daily Maverick,political conflict,people-centric
art_101,6,Greta,positive,safe,positive,positive,Greta and her friends are safe and healthy. ,pol_002,RT News,political conflict,neutral
art_101,6,Greta,positive,healthy,positive,positive,Greta and her friends are safe and healthy. ,pol_002,RT News,political conflict,neutral
art_101,9,communications,negative,cut,negative,neutral,Live streams and communications have been cut. ,pol_002,RT News,political conflict,neutral
art_101,9,Live streams,negative,cut,negative,neutral,Live streams and communications have been cut. ,pol_002,RT News,political conflict,neutral
art_101,10,status,negative,unconfirmed,negative,neutral,The status of the unarmed participants and crew is unconfirmed. ,pol_002,RT News,political conflict,neutral
art_102,3,Stories,positive,Recommended,positive,neutral,Recommended Stories list of 3 items- list 1 of 3Why have Spain and Italy sent ships to assist the Gaza Sumud flotilla? ,pol_002,Al Jazeera,political conflict,neutral
art_103,7,Israel Defense Forces,positive,congratulated,positive,neutral,"Earlier Thursday, Defense Minister Israel Katz congratulated the Israel Defense Forces on “stopping and neutralizing the terror flotilla.” ",pol_002,CNN,political conflict,state-centric
art_103,7,Defense Minister Israel Katz,positive,congratulated,positive,neutral,"Earlier Thursday, Defense Minister Israel Katz congratulated the Israel Defense Forces on “stopping and neutralizing the terror flotilla.” ",pol_002,CNN,political conflict,state-centric
art_103,8,military personnel,positive,commended,positive,negative,"Prime Minister Benjamin Netanyahu also commended the military personnel involved in the operation, saying: “Their important operation prevented dozens of vessels from entering the war zone and repelle",pol_002,CNN,political conflict,state-centric
art_104,15,"""Greta",positive,safe,positive,neutral,"""Greta and her friends are safe and healthy,"" the Israeli government said. ",pol_002,BBC,political conflict,state-centric
art_104,15,"""Greta",positive,healthy,positive,neutral,"""Greta and her friends are safe and healthy,"" the Israeli government said. ",pol_002,BBC,political conflict,state-centric
art_105,16,reports,negative,concerning,negative,negative,Tonight's reports are very concerning. ,pol_002,Reuters,political conflict,people-centric
art_105,19,status,positive,unconfirmed,mixed,neutral,"The flotilla said in separate posts on Telegram that its vessels Spectre, Alma, Sirius, along with other boats in international waters had been boarded by Israeli forces, and that the status of those ",pol_002,Reuters,political conflict,people-centric
art_105,22,Organisers,negative,defiant,negative,neutral,"Organisers have remained defiant, saying in a statement that the flotilla ""will continue undeterred"".",pol_002,Reuters,political conflict,people-centric
art_106,14,broadcast,negative,cut off,negative,negative,The broadcast cut off shortly afterwards. ,pol_002,The Guardian,political conflict,neutral
art_107,12,flotilla,positive,safely stopped,positive,neutral,"flotilla have been safely stopped and their passengers are being transferred to an Israeli port."" ",pol_002,Le Monde,political conflict,neutral
art_107,20,passengers,positive,safe,positive,neutral,"The passengers are safe and in good health,"" the ministry said on X. 'International law violation' The flotilla had earlier vowed to press on with its bid to deliver aid to the devastated coastal terr",pol_002,Le Monde,political conflict,neutral
art_107,20,passengers,positive,good,positive,neutral,"The passengers are safe and in good health,"" the ministry said on X. 'International law violation' The flotilla had earlier vowed to press on with its bid to deliver aid to the devastated coastal terr",pol_002,Le Monde,political conflict,neutral
art_110,2,flotilla,negative,reduced,negative,neutral,The flotilla has since been reduced to a single vessel still headed toward Gaza. ,pol_002,Fox News,political conflict,neutral
art_110,10,passengers,positive,safe,positive,positive,All the passengers are safe and in good health. ,pol_002,Fox News,political conflict,neutral
art_111,5,flotilla,positive,high-profile,positive,neutral,The flotilla is the most high-profile symbol of opposition to Israel’s blockade of Gaza. ,pol_002,Straits Times,political conflict,state-centric
art_111,28,Organisers,positive,defiant,positive,neutral,"Organisers remained defiant, saying in a statement that the flotilla “will continue undeterred”. ",pol_002,Straits Times,political conflict,state-centric
art_112,3,group,positive,undeterred,positive,negative,"The group, which includes Nelson Mandela’s grandson, Mandla Mandela, former Barcelona Mayor Ada Colau and several European lawmakers, said it remained undeterred in its mission to break the Israeli bl",pol_002,The Hindu,political conflict,neutral
art_112,21,scenario,negative,unlikely,negative,neutral,"Activists had acknowledged that scenario was unlikely and were expecting Israeli authorities to try to stop them at any moment, as they have done in past attempts.",pol_002,The Hindu,political conflict,neutral
art_115,0,Greta Thunberg,negative,mistreated,negative,negative,"Greta Thunberg mistreated by Israeli forces in detention, activists say Activists describe mistreatment after Israel intercepted Gaza aid flotilla and detained about 450 people. ",pol_003,Al Jazeera,political conflict,people-centric
art_115,3,Stories,positive,Recommended,positive,negative,"Recommended Stories list of 3 items- list 1 of 3Gaza protests held in Europe, more than 400 arrests made in London - list 2 of 3Can a ‘one-sided, unserious’ US plan deliver peace to Gaza? ",pol_003,Al Jazeera,political conflict,people-centric
art_115,27,claims,negative,lies,negative,negative,“All of Adalah’s claims are complete lies. ,pol_003,Al Jazeera,political conflict,people-centric
art_117,15,mission,negative,shame,negative,negative,"That this mission has to exist is a shame."" ",pol_003,BBC,political conflict,state-centric
art_118,5,medication,negative,confiscated,negative,negative,"They treated us like animals,"" said Helmi, 28, adding that detainees were not provided with clean food or water and that medication and belongings were confiscated. ",pol_003,Reuters,political conflict,neutral
art_118,5,belongings,negative,confiscated,negative,negative,"They treated us like animals,"" said Helmi, 28, adding that detainees were not provided with clean food or water and that medication and belongings were confiscated. ",pol_003,Reuters,political conflict,neutral
art_118,17,medications,negative,denied,negative,negative,"According to Adalah, an Israeli group offering legal assistance to flotilla members, some detainees were denied access to lawyers, water, medications, and toilets.",pol_003,Reuters,political conflict,neutral
art_118,17,toilets,negative,denied,negative,negative,"According to Adalah, an Israeli group offering legal assistance to flotilla members, some detainees were denied access to lawyers, water, medications, and toilets.",pol_003,Reuters,political conflict,neutral
art_118,23,mission,negative,denounced,negative,negative,"they were not denied access to legal counsel, and all their legal rights were fully upheld,"" a foreign ministry spokesperson told Reuters.The flotilla, which set sail in late August, marked the latest",pol_003,Reuters,political conflict,neutral
art_119,13,DFAT,negative,mocked,negative,negative,"It said the DFAT had been told the man was later attacked while in prison, slapped in the face, mocked and verbally abused, denied clean water and kept awake as guards shouted at him throughout the ni",pol_003,The Guardian,political conflict,people-centric
art_119,23,Greta,positive,strong,positive,neutral,"Greta is a strong and courageous woman, but during detention she looked deeply shaken,” D’Agostino said. ",pol_003,The Guardian,political conflict,people-centric
art_119,25,allegations,negative,ludicrous,negative,neutral,The Israeli foreign ministry statement said Thunberg “did not complain to the Israeli authorities about any of these ludicrous and baseless allegations – because they never occurred”. ,pol_003,The Guardian,political conflict,people-centric
art_119,25,allegations,negative,baseless,negative,neutral,The Israeli foreign ministry statement said Thunberg “did not complain to the Israeli authorities about any of these ludicrous and baseless allegations – because they never occurred”. ,pol_003,The Guardian,political conflict,people-centric
art_120,8,flight,positive,facilitated,positive,neutral,"""This flight also facilitated the return of 134 nationals from 15 European countries,"" it added, without giving a breakdown. ",pol_003,Le Monde,political conflict,neutral
art_121,0,hijabs,negative,snatched,negative,negative,"Advertisement Toilet water, snatched hijabs: Malaysian Gaza activists recount Israeli detention Malaysians who were part of a Gaza aid flotilla say they were humiliated and denied basic rights, forcin",pol_003,South China Morning Post,political conflict,people-centric
art_122,9,people,positive,ordinary,mixed,neutral,These were ordinary people. ,pol_003,Global Times,political conflict,people-centric
art_122,11,work,positive,simple,positive,positive,"The work we were doing was simple, urgent and powerful. ",pol_003,Global Times,political conflict,people-centric
art_122,11,work,positive,urgent,positive,positive,"The work we were doing was simple, urgent and powerful. ",pol_003,Global Times,political conflict,people-centric
art_122,11,work,positive,powerful,positive,positive,"The work we were doing was simple, urgent and powerful. ",pol_003,Global Times,political conflict,people-centric
art_122,13,support,positive,powerful,positive,positive,"That's what took us and brought us with so much powerful mobilization, support and solidarity from across the world all the way up until the night of our abduction by Israeli naval forces. ",pol_003,Global Times,political conflict,people-centric
art_122,21,movement,positive,growing,positive,neutral,The movement is growing. ,pol_003,Global Times,political conflict,people-centric
art_124,18,medicine,negative,denied,negative,negative,"“We were handcuffed (with hands behind our backs), we couldn’t walk, some of us were made to lie face down on the ground, and then we were denied water, and some of us were denied medicine,” she said.",pol_003,Straits Times,political conflict,people-centric
art_126,12,South Africans,negative,disadvantage,negative,negative,"Internationally renowned writer and author Zukiswa Wanner said the South Africans had been at a disadvantage because there was no South African embassy in Israel, and only a representative office in R",pol_003,Daily Maverick,political conflict,people-centric
art_126,16,journey,negative,difficult,negative,negative,“It was a very difficult journey but nothing compares to what the people of Gaza face every single minute of every day. ,pol_003,Daily Maverick,political conflict,people-centric
art_126,28,Greta,negative,complain,negative,negative,"Greta also did not complain to the Israeli authorities about any of these ludicrous and baseless allegations — because they never occurred,” the foreign ministry said.",pol_003,Daily Maverick,political conflict,people-centric
art_127,3,attack,negative,worst,negative,negative,Tuesday's attack was the worst assault in years targeting civilians in the restive region that has seen an anti-India rebellion for more than three decades. ,pol_004,Fox News,political conflict,state-centric
art_127,3,assault,negative,worst,negative,negative,Tuesday's attack was the worst assault in years targeting civilians in the restive region that has seen an anti-India rebellion for more than three decades. ,pol_004,Fox News,political conflict,state-centric
art_127,3,Tuesday's attack,negative,worst,negative,negative,Tuesday's attack was the worst assault in years targeting civilians in the restive region that has seen an anti-India rebellion for more than three decades. ,pol_004,Fox News,political conflict,state-centric
art_127,9,airspace,negative,closed,negative,neutral,"TRUMP EXTENDS ‘DEEPEST SYMPATHIES’ AFTER GUNMEN KILL 20 IN INDIA’S KASHMIR REGION In response, Pakistan closed its airspace for all Indian-owned or Indian-operated airlines and suspended all trade wit",pol_004,Fox News,political conflict,state-centric
art_128,17,Kashmir,positive,flashpoint,positive,neutral,Kashmir has been a flashpoint in India-Pakistan relations since both countries gained their independence from Britain in 1947. ,pol_004,CNN,political conflict,neutral
art_129,9,resolve,positive,unshakeable,positive,negative,"""Our resolve to fight terrorism is unshakeable and it will get even stronger,"" Modi wrote in a statement on X. Pakistan's foreign ministry said it was ""concerned at the loss of tourists' lives"" and ex",pol_004,BBC,political conflict,people-centric
art_129,31,Pahalgam,positive,popular,positive,neutral,"Pahalgam is a popular tourist destination, both domestically and internationally, and in recent years the government has attempted to encourage further tourism to the region. ",pol_004,BBC,political conflict,people-centric
art_131,15,attack,negative,abomination,negative,negative,“This attack on our visitors is an abomination. ,pol_004,RT News,political conflict,people-centric
art_131,20,attack,negative,abomination,negative,negative,This attack on our visitors is an abomination. ,pol_004,RT News,political conflict,people-centric
art_132,11,area,negative,bustling,negative,negative,"On Tuesday, witnesses told Al Jazeera that the area was bustling with tourists. ",pol_004,Al Jazeera,political conflict,people-centric
art_134,5,killings,positive,shocked,positive,negative,"The killings have shocked New Delhi, as they marked a dramatic shift targeting civilians and the area's vital tourism industry, rather than smaller-scale attacks against Indian security forces, which ",pol_004,Le Monde,political conflict,state-centric
art_135,10,attempts,negative,irrational,negative,negative,"The statement added that in the absence of any credible investigation and verifiable evidence, India's attempts to link the attack with Pakistan are ""reckless, irrational and illogical."" ",pol_004,Global Times,political conflict,state-centric
art_135,10,attempts,negative,illogical,negative,negative,"The statement added that in the absence of any credible investigation and verifiable evidence, India's attempts to link the attack with Pakistan are ""reckless, irrational and illogical."" ",pol_004,Global Times,political conflict,state-centric
art_137,7,live blog,negative,closed,negative,neutral,This live blog is closed.,pol_004,The Hindu,political conflict,neutral
art_138,3,Indus Waters Treaty,positive,cornerstone,positive,neutral,"The Indus Waters Treaty, signed in 1960, has long been a cornerstone of India-Pakistan relations, and this decision marks a significant shift in diplomatic ties.2. ",pol_004,Indian Express,political conflict,neutral
art_138,8,SAARC Visa exemption scheme,negative,Cancellation,negative,negative,"Cancellation of SAARC Visa exemption scheme (SVES) for Pakistan nationalsIn a major blow to diplomatic exchanges, India has suspended the SAARC Visa Exemption Scheme (SVES) for Pakistani nationals. ",pol_004,Indian Express,political conflict,neutral
art_139,2,killings,negative,dismayed,negative,negative,"The killings shattered a period of relative calm in the restive region and dismayed residents, who depend on tourism for their livelihoods. ",pol_004,Straits Times,political conflict,neutral
art_140,5,perpetrators,negative,inhuman,negative,negative,"""The perpetrators of this attack are animals, inhuman and worthy of contempt.""",pol_004,News24,political conflict,people-centric
art_140,13,agenda,negative,evil,negative,negative,Their evil agenda will never succeed. ,pol_004,News24,political conflict,people-centric
art_141,11,Pakistan,negative,denied,negative,neutral,Pakistan has denied any involvement in the attack. ,pol_005,Fox News,political conflict,neutral
art_142,9,flashpoints,negative,dangerous,negative,negative,"Kashmir, one of the world’s most dangerous flashpoints, is controlled in part by India and Pakistan but both countries claim it in its entirety. ",pol_005,CNN,political conflict,neutral
art_145,13,local economy,positive,improving,positive,neutral,"It has experienced relative stability in recent years, with the local economy improving due to increased tourist inflow. ",pol_005,RT News,political conflict,neutral
art_146,3,Stories,positive,Recommended,positive,negative,Recommended Stories list of 3 items- list 1 of 3‘Burst balloon’: How Pahalgam attack shattered Modi’s Kashmir narrative - list 2 of 3India and Pakistan continue to trade fire across Kashmir border - l,pol_005,Al Jazeera,political conflict,state-centric
art_146,8,Tensions,positive,rising,positive,negative,Tensions between the two countries have been rising after India said there were Pakistani elements linked to the attack on April 22 in the mountain resort of Pahalgam. ,pol_005,Al Jazeera,political conflict,state-centric
art_146,9,attack,negative,deadliest,negative,negative,"It was the deadliest attack on tourists in Indian-administered Kashmir in more than two decades, and Indian Prime Minister Narendra Modi has promised to pursue the attackers. ",pol_005,Al Jazeera,political conflict,state-centric
art_146,11,Islamabad,negative,denied,negative,neutral,But Islamabad has denied any role in what happened and called for a neutral investigation. ,pol_005,Al Jazeera,political conflict,state-centric
art_148,2,attack,negative,deadliest,negative,negative,"The attack was the deadliest against civilians in India since the Mumbai attacks in 2008, which claimed 175 lives.",pol_005,Le Monde,political conflict,state-centric
art_148,10,land border post,negative,closed,negative,negative,"The only land border post between the two countries, in Punjab, was closed, as well as airspace and trade with India.As New Delhi accused Islamabad of fostering terrorism in Kashmir, Pakistan accused ",pol_005,Le Monde,political conflict,state-centric
art_150,18,offices,positive,good,positive,neutral,UN Secretary-General Antonio Guterres spoke over the phone on April 29 with Pakistan’s Prime Minister Shehbaz Sharif and India’s Foreign Minister Subrahmanyam Jaishankar in which he “offered his good ,pol_005,Straits Times,political conflict,state-centric
art_152,12,Soleimani,positive,long-running,positive,neutral,"Soleimani was the long-running leader of the elite intelligence wing called Quds Force – which itself has been a designated terror group since 2007, and is estimated to be 20,000 strong. ",pol_006,Fox News,political conflict,neutral
art_152,25,embassy attack,negative,worst,negative,negative,"The embassy attack, one of the worst in recent memory, followed deadly U.S. airstrikes on Sunday that killed 25 fighters of the Iran-backed group, the Kataeb Hezbollah. ",pol_006,Fox News,political conflict,neutral
art_154,2,browser extensions,negative,blocking,negative,neutral,One of your browser extensions seems to be blocking the video player from loading. ,pol_006,France 24,political conflict,state-centric
art_154,13,Muhandis,positive,shot-caller,positive,neutral,‘Major decapitation strike’ Muhandis was the Hashed’s deputy chief but widely recognised as the real shot-caller within the group. ,pol_006,France 24,political conflict,state-centric
art_154,26,Oil prices,negative,soar,negative,neutral,Oil prices soar The developments come after an unprecedented attack on the US mission in Baghdad. ,pol_006,France 24,political conflict,state-centric
art_154,32,Ties,negative,deteriorated,negative,negative,Ties between the US and Iran have deteriorated since Washington pulled out of the landmark nuclear deal with Tehran in 2018. ,pol_006,France 24,political conflict,state-centric
art_155,14,Soleimani,negative,hated,negative,negative,"""While Iran will never be able to properly admit it, Soleimani was both hated and feared within the country,"" he said. ",pol_006,BBC,political conflict,people-centric
art_156,33,efforts,negative,rebuffed,negative,neutral,"The President has offered to talk “at any time” with Iran, but “those efforts have been rebuffed,” O’Brien told reporters on a briefing call. ",pol_006,CNN,political conflict,neutral
art_158,3,Stories,positive,Recommended,positive,negative,Recommended Stories list of 3 items- list 1 of 3US senator urges oversight as Iran tension escalates - list 2 of 3Iran vows ‘harsh’ response after US kills commander - list 3 of 3US-Iran tensions: How,pol_006,Al Jazeera,political conflict,neutral
art_158,11,Soleimani,positive,revered,positive,negative,Soleimani was a revered military figure in Iran because of his role in unifying Iraqi and Iranian-backed militias that rolled back the Islamic State if Iraq and the Levant (ISIL or ISIS) group gains i,pol_006,Al Jazeera,political conflict,neutral
art_158,16,Soleimani,positive,influential,positive,neutral,Iranian analyst Abas Aslani told Al Jazeera that Soleimani was an influential personality in Iranian society and played a major role in Iran’s foreign policy. ,pol_006,Al Jazeera,political conflict,neutral
art_160,0,Soleimani,positive,powerful,positive,negative,Advertisement Iran vows revenge after US strike kills top military commander Qassem Soleimani - Trump said Soleimani was plotting to kill Americans and he should have been taken out ‘many years ago’ -,pol_006,South China Morning Post,political conflict,people-centric
art_160,0,Soleimani,positive,mysterious,positive,negative,Advertisement Iran vows revenge after US strike kills top military commander Qassem Soleimani - Trump said Soleimani was plotting to kill Americans and he should have been taken out ‘many years ago’ -,pol_006,South China Morning Post,political conflict,people-centric
art_160,0,men,positive,powerful,positive,negative,Advertisement Iran vows revenge after US strike kills top military commander Qassem Soleimani - Trump said Soleimani was plotting to kill Americans and he should have been taken out ‘many years ago’ -,pol_006,South China Morning Post,political conflict,people-centric
art_160,0,men,positive,mysterious,positive,negative,Advertisement Iran vows revenge after US strike kills top military commander Qassem Soleimani - Trump said Soleimani was plotting to kill Americans and he should have been taken out ‘many years ago’ -,pol_006,South China Morning Post,political conflict,people-centric
art_161,1,episode,negative,inhumane,negative,negative,"We view this latest inhumane episode as an attack on the sovereignty and self-determination of the people of Iran,"" the statement released by secretary-general Ace Magashule said.""",pol_006,News24,political conflict,people-centric
art_162,31,attack,positive,praised,positive,neutral,"The attack was praised by some in Washington, though misgivings were expressed as well. ",pol_006,Straits Times,political conflict,people-centric
art_163,11,officials,negative,sensitivity,negative,negative,Body identified The officials spoke on condition of anonymity because of the sensitivity of the subject and because they were not authorised to give official statements. ,pol_006,The Hindu,political conflict,neutral
art_164,9,Robert Chesney,positive,best,positive,neutral,"Robert Chesney, a national security law expert at the University of Texas at Austin School of Law, said the administration's best argument on the U.N. Charter issue is self defense. ",pol_006,Reuters,political conflict,neutral
art_166,3,Stories,positive,Recommended,positive,negative,Recommended Stories list of 3 items- list 1 of 3French FM accuses Russian mercenaries of ‘despoiling’ Mali - list 2 of 3Mali expels France envoy over ‘hostile and outrageous’ remarks - list 3 of 3Tens,pol_007,Al Jazeera,political conflict,neutral
art_166,5,legal conditions,positive,met,positive,neutral,"“The political, operational and legal conditions are no longer met to effectively continue their current military engagement in the fight against terrorism in Mali,” the statement said. ",pol_007,Al Jazeera,political conflict,neutral
art_166,17,troops,negative,problem,negative,negative,it will be a problem for those troops both Malian and Niger in particular. ,pol_007,Al Jazeera,political conflict,neutral
art_167,9,relationship,negative,deteriorated,negative,negative,"But the relationship between Mali and French-led forces has deteriorated since the 2020 coup d’état and the subsequent establishment of a military junta in Mali, especially after the deployment of Rus",pol_007,CNN,political conflict,state-centric
art_168,5,mission,negative,failure,negative,negative,He denied that the mission had been a failure and insisted that France remained committed to combating Islamist insurgencies in the region. ,pol_007,BBC,political conflict,neutral
art_168,13,relations,negative,deteriorated,negative,negative,"But relations between France and Mali, which is one of the world's poorest nations, have deteriorated since the army first seized power in a coup in August 2020. ",pol_007,BBC,political conflict,neutral
art_170,9,withdrawal,negative,humiliating,negative,negative,"Despite Macron’s statement, observers will nonetheless see the withdrawal as a humiliating end to a flagship overseas mission. ",pol_007,The Guardian,political conflict,people-centric
art_170,10,end,positive,inglorious,positive,negative,"The daily paper Le Monde wrote: “It is an inglorious end to an armed intervention that began in euphoria and which ends, nine years later, against a backdrop of crisis between Mali and France.” ",pol_007,The Guardian,political conflict,people-centric
art_170,12,Relations,negative,deteriorated,negative,negative,Relations between France and Mali have deteriorated after two coup d’états and the new military regime’s reluctance to agree to an immediate transition to civilian rule. ,pol_007,The Guardian,political conflict,people-centric
art_170,27,Macron,negative,denied,negative,negative,Macron denied that France’s intervention had been in vain. ,pol_007,The Guardian,political conflict,people-centric
art_170,30,deployments,negative,expensive,negative,neutral,"About 18,000 United Nations peacekeepers will remain in Mali, one of the biggest and most expensive such deployments in the world. ",pol_007,The Guardian,political conflict,people-centric
art_172,2,military junta,negative,obstructions,negative,negative,"Multiple obstructions"" by the military junta that took power in August 2020 meant the conditions were no longer in place to operate in Mali, said a statement signed by France and its African and Europ",pol_007,The Hindu,political conflict,neutral
art_172,11,end,positive,inglorious,positive,negative,"It is an inglorious end to an armed intervention that began in euphoria and which ends, nine years later, against a backdrop of crisis between Mali and France,"" wrote French daily Le Monde.Mr. ",pol_007,The Hindu,political conflict,neutral
art_172,12,Macron,negative,denied,negative,negative,"Macron denied that the intervention had been in vain.""",pol_007,The Hindu,political conflict,neutral
art_173,2,Relations,negative,deteriorated,negative,negative,Relations between Paris and Bamako have deteriorated since the military junta went back on an agreement to organise elections in February and proposed holding power until 2025. ,pol_007,News24,political conflict,state-centric
art_174,9,momentum,negative,irreversible,negative,neutral,"“We deem the momentum generated in Paris in December 2015 irreversible and we firmly believe that the Paris Agreement cannot be renegotiated since it is a vital instrument for our planet, societies an",env_001,RT News,environment,neutral
art_174,17,administration,positive,responding,positive,neutral,"“The administration just hasn’t been responding to us to see if they’re interested in working on bringing folks here,” Walsh said at a news conference. ",env_001,RT News,environment,neutral
art_174,22,regulation,negative,outdated,negative,neutral,"""Any regulation that's outdated, unnecessary, bad for workers or contrary to the national interest will be scrapped and scrapped completely,"" he said. ",env_001,RT News,environment,neutral
art_174,22,regulation,negative,bad,negative,neutral,"""Any regulation that's outdated, unnecessary, bad for workers or contrary to the national interest will be scrapped and scrapped completely,"" he said. ",env_001,RT News,environment,neutral
art_175,5,Paris climate accord,negative,disadvantageous,negative,neutral,Trump described the Paris climate accord as an “agreement that is disadvantageous to the US to the exclusive benefits of other countries”. ,env_001,Al Jazeera,environment,neutral
art_175,21,Catherine McKenna,negative,disappointed,negative,negative,"‘Deeply disappointed’ Catherine McKenna, Canadian environment minister, said her country is “deeply disappointed by the US decision on the Paris accord”. ",env_001,Al Jazeera,environment,neutral
art_175,28,pact,positive,renegotiable,positive,neutral,"Continental Europe’s three biggest economies – Germany, France and Italy – criticised Donald Trump’s decision to quit the Paris climate agreement and said the pact was “not renegotiable”. ",env_001,Al Jazeera,environment,neutral
art_176,0,Paris accord,negative,unfair,negative,neutral,"Story highlights Trump made the announcement Thursday ""We're getting out,"" he said ""The Paris accord is very unfair at the highest level to the United States."" ",env_001,CNN,environment,neutral
art_176,10,plan,negative,bad,negative,negative,"Foreign leaders, business executives and Trump’s own daughter, Ivanka, lobbied heavily for him to remain a part of the deal, but ultimately lost out to conservatives who claim the plan is bad for the ",env_001,CNN,environment,neutral
art_176,13,process,negative,Lengthy,negative,neutral,"Lengthy process In triggering the official withdrawal procedures, Trump has sparked a lengthy process that won’t conclude until November 2020 – the same month he’s up for reelection, ensuring the issu",env_001,CNN,environment,neutral
art_176,26,Paris accord,negative,unfair,negative,negative,“The Paris accord is very unfair at the highest level to the United States.” ,env_001,CNN,environment,neutral
art_176,31,Uncertainty,negative,loomed,negative,negative,Trump's nominees and their confirmation hearings Uncertainty loomed Trump’s announcement Thursday ends months of speculation about his intentions. ,env_001,CNN,environment,neutral
art_176,33,atmosphere,positive,show-like,positive,neutral,"The show-like atmosphere was fueled by the presence of a jazz band, which performed a series of numbers before Trump emerged from the Oval Office to deliver his statement. ",env_001,CNN,environment,neutral
art_177,25,momentum,negative,irreversible,negative,neutral,"""We deem the momentum generated in Paris in December 2015 irreversible and we firmly believe that the Paris agreement cannot be renegotiated, since it is a vital instrument for our planet, societies a",env_001,BBC,environment,concern
art_178,2,Paris accord,negative,unfair,negative,negative,"""The Paris accord is very unfair at the highest level to the United States."" ",env_001,Fox News,environment,skeptical
art_178,16,news,positive,applauded,positive,positive,Republican National Committee Chairwoman Ronna McDaniel applauded the news and credited Trump with delivering “on his campaign promise to put American workers first.” ,env_001,Fox News,environment,skeptical
art_178,29,decision,negative,polarizing,negative,neutral,"Though the Paris Climate Agreement is not legally binding, the decision to either stay or withdraw has been deeply polarizing not only with lawmakers but also members of Trump’s inner circle. ",env_001,Fox News,environment,skeptical
art_180,2,browser extensions,negative,blocking,negative,neutral,One of your browser extensions seems to be blocking the video player from loading. ,env_001,France 24,environment,concern
art_180,9,browser extensions,negative,blocking,negative,neutral,One of your browser extensions seems to be blocking the video player from loading. ,env_001,France 24,environment,concern
art_180,22,browser extensions,negative,blocking,negative,neutral,One of your browser extensions seems to be blocking the video player from loading. ,env_001,France 24,environment,concern
art_181,13,move,negative,indefensible,negative,negative,"Former vice-president Al Gore called the move “reckless and indefensible”, while among the business leaders to express regret over the move was Jeff Immelt, chair and CEO of General Electric, who said",env_001,The Guardian,environment,concern
art_183,7,tone,positive,combative,positive,negative,"That combative tone came amid a wave of bitter condemnation from around the world and as Trump and his aides refused to say whether he believes climate change is real, in line with the global scientif",env_001,Straits Times,environment,neutral
art_184,2,deal,negative,complained,negative,negative,"Trump complained that the deal, which was signed under his predecessor, Barack Obama, gives other countries an unfair advantage over US industry and destroys American jobs. ",env_001,News24,environment,neutral
art_185,9,agreement,negative,unfair,negative,neutral,"Turning that argument on its head, Mr. Trump said the agreement was “very unfair, at the highest level, to the United States.” ",env_001,The Hindu,environment,neutral
art_186,0,impact,negative,minimal,negative,negative,"US President Donald Trump’s decision to pull the United States out of the Paris Agreement will make it much more difficult for the world to attain global greenhouse gas emission reduction targets, tho",env_001,Indian Express,environment,concern
art_186,16,technology,positive,latest,positive,neutral,"As the world’s financial superpower, the United States is key to mobilising these funds, and also making available the latest, even patented, technology to the rest of the world. ",env_001,Indian Express,environment,concern
art_188,18,building,negative,panic,negative,negative,"""I just started walking calmly at first but then the building started really moving, yeah, a lot of screaming, a lot of panic, people running the wrong way down the escalators, lots of banging and cra",env_002,Fox News,environment,neutral
art_188,23,earthquake,negative,damaged,negative,negative,"In Mandalay, Burma's second-largest city and close to the epicenter, the earthquake damaged part of the former royal palace and buildings, according to videos and photos released on Facebook social me",env_002,Fox News,environment,neutral
art_188,24,bridge,negative,collapsed,negative,negative,"In the Sagaing region just southwest of Mandalay, a 90-year-old bridge collapsed, and some sections of the highway connecting Mandalay and the city of Yangon were also damaged. ",env_002,Fox News,environment,neutral
art_189,5,buildings,negative,sink,negative,neutral,"As a result, buildings, roads and other structures may sink, tilt or collapse, Mr. Mishra explained.",env_002,The Hindu,environment,concern
art_191,12,desks,negative,shaking,negative,negative,"The desks were shaking, and he felt strong tremors and dizziness. ",env_002,Global Times,environment,concern
art_191,12,desks,negative,dizziness,negative,negative,"The desks were shaking, and he felt strong tremors and dizziness. ",env_002,Global Times,environment,concern
art_191,16,internet,negative,cut off,negative,negative,"The internet and phone lines were cut off at that time, and they evacuated outside, waiting there out of fear of aftershocks. ",env_002,Global Times,environment,concern
art_191,16,phone lines,negative,cut off,negative,negative,"The internet and phone lines were cut off at that time, and they evacuated outside, waiting there out of fear of aftershocks. ",env_002,Global Times,environment,concern
art_191,26,on-duty officers,positive,promptly,positive,neutral,"At the Ruili Port, on-duty officers promptly organized the evacuation of inbound and outbound travelers at the time of the earthquake, guiding them to safe, open areas in an orderly and timely manner,",env_002,Global Times,environment,concern
art_192,10,building,negative,collapsed,negative,negative,"❗️Crane PLUMMETS From The Sky In Bangkok Following #Earthquake Which Hit Myanmar, Thailand & Bhutan 📹 @Aspa_ZunNaNuhttps://t.co/2JYOUsrdIWpic.twitter.com/ewh8ErDE7b — RT_India (@RT_India_news) March 2",env_002,RT News,environment,neutral
art_193,13,Internet,negative,restricted,negative,neutral,"The state controls almost all local radio, television, print and online media, and Internet use is restricted in the country, which often makes access to information difficult. ",env_002,BBC,environment,neutral
art_193,21,Sagaing region,positive,volatile,positive,neutral,"The Sagaing region, near the epicentre of the quake, is a volatile key battleground in the civil war. ",env_002,BBC,environment,neutral
art_193,25,Buildings,negative,evacuated,negative,negative,"Buildings across the city were evacuated, including a hospital holding patients in acute need of medical attention. ",env_002,BBC,environment,neutral
art_194,20,communication network lines,negative,down,negative,negative,"“We fear it may be weeks before we understand the full extent of destruction caused by this earthquake, as communication network lines are down and transport is disrupted,” he added. ",env_002,The Guardian,environment,concern
art_194,20,transport,negative,disrupted,negative,negative,"“We fear it may be weeks before we understand the full extent of destruction caused by this earthquake, as communication network lines are down and transport is disrupted,” he added. ",env_002,The Guardian,environment,concern
art_194,27,hallways,negative,dusty,negative,negative,"Footage reportedly taken inside Mandalay airport showed people racing to safety through dusty hallways, the floor scattered with ceiling panels. ",env_002,The Guardian,environment,concern
art_194,27,floor,negative,scattered,negative,negative,"Footage reportedly taken inside Mandalay airport showed people racing to safety through dusty hallways, the floor scattered with ceiling panels. ",env_002,The Guardian,environment,concern
art_194,31,hospitals,negative,overrun,negative,negative,The rescue teams and hospitals are now overrun. ,env_002,The Guardian,environment,concern
art_195,5,Stories,positive,Recommended,positive,neutral,Recommended Stories list of 2 items- list 1 of 2Magnitude 7.7 earthquake in Myanmar; ,env_002,Al Jazeera,environment,concern
art_195,26,buildings,negative,toppled,negative,negative,"In Myanmar’s Mandalay, buildings were toppled, the royal palace was damaged, and the road-and-rail Ava Bridge collapsed. ",env_002,Al Jazeera,environment,concern
art_195,26,royal palace,negative,damaged,negative,negative,"In Myanmar’s Mandalay, buildings were toppled, the royal palace was damaged, and the road-and-rail Ava Bridge collapsed. ",env_002,Al Jazeera,environment,concern
art_195,26,road-and-rail Ava Bridge,negative,collapsed,negative,negative,"In Myanmar’s Mandalay, buildings were toppled, the royal palace was damaged, and the road-and-rail Ava Bridge collapsed. ",env_002,Al Jazeera,environment,concern
art_196,0,earthquake,positive,powerful,positive,negative,"A powerful, deadly earthquake struck at the heart of civil war-ravaged Myanmar on Friday, piling fresh misery on an impoverished nation that was cut off from much of the world even before this natural",env_002,CNN,environment,concern
art_196,15,door,negative,open,negative,negative,“The door couldn’t open as a fence had collapsed onto it. ,env_002,CNN,environment,concern
art_196,20,quake,negative,shattered,negative,negative,"The quake also shattered some of the city’s mosques which were busy with worshippers attending Friday prayers, one man said. ",env_002,CNN,environment,concern
art_197,10,rubble,negative,unstable,negative,negative,Rescue workers said the rubble was still too unstable for them to try and find people possibly trapped beneath. ,env_002,Le Monde,environment,neutral
art_197,11,building,negative,collapsed,negative,negative,Crane-topped building collapsed in a cloud of dust A dramatic video of the building's collapse near Bangkok's popular Chatuchak market circulated on social media showed the multi-story building with a,env_002,Le Monde,environment,neutral
art_197,11,Crane-topped building,negative,collapsed,negative,negative,Crane-topped building collapsed in a cloud of dust A dramatic video of the building's collapse near Bangkok's popular Chatuchak market circulated on social media showed the multi-story building with a,env_002,Le Monde,environment,neutral
art_197,15,subway,negative,shut down,negative,negative,The elevated rapid transit system and subway were shut down. ,env_002,Le Monde,environment,neutral
art_197,15,rapid transit system,negative,shut down,negative,negative,The elevated rapid transit system and subway were shut down. ,env_002,Le Monde,environment,neutral
art_197,18,earthquake,negative,damaged,negative,negative,"In Mandalay, Myanmar's second-largest city and close to the epicenter, the earthquake damaged part of the former royal palace and buildings, according to videos and photos released on Facebook social ",env_002,Le Monde,environment,neutral
art_197,20,bridge,negative,collapsed,negative,negative,"In the Sagaing region just southwest of Mandalay, a 90-year-old bridge collapsed, and some sections of the highway connecting Mandalay and Myanmar's largest city, Yangon, were also damaged. ",env_002,Le Monde,environment,neutral
art_197,26,shaking,positive,strong,positive,neutral,"The shaking in Mangshi, a Chinese city about 100 kilometers northeast of Ruili, was so strong that people couldn't stand, one resident told The Paper, an online media outlet. ",env_002,Le Monde,environment,neutral
art_198,12,Buildings,negative,ruins,negative,negative,"Buildings were left in ruins, and a doctor at Mandalay General Hospital said so many people arrived for treatment that nurses ran out of cotton swabs and he had no place to stand. ",env_002,Straits Times,environment,neutral
art_198,29,air traffic control tower,negative,collapsed,negative,negative,"‘Mass casualty’ The Yangon Times reported that the air traffic control tower at the airport in Naypyitaw collapsed, killing everyone inside. ",env_002,Straits Times,environment,neutral
art_198,30,ministry buildings,negative,collapsed,negative,negative,"Several ministry buildings in Naypyitaw, including those housing the Foreign Ministry and the Ministry of Labour, likewise collapsed, killing many, including the permanent secretary of the Ministry of",env_002,Straits Times,environment,neutral
art_198,30,ministry buildings,negative,killing,negative,negative,"Several ministry buildings in Naypyitaw, including those housing the Foreign Ministry and the Ministry of Labour, likewise collapsed, killing many, including the permanent secretary of the Ministry of",env_002,Straits Times,environment,neutral
art_198,33,staff,negative,trembling,negative,negative,"Uniformed staff ran outside, some trembling and tearful, others grabbing cellphones to try to contact loved ones. ",env_002,Straits Times,environment,neutral
art_198,33,staff,negative,tearful,negative,negative,"Uniformed staff ran outside, some trembling and tearful, others grabbing cellphones to try to contact loved ones. ",env_002,Straits Times,environment,neutral
art_198,34,Roads,negative,buckled,negative,negative,"Roads nearby were buckled and broken by the tremors, and the route to one of the city’s biggest hospitals was jammed with traffic. ",env_002,Straits Times,environment,neutral
art_198,34,Roads,negative,broken,negative,negative,"Roads nearby were buckled and broken by the tremors, and the route to one of the city’s biggest hospitals was jammed with traffic. ",env_002,Straits Times,environment,neutral
art_198,34,route,negative,jammed,negative,negative,"Roads nearby were buckled and broken by the tremors, and the route to one of the city’s biggest hospitals was jammed with traffic. ",env_002,Straits Times,environment,neutral
art_199,10,emergency response teams,positive,commend,positive,positive,We commend the efforts of the emergency response teams and volunteers who are working tirelessly to provide relief and support to those in need. ,env_002,News24,environment,neutral
art_199,10,emergency response teams,positive,tirelessly,positive,positive,We commend the efforts of the emergency response teams and volunteers who are working tirelessly to provide relief and support to those in need. ,env_002,News24,environment,neutral
art_199,10,emergency response teams,positive,working tirelessly,positive,positive,We commend the efforts of the emergency response teams and volunteers who are working tirelessly to provide relief and support to those in need. ,env_002,News24,environment,neutral
art_200,4,FRIDAY'S QUAKE,negative,DAMAGING,negative,negative,WHY WAS FRIDAY'S QUAKE SO DAMAGING?,env_002,Reuters,environment,concern
art_200,8,shockwaves,negative,damaging,negative,negative,"""This is very damaging because it has occurred at a shallow depth, so the shockwaves are not dissipated as they go from the focus of the earthquake up to the surface. ",env_002,Reuters,environment,concern
art_201,2,infrastructure,negative,compromised,negative,negative,"""With infrastructure compromised and patient numbers surging, access to health care has become nearly impossible in many of the worst-hit areas,"" according to the U.N. ""Thousands of people are in urge",env_003,Reuters,environment,concern
art_201,3,hospitals,negative,destroyed,negative,negative,"The World Health Organization assessed so far that four hospitals and one health center had been completely destroyed, while another 32 hospitals and 18 health centers had been partially damaged. ",env_003,Reuters,environment,concern
art_203,1,general,negative,ostracised,negative,negative,"Shunned internationally in the wake of his 2021 coup, the general was even ostracised by the typically taciturn Association of Southeast Asian Nations bloc, which banned him from its summits for faili",env_003,South China Morning Post,environment,concern
art_204,7,personnel,positive,largest,positive,neutral,"With over 500 rescuers, China is the country with the largest number of teams and personnel dispatched to Myanmar, Li said. ",env_003,Global Times,environment,neutral
art_206,4,food,negative,dwindle,negative,negative,Residents in the country's second most populous city say they have spent sleepless nights wandering the streets in despair as food and water supplies dwindle. ,env_003,BBC,environment,concern
art_206,4,water supplies,negative,dwindle,negative,negative,Residents in the country's second most populous city say they have spent sleepless nights wandering the streets in despair as food and water supplies dwindle. ,env_003,BBC,environment,concern
art_206,6,infrastructure,negative,Poor,negative,negative,"""But her body was only pulled out of the rubble two days later, on 30 March,"" said the 23-year-old student who wanted only to be known as J. Poor infrastructure and a patchwork of civil conflicts are ",env_003,BBC,environment,concern
art_206,23,buildings,negative,worst-hit,negative,negative,"A monk who lives near the Sky Villa condominium, one of the worst-hit buildings reduced from 12 to six storeys by the earthquake, told the BBC that while some people had been pulled out alive, ""only d",env_003,BBC,environment,concern
art_206,26,Crematoriums,negative,overwhelmed,negative,negative,"Crematoriums close to Mandalay have been overwhelmed, while authorities have been running out of body bags, among other supplies, including food and drinking water. ",env_003,BBC,environment,concern
art_206,29,earthquake,positive,devastating,positive,negative,"Last week's earthquake also affected Thailand and China, but its impact has been especially devastating in Myanmar, which has been ravaged by a bloody civil war, a crippled economy and widespread disi",env_003,BBC,environment,concern
art_206,35,relief,negative,slow,negative,neutral,"But relief has been slow, J said. ",env_003,BBC,environment,concern
art_207,8,furnaces,negative,enough,negative,negative,"“They have to bury people with 10 bodies per grave,” says Aye Moe of the situation in Sagaing, “When there isn’t enough space there, they have to take them to Mandalay for cremation, but there aren’t ",env_003,The Guardian,environment,concern
art_207,21,swift delivery,negative,complicated,negative,negative,"Emergency aid and teams of rescue workers from countries such as China, India, Russia, the US and around South-east Asia are starting to flow into the country, mostly through the capital of Naypyitaw,",env_003,The Guardian,environment,concern
art_208,3,Stories,positive,Recommended,positive,negative,"Recommended Stories list of 3 items- list 1 of 3Smell of death ‘fills the air’ near epicentre of Myanmar earthquake - list 2 of 3Rescuers race the clock as Myanmar earthquake death toll climbs past 2,",env_003,Al Jazeera,environment,concern
art_209,3,rescue,positive,miraculous,positive,neutral,"The Myanmar Fire Services Department on Wednesday shared video of a heartwarming moment in the military’s purpose-built capital Naypyidaw, where workers pulled a man from the rubble more than 100 hour",env_003,CNN,environment,concern
art_209,4,man,negative,tired,negative,negative,"The man appeared tired and disheveled as he was pulled out of an air pocket between broken slabs of concrete, to a round of applause. ",env_003,CNN,environment,concern
art_209,4,man,negative,disheveled,negative,negative,"The man appeared tired and disheveled as he was pulled out of an air pocket between broken slabs of concrete, to a round of applause. ",env_003,CNN,environment,concern
art_209,8,hotels,negative,collapsed,negative,negative,"Two hotels collapsed Monday night near the epicenter in Mandalay, the country’s second most populous city, after people went back to the structures days after the quake. ",env_003,CNN,environment,concern
art_209,13,shelter,negative,adequate,negative,negative,"Even before the quake, four years of civil war had left millions without adequate shelter, and battered health and communication infrastructure. ",env_003,CNN,environment,concern
art_209,23,humanitarian efforts,positive,swiftly,positive,neutral,"“We strongly desire that urgent humanitarian efforts, which are immediately needed for the earthquake-affected population, be carried out as swiftly and effectively as possible,” the Three Brotherhood",env_003,CNN,environment,concern
art_209,23,humanitarian efforts,positive,effectively,positive,neutral,"“We strongly desire that urgent humanitarian efforts, which are immediately needed for the earthquake-affected population, be carried out as swiftly and effectively as possible,” the Three Brotherhood",env_003,CNN,environment,concern
art_209,23,Three Brotherhood Alliance,positive,effectively,positive,neutral,"“We strongly desire that urgent humanitarian efforts, which are immediately needed for the earthquake-affected population, be carried out as swiftly and effectively as possible,” the Three Brotherhood",env_003,CNN,environment,concern
art_209,29,supplies,positive,safe,positive,neutral,"“At present, both rescue personnel and supplies are safe,” Guo said.",env_003,CNN,environment,concern
art_209,29,rescue personnel,positive,safe,positive,neutral,"“At present, both rescue personnel and supplies are safe,” Guo said.",env_003,CNN,environment,concern
art_210,14,food supplies,negative,low,negative,negative,"Aye Thi Kar, 63, head of a school for young nuns razed to the ground by the tremors, said food supplies were low but shelter was a bigger priority – along with nets to ward off mosquitos in the stifli",env_003,Le Monde,environment,concern
art_210,18,capacity,negative,limited,negative,negative,"Healthcare facilities, damaged by the quake and with limited capacity, are ""overwhelmed by a large number of patients,"" while supplies of food, water and medicine are running low, WHO said in an updat",env_003,Le Monde,environment,concern
art_211,3,destruction,positive,staggering,positive,negative,“The destruction is staggering. ,env_003,Straits Times,environment,concern
art_211,5,Homes,negative,destroyed,negative,negative,Homes destroyed. ,env_003,Straits Times,environment,concern
art_211,6,Livelihoods,negative,shattered,negative,negative,Livelihoods shattered. ,env_003,Straits Times,environment,concern
art_211,7,resilience,positive,incredible,positive,positive,"But the resilience is incredible,” he said in a post on X. “The world must rally behind the people of Myanmar.” ",env_003,Straits Times,environment,concern
art_211,21,election,negative,sham,negative,neutral,Critics have derided the planned election as a sham to keep the generals in power through proxies. ,env_003,Straits Times,environment,concern
art_214,4,Stories,positive,Recommended,positive,negative,Recommended Stories list of 4 items- list 1 of 4Five dead and thousands displaced as wildfires threaten Los Angeles area - list 2 of 4Photos: Strong winds drive wildfires across Los Angeles - list 3 o,env_004,Al Jazeera,environment,concern
art_214,12,frequency,positive,increase,positive,neutral,"Climate change has contributed to an increase in the frequency, season length and burned area of wildfires, according to a report by the US Environmental Protection Agency (EPA). ",env_004,Al Jazeera,environment,concern
art_214,12,season length,positive,increase,positive,neutral,"Climate change has contributed to an increase in the frequency, season length and burned area of wildfires, according to a report by the US Environmental Protection Agency (EPA). ",env_004,Al Jazeera,environment,concern
art_214,16,vegetation,negative,dehydrated,negative,negative,This causes vegetation to become very dehydrated and susceptible to fire. ,env_004,Al Jazeera,environment,concern
art_214,21,weather conditions,negative,dire,negative,negative,"Experts, however, warn that weather conditions are dire this year. ",env_004,Al Jazeera,environment,concern
art_214,24,spread,positive,Rapid,positive,neutral,"Rapid spread The fire started in Palisades located on the Pacific Ocean, and from there the blaze spread rapidly to other neighbourhoods. ",env_004,Al Jazeera,environment,concern
art_215,7,Santa Ana winds,positive,famed,positive,neutral,"WIND FACTORSLos Angeles, spanning a corner of the Southern California desert, is no stranger to wild winds and warm, dry weather, with its famed Santa Ana winds blowing regularly across the landscape ",env_004,Reuters,environment,concern
art_216,5,vegetation management,negative,Inconsistent,negative,negative,"Inconsistent vegetation management, aging infrastructure and homes, and a lack of planning likely contributed to fires that have so far scorched more than 55 square miles, destroyed thousands of struc",env_004,CNN,environment,concern
art_216,5,infrastructure,negative,aging,negative,negative,"Inconsistent vegetation management, aging infrastructure and homes, and a lack of planning likely contributed to fires that have so far scorched more than 55 square miles, destroyed thousands of struc",env_004,CNN,environment,concern
art_216,5,homes,negative,aging,negative,negative,"Inconsistent vegetation management, aging infrastructure and homes, and a lack of planning likely contributed to fires that have so far scorched more than 55 square miles, destroyed thousands of struc",env_004,CNN,environment,concern
art_216,22,event,positive,unprecedented,positive,neutral,“This is an unprecedented event.” ,env_004,CNN,environment,concern
art_216,23,reservoir,negative,empty,negative,negative,"In pictures: Deadly wildfires in Los Angeles County On Friday, the Los Angeles Times reported that a nearby reservoir was undergoing repairs and was empty at the time of the fires, further hampering f",env_004,CNN,environment,concern
art_216,23,nearby reservoir,negative,empty,negative,negative,"In pictures: Deadly wildfires in Los Angeles County On Friday, the Los Angeles Times reported that a nearby reservoir was undergoing repairs and was empty at the time of the fires, further hampering f",env_004,CNN,environment,concern
art_217,14,fuel,positive,perfect,positive,positive,"The resulting wet conditions since then have seen the rapid growth of shrubs, grasses and trees, the perfect fuel for fires. ",env_004,BBC,environment,concern
art_218,6,Climate change,positive,real,positive,neutral,"Climate change is real, not 'a hoax.' ",env_004,Fox News,environment,skeptical
art_218,20,governance,negative,Bad,negative,negative,"2. Bad governance at the state and local level that resulted in a shortage of water,"" Musk opined in a post on X. Sanders was not the only left-wing lawmaker deploying the climate narrative amid the d",env_004,Fox News,environment,skeptical
art_218,28,parts,positive,best,positive,positive,"""One of the best and most beautiful parts of the United States of America is burning down to the ground. ",env_004,Fox News,environment,skeptical
art_218,28,parts,positive,beautiful,positive,positive,"""One of the best and most beautiful parts of the United States of America is burning down to the ground. ",env_004,Fox News,environment,skeptical
art_219,2,buildings,negative,damaged,negative,negative,"Photo: VCG More than 2,000 homes, businesses and other buildings have been damaged or destroyed and at least five people are dead in wildfires scorching communities across Los Angeles County, making t",env_004,Global Times,environment,neutral
art_219,2,buildings,negative,destroyed,negative,negative,"Photo: VCG More than 2,000 homes, businesses and other buildings have been damaged or destroyed and at least five people are dead in wildfires scorching communities across Los Angeles County, making t",env_004,Global Times,environment,neutral
art_219,2,firestorms,negative,destructive,negative,negative,"Photo: VCG More than 2,000 homes, businesses and other buildings have been damaged or destroyed and at least five people are dead in wildfires scorching communities across Los Angeles County, making t",env_004,Global Times,environment,neutral
art_219,16,parts,positive,best,positive,positive,"Trump later wrote on his social media account on Thursday that ""One of the best and most beautiful parts of the United States of America is burning down to the ground. ",env_004,Global Times,environment,neutral
art_219,16,parts,positive,beautiful,positive,positive,"Trump later wrote on his social media account on Thursday that ""One of the best and most beautiful parts of the United States of America is burning down to the ground. ",env_004,Global Times,environment,neutral
art_220,2,firestorm,positive,big,positive,neutral,"“This firestorm is the big one,” Los Angeles Mayor Karen Bass told a press conference after rushing back to the city upon cutting short an official trip to Ghana. ",env_004,Straits Times,environment,concern
art_220,7,addresses,positive,iconic,positive,neutral,"The Los Angeles Fire Department issued an evacuation order for people in an area within Hollywood Boulevard to the south, Mulholland Drive to the north, the 101 Freeway to the east and Laurel Canyon B",env_004,Straits Times,environment,concern
art_220,25,School,negative,cancelled,negative,neutral,School was cancelled throughout Los Angeles County at least through Jan 9. ,env_004,Straits Times,environment,concern
art_222,5,Palisades fire,negative,destructive,negative,negative,The Palisades fire now ranks as the most destructive in Los Angeles history with hundreds of homes and other structures destroyed and damage so extensive that it exhausted municipal water supplies. ,env_004,The Guardian,environment,concern
art_222,8,fires,negative,damaging,negative,negative,Early estimates of the wildfires’ combined economic impact are in the tens of billions of dollars and could place the fires as the most damaging in US history – exceeding the 2018 Camp fire in Paradis,env_004,The Guardian,environment,concern
art_222,14,fires,positive,emblematic,positive,negative,"These fires are a watershed moment, not just for residents of LA, but emblematic of a new era of complex, compound climate disaster. ",env_004,The Guardian,environment,concern
art_223,9,homes,negative,destroyed,negative,negative,More than half the homes were destroyed. ,env_004,Le Monde,environment,concern
art_223,14,Getty Villa,positive,saved,positive,positive,"The Getty Villa, which houses a collection of Greek and Roman art, was touched by the flames, but saved. ",env_004,Le Monde,environment,concern
art_223,21,buildings,negative,destroyed,negative,negative,"Hundreds of buildings were destroyed, including several schools. ",env_004,Le Monde,environment,concern
art_223,32,Flame growth,positive,exponential,positive,neutral,Flame growth has been exponential. ,env_004,Le Monde,environment,concern
art_225,1,Kenneth Fire,positive,fast-moving,positive,neutral,The fast-moving Kenneth Fire started in the late afternoon in the San Fernando Valley near the West Hills neighborhood and close to Ventura County. ,env_004,The Hindu,environment,concern
art_225,13,churches,negative,lost,negative,negative,"At least five churches, a synagogue, seven schools, two libraries, boutiques, bars, restaurants, banks and groceries were lost. ",env_004,The Hindu,environment,concern
art_225,13,synagogue,negative,lost,negative,negative,"At least five churches, a synagogue, seven schools, two libraries, boutiques, bars, restaurants, banks and groceries were lost. ",env_004,The Hindu,environment,concern
art_225,13,libraries,negative,lost,negative,negative,"At least five churches, a synagogue, seven schools, two libraries, boutiques, bars, restaurants, banks and groceries were lost. ",env_004,The Hindu,environment,concern
art_225,13,boutiques,negative,lost,negative,negative,"At least five churches, a synagogue, seven schools, two libraries, boutiques, bars, restaurants, banks and groceries were lost. ",env_004,The Hindu,environment,concern
art_225,13,bars,negative,lost,negative,negative,"At least five churches, a synagogue, seven schools, two libraries, boutiques, bars, restaurants, banks and groceries were lost. ",env_004,The Hindu,environment,concern
art_225,13,restaurants,negative,lost,negative,negative,"At least five churches, a synagogue, seven schools, two libraries, boutiques, bars, restaurants, banks and groceries were lost. ",env_004,The Hindu,environment,concern
art_225,13,banks,negative,lost,negative,negative,"At least five churches, a synagogue, seven schools, two libraries, boutiques, bars, restaurants, banks and groceries were lost. ",env_004,The Hindu,environment,concern
art_225,13,groceries,negative,lost,negative,negative,"At least five churches, a synagogue, seven schools, two libraries, boutiques, bars, restaurants, banks and groceries were lost. ",env_004,The Hindu,environment,concern
art_225,21,aircraft,negative,destruction,negative,negative,Much of the widespread destruction occurred Tuesday after those aircraft were grounded due to high winds.,env_004,The Hindu,environment,concern
art_226,25,weather,negative,harsh,negative,negative,"""The extreme weather which has affected many millions of people in July is unfortunately the harsh reality of climate change and a foretaste of the future,"" said the World Meteorological Organization'",env_005,BBC,environment,concern
art_227,3,Stories,positive,Recommended,positive,negative,Recommended Stories list of 4 items- list 1 of 4Photos: Flash floods cause widespread damage in Northeast US - list 2 of 4Sri Lanka’s fishermen face double whammy of climate and economy - list 3 of 4E,env_005,Al Jazeera,environment,concern
art_227,6,Acropolis,negative,closed,negative,neutral,"Acropolis closed for second day “Parts of the country could see highs as much as 44C [111F] on Saturday,” according to the national weather service EMY. ",env_005,Al Jazeera,environment,concern
art_227,25,danger,negative,Deadly,negative,negative,"Deadly danger Authorities have been sounding the alarm, advising people to avoid outdoor activities in the daytime and to be wary of dehydration. ",env_005,Al Jazeera,environment,concern
art_227,26,mindset,negative,DANGEROUS,negative,negative,The Las Vegas weather service warned that assuming high temperatures naturally come with the area’s desert climate was “a DANGEROUS mindset! ,env_005,Al Jazeera,environment,concern
art_229,7,2 degree target,negative,unacceptable,negative,negative,"However, the 2 degree target was unacceptable to small island countries as it implied that their survival was compromised.",env_005,The Hindu,environment,concern
art_229,27,building-back,positive,sustainable,positive,negative,"However, in most cases there is little to no consideration for building-back in a sustainable manner. ",env_005,The Hindu,environment,concern
art_229,32,cryosphere,negative,shrinking,negative,negative,"The cryosphere is shrinking, and there is a mass loss of glaciers in High-mountain Asia, Western North America, and South America. ",env_005,The Hindu,environment,concern
art_230,17,frequency,positive,increasing,positive,neutral,"Climate change caused by greenhouse gas emissions related to human activities – in particular the burning of fossil fuels such as coal, oil and gas and deforestation – is increasing the frequency, int",env_005,Le Monde,environment,concern
art_230,27,Heat waves,negative,deadliest,negative,negative,Heat waves are some of the deadliest natural disasters. ,env_005,Le Monde,environment,concern
art_232,12,trajectory,negative,unsafe,negative,negative,"But, as at right now, we are on a very unsafe trajectory. ",env_005,Straits Times,environment,neutral
art_232,22,heat records,negative,broken,negative,negative,Why are so many heat records being broken? ,env_005,Straits Times,environment,neutral
art_232,24,aerosols,positive,reduction,positive,neutral,"Plus, there has been a reduction in aerosols, which are small particles that can deflect incoming solar radiation. ",env_005,Straits Times,environment,neutral
art_232,32,Human-induced climate change,positive,relentless,positive,neutral,Human-induced climate change is relentless and largely predictable. ,env_005,Straits Times,environment,neutral
art_234,1,records,positive,alarming,positive,neutral,"These alarming new records are likely the highest temperatures in “at least 100,000 years,” one scientist told CNN. ",env_005,CNN,environment,concern
art_235,17,experience,negative,scary,negative,negative,"it's actually very scary as an experience because for people with albinism, the sun keeps getting worse,"" Matilde said.",env_005,Reuters,environment,concern
art_235,24,TERRITORYAs,negative,UNCHARTERED,negative,negative,"UNCHARTERED TERRITORYAs many as 61,000 people may have died in Europe during heatwaves last summer, with a repetition feared this season.""",env_005,Reuters,environment,concern
art_235,28,heat dome,positive,helped,positive,neutral,"The heat dome across the western United States also helped to generate heavy rains in the northeast, claiming at least five lives. ",env_005,Reuters,environment,concern
