article_id,entity_text,entity_type,attributed_sent,doc_sentiment,entity_doc_diff,n_sentences
art_001,Homeland Security Investigations,Organization,-0.79,-0.25,0.54,2
art_001,HSI,Organization,-0.3625,-0.25,0.1124999999999999,4
art_001,Hyundai,Organization,-0.24,-0.25,0.01,8
art_001,HSI,Organization,-0.3625,-0.25,0.1124999999999999,4
art_001,Steven Schrank,Person,-0.3,-0.25,0.0499999999999999,1
art_001,Hyundai,Organization,-0.24,-0.25,0.01,8
art_001,Schrank,Person,-0.15,-0.25,0.1,2
art_001,ICE,Organization,-0.0399999999999999,-0.25,0.21,4
art_001,Hyundai–LG Energy Solution,Organization,-0.46,-0.25,0.21,1
art_001,HSI,Organization,-0.3625,-0.25,0.1124999999999999,4
art_001,Trump administration,Organization,-0.4,-0.25,0.15,1
art_001,Hyundai,Organization,-0.24,-0.25,0.01,8
art_001,LGES,Organization,0.0066666666666666,-0.25,0.2566666666666666,3
art_001,Hyundai,Organization,-0.24,-0.25,0.01,8
art_001,South Korean foreign ministry,Organization,-0.42,-0.25,0.1699999999999999,1
art_001,Lee Jae-woong,Person,-0.01,-0.25,0.24,1
art_001,Financial Times,Organization,-0.005,-0.25,0.245,2
art_001,Georgia State Patrol,Organization,0.56,-0.25,0.81,2
art_001,Georgia Department of Public Safety,Organization,0.0,-0.25,0.25,1
art_001,Associated Press,Organization,0.0,-0.25,0.25,1
art_001,LGES,Organization,0.0066666666666666,-0.25,0.2566666666666666,3
art_001,Financial Times,Organization,-0.005,-0.25,0.245,2
art_001,LGES,Organization,0.0066666666666666,-0.25,0.2566666666666666,3
art_001,Fox News Digital,Organization,-0.2699999999999999,-0.25,0.0199999999999999,3
art_001,Hyundai,Organization,-0.24,-0.25,0.01,8
art_001,Hyundai Motor Company,Organization,-0.01,-0.25,0.24,1
art_001,Hyundai,Organization,-0.24,-0.25,0.01,8
art_001,Fox News Digital,Organization,-0.2699999999999999,-0.25,0.0199999999999999,3
art_001,Department of Homeland Security,Organization,-0.82,-0.25,0.57,1
art_001,ICE Homeland Security Investigations,Organization,-0.82,-0.25,0.57,1
art_001,DHS,Person,-0.82,-0.25,0.57,1
art_001,Fox News Digital,Organization,-0.2699999999999999,-0.25,0.0199999999999999,3
art_001,Office of Inspector General,Organization,0.99,-0.25,1.24,1
art_001,FBI,Organization,0.99,-0.25,1.24,1
art_001,DEA,Organization,0.495,-0.25,0.745,2
art_001,Customs and Border Protection,Organization,0.99,-0.25,1.24,1
art_001,ATF,Organization,0.99,-0.25,1.24,1
art_001,IRS,Organization,0.99,-0.25,1.24,1
art_001,Georgia State Patrol,Organization,0.56,-0.25,0.81,2
art_001,FOX NEWS,Organization,-0.1999999999999999,-0.25,0.05,4
art_002,Hyundai,Organization,-0.2,-0.75,0.55,5
art_002,Donald Trump,Person,-0.735,-0.75,0.015,2
art_002,government,Organization,-0.3,-0.75,0.45,1
art_002,Department of Homeland Security,Organization,-0.68,-0.75,0.0699999999999999,1
art_002,BBC,Organization,-0.68,-0.75,0.0699999999999999,1
art_002,Steve Schrank,Person,-0.04,-0.75,0.71,1
art_002,Homeland Security Investigations,Organization,-0.015,-0.75,0.735,2
art_002,Schrank,Person,-0.03,-0.75,0.72,2
art_002,Donald Trump,Person,-0.735,-0.75,0.015,2
art_002,Trump,Person,-0.35,-0.75,0.4,4
art_002,ICE,Organization,-0.504,-0.75,0.246,5
art_002,Biden,Person,-0.13,-0.75,0.62,1
art_002,US Immigration and Customs Enforcement,Organization,-0.01,-0.75,0.74,1
art_002,ICE,Organization,-0.504,-0.75,0.246,5
art_002,Hyundai Motor Company,Organization,0.01,-0.75,0.76,1
art_002,Hyundai,Organization,-0.2,-0.75,0.55,5
art_002,Hyundai,Organization,-0.2,-0.75,0.55,5
art_002,Reuters,Organization,-0.01,-0.75,0.74,1
art_002,LG Energy Solutions,Organization,-0.03,-0.75,0.72,1
art_002,US embassy,Organization,-0.21,-0.75,0.54,1
art_002,Trump,Person,-0.35,-0.75,0.4,4
art_002,Brian Kemp,Person,0.03,-0.75,0.78,1
art_002,Hyundai,Organization,-0.2,-0.75,0.55,5
art_003,Lee Jae Myung,Person,-0.43,-0.5,0.07,1
art_003,US Immigration and Customs Enforcement,Organization,-0.43,-0.5,0.07,1
art_003,Ice,Organization,-0.2783333333333334,-0.5,0.2216666666666666,6
art_003,Cho Hyun,Person,-0.5,-0.5,0.0,1
art_003,Ice,Person,-0.2783333333333334,-0.5,0.2216666666666666,6
art_003,LG Energy Solution,Organization,-0.405,-0.5,0.0949999999999999,2
art_003,LGES,Organization,-0.39,-0.5,0.1099999999999999,4
art_003,Hyundai,Organization,-0.076,-0.5,0.424,10
art_003,Kia,Organization,0.0,-0.5,0.5,1
art_003,Genesis,Organization,0.0,-0.5,0.5,1
art_003,US Department of Homeland Security,Organization,-0.66,-0.5,0.16,1
art_003,DHS,Organization,-0.47,-0.5,0.0299999999999999,3
art_003,Korea Economic Daily,Organization,-0.75,-0.5,0.25,1
art_003,Hyundai,Organization,-0.076,-0.5,0.424,10
art_003,LGES,Organization,-0.39,-0.5,0.1099999999999999,4
art_003,Hyundai Motor,Organization,-0.0066666666666666,-0.5,0.4933333333333333,6
art_003,Trump administration,Organization,-0.73,-0.5,0.2299999999999999,1
art_003,Brian Kemp,Person,0.73,-0.5,1.23,1
art_003,Donald Trump,Person,-0.6,-0.5,0.0999999999999999,1
art_003,White House,Organization,-0.6,-0.5,0.0999999999999999,1
art_003,DHS,Organization,-0.47,-0.5,0.0299999999999999,3
art_003,Ice,Organization,-0.2783333333333334,-0.5,0.2216666666666666,6
art_003,FBI,Organization,-0.13,-0.5,0.37,1
art_003,DEA,Organization,-0.3033333333333333,-0.5,0.1966666666666666,3
art_003,Steven Schrank,Person,-0.01,-0.5,0.49,1
art_003,LGES,Organization,-0.39,-0.5,0.1099999999999999,4
art_003,Hyundai Motor,Organization,-0.0066666666666666,-0.5,0.4933333333333333,6
art_003,LGES,Organization,-0.39,-0.5,0.1099999999999999,4
art_003,Hyundai Motor,Organization,-0.0066666666666666,-0.5,0.4933333333333333,6
art_003,Hyundai-GA battery company,Organization,0.02,-0.5,0.52,1
art_003,DHS,Organization,-0.47,-0.5,0.0299999999999999,3
art_003,Hyundai Motor,Organization,-0.0066666666666666,-0.5,0.4933333333333333,6
art_003,Hyundai Motor,Organization,-0.0066666666666666,-0.5,0.4933333333333333,6
art_003,Schrank,Person,-0.005,-0.5,0.495,2
art_003,Hyundai Motor Group,Organization,0.0,-0.5,0.5,1
art_003,LG Energy Solution,Organization,-0.405,-0.5,0.0949999999999999,2
art_003,LGES,Organization,-0.39,-0.5,0.1099999999999999,4
art_003,Hyundai,Organization,-0.076,-0.5,0.424,10
art_003,Trump,Person,-0.35,-0.5,0.15,4
art_003,Trump,Person,-0.35,-0.5,0.15,4
art_004,Trump administration,Organization,-0.98,-0.66,0.3199999999999999,1
art_004,Steven Schrank,Person,-0.04,-0.66,0.62,1
art_004,Homeland Security Investigations,Organization,-0.08,-0.66,0.5800000000000001,2
art_004,Schrank,Person,0.04,-0.66,0.7000000000000001,6
art_004,Schrank,Person,0.04,-0.66,0.7000000000000001,6
art_004,US Attorney’s Office for the Southern District of Georgia,Organization,-0.12,-0.66,0.54,1
art_004,Schrank,Person,0.04,-0.66,0.7000000000000001,6
art_004,Hyundai,Organization,-0.31,-0.66,0.35,6
art_004,CNN,Organization,-0.394,-0.66,0.266,5
art_004,Hyundai Motor Company,Organization,-0.13,-0.66,0.53,1
art_004,Hyundai,Organization,-0.31,-0.66,0.35,6
art_004,Hyundai Motor North America,Organization,0.0,-0.66,0.66,1
art_004,Chris Susock,Person,0.0,-0.66,0.66,1
art_004,Hyundai,Organization,-0.31,-0.66,0.35,6
art_004,Hyundai,Organization,-0.31,-0.66,0.35,6
art_004,Hyundai,Organization,-0.31,-0.66,0.35,6
art_004,LG,Organization,-0.75,-0.66,0.0899999999999999,2
art_004,The Associated Press,Organization,-0.17,-0.66,0.49,1
art_004,LG,Organization,-0.75,-0.66,0.0899999999999999,2
art_004,CNN,Organization,-0.394,-0.66,0.266,5
art_004,LG,Organization,-0.75,-0.66,0.0899999999999999,2
art_004,CNN,Organization,-0.394,-0.66,0.266,5
art_004,Schrank,Person,0.04,-0.66,0.7000000000000001,6
art_004,CNN,Organization,-0.394,-0.66,0.266,5
art_004,ICE,Organization,-0.4133333333333333,-0.66,0.2466666666666667,6
art_004,Homeland Security Investigations,Organization,-0.08,-0.66,0.5800000000000001,2
art_004,Georgia State Patrol,Organization,-0.12,-0.66,0.54,1
art_004,FBI,Organization,-0.12,-0.66,0.54,1
art_004,DEA,Organization,-0.12,-0.66,0.54,1
art_004,ATF,Organization,-0.12,-0.66,0.54,1
art_004,Department of Homeland Security,Organization,-0.0499999999999999,-0.66,0.61,1
art_004,Schrank,Person,0.04,-0.66,0.7000000000000001,6
art_004,Hyundai,Organization,-0.31,-0.66,0.35,6
art_004,CNN,Organization,-0.394,-0.66,0.266,5
art_005,Hyundai Motor,Organization,-0.1333333333333333,-0.77,0.6366666666666667,6
art_005,DHS,Organization,-0.08,-0.77,0.6900000000000001,2
art_005,Donald Trump,Person,-0.78,-0.77,0.01,1
art_005,White House,Organization,-0.865,-0.77,0.0949999999999999,2
art_005,Hyundai Motor,Organization,-0.1333333333333333,-0.77,0.6366666666666667,6
art_005,Steven Schrank,Person,0.0,-0.77,0.77,1
art_005,Schrank,Person,-0.0466666666666666,-0.77,0.7233333333333334,3
art_005,Hyundai Motor,Organization,-0.1333333333333333,-0.77,0.6366666666666667,6
art_005,Chris Susock,Person,0.01,-0.77,0.78,1
art_005,Hyundai,Organization,-0.2455555555555555,-0.77,0.5244444444444445,9
art_005,ICE,Organization,-0.2566666666666666,-0.77,0.5133333333333334,6
art_005,Schrank,Person,-0.0466666666666666,-0.77,0.7233333333333334,3
art_005,Hyundai,Organization,-0.2455555555555555,-0.77,0.5244444444444445,9
art_005,LG Energy Solutions,Organization,0.01,-0.77,0.78,1
art_005,LGES,Organization,-0.015,-0.77,0.755,2
art_005,Hyundai Motor,Organization,-0.1333333333333333,-0.77,0.6366666666666667,6
art_005,LGES,Organization,-0.015,-0.77,0.755,2
art_005,Hyundai Motor,Organization,-0.1333333333333333,-0.77,0.6366666666666667,6
art_005,LGES,Organization,-0.015,-0.77,0.755,2
art_005,Trump,Person,-0.57,-0.77,0.2,3
art_005,Immigration and Customs Enforcement,Organization,-0.16,-0.77,0.61,1
art_005,ICE,Organization,-0.2566666666666666,-0.77,0.5133333333333334,6
art_005,DHS,Organization,-0.08,-0.77,0.6900000000000001,2
art_005,Trump,Person,-0.57,-0.77,0.2,3
art_005,ICE,Organization,-0.2566666666666666,-0.77,0.5133333333333334,6
art_005,White House,Organization,-0.865,-0.77,0.0949999999999999,2
art_005,Foreign Ministry,Organization,-0.95,-0.77,0.1799999999999999,1
art_005,Lee Jae-woong,Person,0.03,-0.77,0.8,1
art_005,Homeland Security Investigations,Organization,-0.01,-0.77,0.76,1
art_005,DOJ,Organization,-0.01,-0.77,0.76,1
art_005,Democratic Party,Organization,-0.57,-0.77,0.2,1
art_005,Brian Kemp,Person,-0.57,-0.77,0.2,1
art_005,Hyundai,Organization,-0.2455555555555555,-0.77,0.5244444444444445,9
art_005,Hyundai Motor,Organization,-0.1333333333333333,-0.77,0.6366666666666667,6
art_005,LG Energy,Organization,0.005,-0.77,0.775,2
art_006,US Immigration and Customs Enforcement,Organization,-0.15,-0.69,0.5399999999999999,1
art_006,Hyundai Motor Group,Organization,-0.89,-0.69,0.2,1
art_006,LG Energy Solution,Organization,-0.89,-0.69,0.2,1
art_006,Trump administration,Organization,0.74,-0.69,1.43,1
art_006,Lee Jae-myung,Person,-0.08,-0.69,0.61,1
art_006,Center for Korean Peninsula Studies,Organization,0.0,-0.69,0.69,1
art_006,Shanghai University of International Business and Economics,Organization,0.0,-0.69,0.69,1
art_007,immigration authorities,Organization,-0.605,-0.71,0.1049999999999999,2
art_007,Hyundai,Organization,-0.2033333333333333,-0.71,0.5066666666666666,3
art_007,Hyundai Motor Group,Organization,-0.04,-0.71,0.6699999999999999,1
art_007,LG Energy Solution,Organization,-0.04,-0.71,0.6699999999999999,1
art_007,US Homeland Security Investigations,Organization,-0.86,-0.71,0.15,1
art_007,HSI,Organization,-0.43,-0.71,0.2799999999999999,2
art_007,"Bureau of Alcohol, Tobacco, Firearms, and Explosives",Organization,-0.08,-0.71,0.63,1
art_007,ATFAtlanta,Organization,-0.14,-0.71,0.57,2
art_007,HSI,Organization,-0.43,-0.71,0.2799999999999999,2
art_007,FBI,Organization,0.0,-0.71,0.71,1
art_007,DEA,Organization,0.0,-0.71,0.71,1
art_007,ICE,Organization,-0.3133333333333333,-0.71,0.3966666666666666,3
art_007,GSP,Organization,0.0,-0.71,0.71,1
art_007,ATFpic,Organization,-0.28,-0.71,0.4299999999999999,1
art_007,ATF Atlanta,Organization,-0.28,-0.71,0.4299999999999999,1
art_007,ATFAtlanta,Organization,-0.14,-0.71,0.57,2
art_007,Cho Hyun,Person,-0.28,-0.71,0.4299999999999999,1
art_007,Foreign Ministry,Organization,0.0,-0.71,0.71,1
art_007,US Embassy,Organization,-0.71,-0.71,0.0,1
art_007,Lee Jae-myung,Person,-0.71,-0.71,0.0,1
art_007,Donald Trump,Person,-0.71,-0.71,0.0,1
art_008,Hyundai,Organization,-0.4,-0.75,0.35,5
art_008,Trump,Person,-0.3457142857142857,-0.75,0.4042857142857143,7
art_008,ICE,Organization,-0.2583333333333333,-0.75,0.4916666666666666,6
art_008,United States Department of Homeland Security,Organization,-0.86,-0.75,0.1099999999999999,1
art_008,Ministry of Foreign Affairs,Organization,-0.09,-0.75,0.66,1
art_008,Trump,Person,-0.3457142857142857,-0.75,0.4042857142857143,7
art_008,National Guard,Organization,-0.11,-0.75,0.64,1
art_008,Trump,Person,-0.3457142857142857,-0.75,0.4042857142857143,7
art_008,National Guard,Organization,-0.11,-0.75,0.64,1
art_008,US Department of Homeland Security,Organization,-0.79,-0.75,0.04,1
art_008,Donald Trump,Person,-0.03,-0.75,0.72,1
art_008,Hyundai,Organization,-0.4,-0.75,0.35,5
art_008,Foreign Ministry,Organization,0.0,-0.75,0.75,1
art_008,Lee Jaewoong,Person,0.0,-0.75,0.75,1
art_008,Trump,Person,-0.3457142857142857,-0.75,0.4042857142857143,7
art_008,US Immigration and Customs Enforcement,Organization,-0.265,-0.75,0.485,2
art_008,ICE,Organization,-0.2583333333333333,-0.75,0.4916666666666666,6
art_008,agency,Organization,-0.28,-0.75,0.47,2
art_008,ICE,Organization,-0.2583333333333333,-0.75,0.4916666666666666,6
art_008,Trump,Person,-0.3457142857142857,-0.75,0.4042857142857143,7
art_008,Pew Research Center,Organization,-0.71,-0.75,0.04,1
art_008,Census Bureau,Organization,-0.71,-0.75,0.04,1
art_008,White House,Organization,-0.24,-0.75,0.51,2
art_008,Abigail Jackson,Person,-0.49,-0.75,0.26,1
art_008,Jackson,Person,-0.235,-0.75,0.515,2
art_008,Trump,Person,-0.3457142857142857,-0.75,0.4042857142857143,7
art_008,Steven Schrank,Person,0.0099999999999999,-0.75,0.76,1
art_008,Department of Homeland Security,Organization,-0.5499999999999999,-0.75,0.2,3
art_008,US Immigration and Customs Enforcement,Organization,-0.265,-0.75,0.485,2
art_008,ICE,Organization,-0.2583333333333333,-0.75,0.4916666666666666,6
art_008,US Customs and Border Protection,Organization,0.0,-0.75,0.75,1
art_008,Secret Service,Organization,0.0,-0.75,0.75,1
art_008,Brian Kemp,Person,-0.54,-0.75,0.2099999999999999,1
art_008,Hyundai Motor Group,Organization,0.0,-0.75,0.75,1
art_008,LG Energy Solution,Organization,0.0,-0.75,0.75,1
art_008,Al Jazeera,Organization,-0.91,-0.75,0.16,1
art_008,Mike Hanna,Person,-0.91,-0.75,0.16,1
art_008,Reuters news agency,Organization,-0.03,-0.75,0.72,1
art_008,Lee,Person,0.0066666666666666,-0.75,0.7566666666666667,3
art_008,Trump,Person,-0.3457142857142857,-0.75,0.4042857142857143,7
art_008,Lee Jae Myung,Person,0.01,-0.75,0.76,1
art_009,Hyundai,Organization,-0.4366666666666667,-0.86,0.4233333333333333,6
art_009,Trump,Person,-0.192,-0.86,0.6679999999999999,5
art_009,Hyundai,Organization,-0.4366666666666667,-0.86,0.4233333333333333,6
art_009,US Department of Homeland Security,Organization,-0.82,-0.86,0.04,1
art_009,Hyundai Motor Group Metaplant,Organization,-0.83,-0.86,0.03,1
art_009,HMGMA,Organization,-0.91,-0.86,0.0499999999999999,2
art_009,Donald Trump,Person,-0.83,-0.86,0.03,1
art_009,Trump,Person,-0.192,-0.86,0.6679999999999999,5
art_009,administration,Organization,0.0,-0.86,0.86,1
art_009,Troy Stangarone,Person,0.0,-0.86,0.86,1
art_009,Carnegie Mellon Institute for Strategy and Technology,Organization,0.0,-0.86,0.86,1
art_009,The Straits Times,Organization,0.0,-0.86,0.86,1
art_009,US Customs,Organization,-0.79,-0.86,0.0699999999999999,1
art_009,Homeland Security Investigations,Organization,-0.64,-0.86,0.2199999999999999,1
art_009,Steven Schrank,Person,-0.64,-0.86,0.2199999999999999,1
art_009,Trump,Person,-0.192,-0.86,0.6679999999999999,5
art_009,Truth Social,Organization,0.4599999999999999,-0.86,1.3199999999999998,1
art_009,Hyundai,Organization,-0.4366666666666667,-0.86,0.4233333333333333,6
art_009,LG,Organization,-0.485,-0.86,0.375,2
art_009,Lee Jae Myung,Person,-0.61,-0.86,0.25,1
art_009,Trump,Person,-0.192,-0.86,0.6679999999999999,5
art_009,Cho Hyun,Person,0.0,-0.86,0.86,1
art_009,Hyundai,Organization,-0.4366666666666667,-0.86,0.4233333333333333,6
art_009,Hyundai,Organization,-0.4366666666666667,-0.86,0.4233333333333333,6
art_009,South Korean government,Organization,-0.99,-0.86,0.13,1
art_009,Lee Seong-hyon,Person,0.01,-0.86,0.87,1
art_009,Lee,Person,-0.1833333333333333,-0.86,0.6766666666666666,3
art_009,ST,Organization,-0.3361111111111111,-0.86,0.5238888888888888,18
art_010,Steven Schrank,Person,-0.11,-0.72,0.61,1
art_010,Homeland Security Investigations,Organization,-0.31,-0.72,0.41,2
art_010,Donald Trump,Person,-0.11,-0.72,0.61,1
art_010,Hyundai Motor-,Organization,-0.52,-0.72,0.1999999999999999,1
art_010,LG Energy Solution,Organization,-0.2,-0.72,0.52,2
art_010,Schrank,Person,-0.55,-0.72,0.1699999999999999,5
art_010,Trump,Person,-0.268,-0.72,0.4519999999999999,5
art_010,ICE,Organization,-0.2366666666666666,-0.72,0.4833333333333333,3
art_010,Immigration and Customs Enforcement,Organization,-0.18,-0.72,0.54,1
art_010,Lee Jae-woong,Person,0.0,-0.72,0.72,1
art_010,Schrank,Person,-0.55,-0.72,0.1699999999999999,5
art_010,Agence France-Presse,Organization,-0.51,-0.72,0.2099999999999999,1
art_010,AFP,Organization,-0.51,-0.72,0.2099999999999999,1
art_010,Schrank,Person,-0.55,-0.72,0.1699999999999999,5
art_010,Hyundai,Organization,-0.615,-0.72,0.1049999999999999,4
art_010,LG,Organization,-0.585,-0.72,0.135,4
art_010,ICE,Organization,-0.2366666666666666,-0.72,0.4833333333333333,3
art_010,Schrank,Person,-0.55,-0.72,0.1699999999999999,5
art_010,Trump,Person,-0.268,-0.72,0.4519999999999999,5
art_010,Lee Jae Myung,Person,0.03,-0.72,0.75,1
art_010,Trump,Person,-0.268,-0.72,0.4519999999999999,5
art_010,Trump,Person,-0.268,-0.72,0.4519999999999999,5
art_010,Hyundai,Organization,-0.615,-0.72,0.1049999999999999,4
art_010,Hyundai Motor Company,Organization,0.0,-0.72,0.72,1
art_010,LG Energy Solution,Organization,-0.2,-0.72,0.52,2
art_011,Donald Trump,Person,-0.94,-0.81,0.1299999999999999,2
art_011,Donald Trump,Person,-0.94,-0.81,0.1299999999999999,2
art_011,Trump,Person,-0.5033333333333333,-0.81,0.3066666666666667,6
art_011,Trump,Person,-0.5033333333333333,-0.81,0.3066666666666667,6
art_011,Grace Meng,Person,-0.5599999999999999,-0.81,0.2500000000000001,1
art_011,Human Rights Watch,Organization,-0.5599999999999999,-0.81,0.2500000000000001,1
art_011,Trump,Person,-0.5033333333333333,-0.81,0.3066666666666667,6
art_011,Council on American-Islamic Relations,Organization,-0.58,-0.81,0.2300000000000001,1
art_011,CAIR,Organization,-0.52,-0.81,0.29,2
art_011,Lena Masri,Person,-0.46,-0.81,0.35,1
art_011,CAIR,Organization,-0.52,-0.81,0.29,2
art_011,state department,Organization,-0.04,-0.81,0.77,1
art_011,United Nations refugee agency,Organization,0.03,-0.81,0.8400000000000001,1
art_011,International Organization for Migration,Organization,0.03,-0.81,0.8400000000000001,1
art_011,IOM,Organization,0.03,-0.81,0.8400000000000001,1
art_011,Trump,Person,-0.5033333333333333,-0.81,0.3066666666666667,6
art_012,Trump,Person,-0.6466666666666666,-0.86,0.2133333333333333,6
art_012,Donald Trump,Person,-0.65,-0.86,0.2099999999999999,3
art_012,Francois Hollande,Person,-0.22,-0.86,0.64,1
art_012,Donald Trump,Person,-0.65,-0.86,0.2099999999999999,3
art_012,Hollande,Person,-0.155,-0.86,0.705,4
art_012,Hollande,Person,-0.155,-0.86,0.705,4
art_012,EU,Organization,-0.41,-0.86,0.45,6
art_012,Trump,Person,-0.6466666666666666,-0.86,0.2133333333333333,6
art_012,Hollande,Person,-0.155,-0.86,0.705,4
art_012,Jean-Marc Ayrault,Person,0.01,-0.86,0.87,2
art_012,Ayrault,Person,-0.0899999999999999,-0.86,0.77,3
art_012,Twitter,Organization,-0.29,-0.86,0.5700000000000001,1
art_012,Jean-Marc Ayrault,Person,0.01,-0.86,0.87,2
art_012,jeanmarcayrault,Person,0.01,-0.86,0.87,1
art_012,Theresa May,Person,-0.15,-0.86,0.71,1
art_012,Boris Johnson,Person,-0.175,-0.86,0.685,2
art_012,Boris Johnson,Person,-0.175,-0.86,0.685,2
art_012,BorisJohnson,Person,-0.36,-0.86,0.5,1
art_012,Sadiq Khan,Person,-0.82,-0.86,0.04,1
art_012,Facebook,Organization,-0.82,-0.86,0.04,1
art_012,Trump,Person,-0.6466666666666666,-0.86,0.2133333333333333,6
art_012,Labour Party,Organization,-0.82,-0.86,0.04,1
art_012,Jeremy Corbyn,Person,-0.8,-0.86,0.0599999999999999,2
art_012,Trump,Person,-0.6466666666666666,-0.86,0.2133333333333333,6
art_012,Independent,Organization,-0.82,-0.86,0.04,1
art_012,Theresa_May,Person,-0.92,-0.86,0.06,1
art_012,realDonaldTrump,Person,-0.92,-0.86,0.06,1
art_012,Jeremy Corbyn,Person,-0.8,-0.86,0.0599999999999999,2
art_012,jeremycorbyn,Person,-0.78,-0.86,0.0799999999999999,1
art_012,Donald Trump,Person,-0.65,-0.86,0.2099999999999999,3
art_012,Government,Organization,-0.48,-0.86,0.38,4
art_012,Angela Merkel,Person,-0.18,-0.86,0.6799999999999999,1
art_012,Der Spiegel,Organization,-0.18,-0.86,0.6799999999999999,1
art_012,Steffen Seibert,Person,-0.18,-0.86,0.6799999999999999,1
art_012,German government,Organization,0.0,-0.86,0.86,1
art_012,Seibert,Person,-0.09,-0.86,0.77,2
art_012,Jean Asselborn,Person,-0.91,-0.86,0.05,1
art_012,Asselborn,Person,-0.8600000000000001,-0.86,1.1102230246251563e-16,2
art_012,Tagesspiegel,Organization,-0.81,-0.86,0.0499999999999999,1
art_013,Donald Trump,Person,-0.26,-0.75,0.49,1
art_013,Trump,Person,-0.3645454545454545,-0.75,0.3854545454545455,11
art_013,Trump,Person,-0.3645454545454545,-0.75,0.3854545454545455,11
art_013,Supreme Court,Organization,-0.37,-0.75,0.38,1
art_013,White House,Organization,-0.36,-0.75,0.39,4
art_013,Trump,Person,-0.3645454545454545,-0.75,0.3854545454545455,11
art_013,Delta,Organization,-0.99,-0.75,0.24,1
art_013,Chuck) Schumer,Person,-0.6799999999999999,-0.75,0.07,1
art_013,White House,Organization,-0.36,-0.75,0.39,4
art_013,Trump,Person,-0.3645454545454545,-0.75,0.3854545454545455,11
art_013,CNN,Organization,-0.215,-0.75,0.535,2
art_013,Jake Tapper,Person,-0.44,-0.75,0.31,1
art_013,Stephen Miller,Person,-0.44,-0.75,0.31,1
art_013,Trump,Person,-0.3645454545454545,-0.75,0.3854545454545455,11
art_013,Departments of State,Organization,-0.44,-0.75,0.31,1
art_013,Homeland Security,Organization,-0.44,-0.75,0.31,1
art_013,Trump,Person,-0.3645454545454545,-0.75,0.3854545454545455,11
art_013,Trump,Person,-0.3645454545454545,-0.75,0.3854545454545455,11
art_013,Jan Brewer,Person,0.01,-0.75,0.76,1
art_013,CNN,Organization,-0.215,-0.75,0.535,2
art_013,Trump,Person,-0.3645454545454545,-0.75,0.3854545454545455,11
art_013,White House,Organization,-0.36,-0.75,0.39,4
art_013,White House,Organization,-0.36,-0.75,0.39,4
art_013,Trump,Person,-0.3645454545454545,-0.75,0.3854545454545455,11
art_013,John Adams,Person,-0.5299999999999999,-0.75,0.22,1
art_013,Joseph McCarthy,Person,-0.98,-0.75,0.2299999999999999,1
art_013,Barack Obama,Person,-0.92,-0.75,0.17,1
art_013,Obama,Person,-0.93,-0.75,0.1799999999999999,2
art_013,Trump,Person,-0.3645454545454545,-0.75,0.3854545454545455,11
art_013,Trump,Person,-0.3645454545454545,-0.75,0.3854545454545455,11
art_014,Donald Trump,Person,-0.28,-0.84,0.5599999999999999,1
art_014,Obama,Person,-0.4166666666666667,-0.84,0.4233333333333333,3
art_014,administration,Organization,-0.585,-0.84,0.255,2
art_014,Trump,Person,-0.4925,-0.84,0.3475,8
art_014,Congress,Organization,-0.0799999999999999,-0.84,0.76,2
art_014,Congress,Organization,-0.0799999999999999,-0.84,0.76,2
art_014,White House,Organization,0.07,-0.84,0.91,1
art_014,Trump,Person,-0.4925,-0.84,0.3475,8
art_014,Obama administration,Organization,-0.585,-0.84,0.255,2
art_014,Trump,Person,-0.4925,-0.84,0.3475,8
art_014,Trump,Person,-0.4925,-0.84,0.3475,8
art_014,Obama,Person,-0.4166666666666667,-0.84,0.4233333333333333,3
art_014,Trump,Person,-0.4925,-0.84,0.3475,8
art_014,FBI,Organization,-0.31,-0.84,0.53,1
art_014,al-Qaeda,Organization,-0.87,-0.84,0.03,1
art_014,Subcommittee on Counterterrorism and Intelligence,Organization,-0.46,-0.84,0.3799999999999999,1
art_014,Trump,Person,-0.4925,-0.84,0.3475,8
art_014,Homeland Security Committee,Organization,-0.92,-0.84,0.08,1
art_014,New America Foundation,Organization,-0.44,-0.84,0.3999999999999999,1
art_014,Cato Institute,Organization,-0.96,-0.84,0.12,1
art_014,John McCain,Person,-0.2799999999999999,-0.84,0.56,1
art_014,Lindsey Graham,Person,-0.2799999999999999,-0.84,0.56,1
art_014,Trump,Person,-0.4925,-0.84,0.3475,8
art_015,Department of Homeland Security,Organization,-0.18,-0.74,0.56,1
art_015,DHS,Organization,-0.1475,-0.74,0.5925,4
art_015,White House,Organization,-0.065,-0.74,0.675,2
art_015,Donald Trump,Person,-0.99,-0.74,0.25,1
art_015,Stephen Miller,Person,0.05,-0.74,0.79,1
art_015,White House,Organization,-0.065,-0.74,0.675,2
art_015,Ann Donnelly,Person,-0.16,-0.74,0.58,1
art_015,American Civil Liberties Union,Organization,-0.16,-0.74,0.58,1
art_015,Homeland Security,Organization,-0.095,-0.74,0.645,2
art_015,DHS,Organization,-0.1475,-0.74,0.5925,4
art_015,Trump,Person,-0.41,-0.74,0.33,6
art_015,Trump,Person,-0.41,-0.74,0.33,6
art_015,DHS,Organization,-0.1475,-0.74,0.5925,4
art_015,Trump,Person,-0.41,-0.74,0.33,6
art_015,Trump,Person,-0.41,-0.74,0.33,6
art_015,Trump,Person,-0.41,-0.74,0.33,6
art_015,DHS,Organization,-0.1475,-0.74,0.5925,4
art_016,Donald Trump,Person,-0.98,-0.66,0.3199999999999999,1
art_016,Trump,Person,-0.8625,-0.66,0.2025,4
art_016,American Civil Liberties Union,Organization,0.0,-0.66,0.66,1
art_016,Trump,Person,-0.8625,-0.66,0.2025,4
art_016,Trump,Person,-0.8625,-0.66,0.2025,4
art_016,White House,Organization,-0.3924999999999999,-0.66,0.2675,4
art_016,White House,Organization,-0.3924999999999999,-0.66,0.2675,4
art_016,Trump,Person,-0.8625,-0.66,0.2025,4
art_016,Department of Homeland Security,Organization,-0.87,-0.66,0.2099999999999999,2
art_016,Pegah Rahmani,Person,-0.93,-0.66,0.27,1
art_016,Rahmani,Person,-0.79,-0.66,0.13,2
art_016,David Leopold,Person,-0.53,-0.66,0.13,1
art_016,White House,Organization,-0.3924999999999999,-0.66,0.2675,4
art_016,Department of Homeland Security,Organization,-0.87,-0.66,0.2099999999999999,2
art_016,Mark Krikorian,Person,-0.61,-0.66,0.05,1
art_016,Center for Immigration Studies,Organization,-0.61,-0.66,0.05,1
art_016,Krikorian,Person,-0.305,-0.66,0.355,2
art_016,Travis Kalanick,Person,-0.95,-0.66,0.2899999999999999,1
art_016,Uber Technologies Inc,Organization,-0.95,-0.66,0.2899999999999999,1
art_016,UBER,Organization,-0.95,-0.66,0.2899999999999999,1
art_016,UL,Person,-0.67875,-0.66,0.0187499999999999,8
art_016,White House,Organization,-0.3924999999999999,-0.66,0.2675,4
art_016,Lukman Faily,Person,-0.79,-0.66,0.13,1
art_016,Reuters,Organization,-0.79,-0.66,0.13,1
art_016,Trump,Person,-0.8625,-0.66,0.2025,4
art_017,Trump,Person,-0.3855555555555555,-0.71,0.3244444444444444,9
art_017,Donald Trump,Person,-0.59,-0.71,0.12,1
art_017,FRANCE 24,Organization,-0.05,-0.71,0.6599999999999999,1
art_017,YouTube,Organization,0.0,-0.71,0.71,1
art_017,NATO,Organization,-0.13,-0.71,0.58,1
art_017,UN,Organization,-0.337,-0.71,0.3729999999999999,20
art_017,John Kelly,Person,0.04,-0.71,0.75,1
art_017,White House,Organization,-0.0066666666666666,-0.71,0.7033333333333333,3
art_017,Reince Priebus,Person,-0.01,-0.71,0.7,1
art_017,Barack Obama,Person,-0.01,-0.71,0.7,1
art_017,United Nations,Organization,-0.97,-0.71,0.26,1
art_017,Trump,Person,-0.3855555555555555,-0.71,0.3244444444444444,9
art_017,Republican Party,Organization,-0.41,-0.71,0.3,1
art_017,Trump,Person,-0.3855555555555555,-0.71,0.3244444444444444,9
art_017,Trump,Person,-0.3855555555555555,-0.71,0.3244444444444444,9
art_017,Xavier Becerra,Person,-0.3999999999999999,-0.71,0.31,1
art_017,Ann Donnelly,Person,-0.58,-0.71,0.13,1
art_017,Trump,Person,-0.3855555555555555,-0.71,0.3244444444444444,9
art_017,American Civil Liberties Union,Organization,-0.58,-0.71,0.13,1
art_017,Trump,Person,-0.3855555555555555,-0.71,0.3244444444444444,9
art_017,Trump,Person,-0.3855555555555555,-0.71,0.3244444444444444,9
art_017,Trump,Person,-0.3855555555555555,-0.71,0.3244444444444444,9
art_017,White House,Organization,-0.0066666666666666,-0.71,0.7033333333333333,3
art_017,White House,Organization,-0.0066666666666666,-0.71,0.7033333333333333,3
art_018,Donald Trump,Person,-0.3999999999999999,-0.87,0.47,1
art_018,Trump,Person,-0.2533333333333333,-0.87,0.6166666666666667,9
art_018,Trump,Person,-0.2533333333333333,-0.87,0.6166666666666667,9
art_018,White House,Organization,-0.16,-0.87,0.71,1
art_018,Bashar al-Assad,Person,-0.99,-0.87,0.12,1
art_018,Trump,Person,-0.2533333333333333,-0.87,0.6166666666666667,9
art_018,Trump,Person,-0.2533333333333333,-0.87,0.6166666666666667,9
art_018,Trump,Person,-0.2533333333333333,-0.87,0.6166666666666667,9
art_018,Trump,Person,-0.2533333333333333,-0.87,0.6166666666666667,9
art_018,administration,Organization,-0.125,-0.87,0.745,2
art_018,US government,Organization,-0.24,-0.87,0.63,1
art_018,Christian Broadcasting Network,Organization,-0.01,-0.87,0.86,1
art_018,Trump,Person,-0.2533333333333333,-0.87,0.6166666666666667,9
art_018,Trump,Person,-0.2533333333333333,-0.87,0.6166666666666667,9
art_018,Isis,Organization,-0.96,-0.87,0.0899999999999999,2
art_019,Trump,Person,-0.12,-0.84,0.72,2
art_019,Agencies,Organization,-0.05,-0.84,0.7899999999999999,1
art_019,government,Organization,-0.05,-0.84,0.7899999999999999,1
art_019,Donald Trump,Person,-0.05,-0.84,0.7899999999999999,1
art_019,Trump,Person,-0.12,-0.84,0.72,2
art_019,Ann Donnelly,Person,-0.19,-0.84,0.6499999999999999,1
art_019,CNN,Organization,-0.19,-0.84,0.6499999999999999,1
art_020,Trump,Person,-0.6439999999999999,-0.8,0.1560000000000001,5
art_020,Donald Trump,Person,-0.92,-0.8,0.12,1
art_020,Trump,Person,-0.6439999999999999,-0.8,0.1560000000000001,5
art_020,Trump,Person,-0.6439999999999999,-0.8,0.1560000000000001,5
art_020,White House,Organization,0.05,-0.8,0.8500000000000001,1
art_020,Trump,Person,-0.6439999999999999,-0.8,0.1560000000000001,5
art_020,Republican Party,Organization,-0.1699999999999999,-0.8,0.6300000000000001,1
art_020,Congress,Organization,-0.1699999999999999,-0.8,0.6300000000000001,1
art_020,Trump,Person,-0.6439999999999999,-0.8,0.1560000000000001,5
art_021,Donald Trump,Person,-0.398,-0.76,0.362,5
art_021,Trump,Person,-0.4078571428571428,-0.76,0.3521428571428571,14
art_021,Trump,Person,-0.4078571428571428,-0.76,0.3521428571428571,14
art_021,Trump,Person,-0.4078571428571428,-0.76,0.3521428571428571,14
art_021,Donald Trump,Person,-0.398,-0.76,0.362,5
art_021,Trump,Person,-0.4078571428571428,-0.76,0.3521428571428571,14
art_021,Dennis Herrera,Person,-0.22,-0.76,0.54,1
art_021,UNWTO,Organization,-0.62,-0.76,0.14,2
art_021,Trump,Person,-0.4078571428571428,-0.76,0.3521428571428571,14
art_021,UN World Tourism Organization,Organization,-0.07,-0.76,0.69,1
art_021,Donald Trump,Person,-0.398,-0.76,0.362,5
art_021,UNWTO,Organization,-0.62,-0.76,0.14,2
art_021,Taleb Rifai,Person,-0.39,-0.76,0.37,1
art_021,Trump,Person,-0.4078571428571428,-0.76,0.3521428571428571,14
art_021,Donald Tusk,Person,-0.41,-0.76,0.35,1
art_021,Donald Trump,Person,-0.398,-0.76,0.362,5
art_021,Tusk,Person,-0.6799999999999999,-0.76,0.08,2
art_021,Trump,Person,-0.4078571428571428,-0.76,0.3521428571428571,14
art_021,Trump,Person,-0.4078571428571428,-0.76,0.3521428571428571,14
art_021,Mohammad Javad Zarif,Person,-0.01,-0.76,0.75,1
art_021,Foreign Ministry,Organization,-0.01,-0.76,0.75,1
art_021,Zarif,Person,-0.01,-0.76,0.75,2
art_021,Khorasan daily,Organization,-0.01,-0.76,0.75,1
art_021,Jean-Marc Ayrault,Person,-0.01,-0.76,0.75,1
art_021,Zarif,Person,-0.01,-0.76,0.75,2
art_021,Trump,Person,-0.4078571428571428,-0.76,0.3521428571428571,14
art_021,Trump,Person,-0.4078571428571428,-0.76,0.3521428571428571,14
art_021,White House,Organization,0.1099999999999999,-0.76,0.87,2
art_021,Donald Trump,Person,-0.398,-0.76,0.362,5
art_021,White House,Organization,0.1099999999999999,-0.76,0.87,2
art_021,Trump,Person,-0.4078571428571428,-0.76,0.3521428571428571,14
art_021,Trump administration,Organization,-0.4499999999999999,-0.76,0.31,2
art_021,Barack Obama,Person,0.0499999999999999,-0.76,0.81,1
art_021,contractors,Organization,0.0099999999999999,-0.76,0.77,1
art_021,Trump,Person,-0.4078571428571428,-0.76,0.3521428571428571,14
art_021,Immigration and Customs Enforcement,Organization,-0.33,-0.76,0.43,1
art_021,AP,Organization,-0.54,-0.76,0.2199999999999999,2
art_022,European Union,Organization,-0.4049999999999999,-0.68,0.2750000000000001,4
art_022,European Union,Organization,-0.4049999999999999,-0.68,0.2750000000000001,4
art_022,Mateusz Morawiecki,Person,-0.54,-0.68,0.14,1
art_022,LUKASHENKO,Person,-0.536,-0.68,0.144,5
art_022,Alexander Lukashenko,Person,-0.92,-0.68,0.24,1
art_022,European Commission,Organization,-0.01,-0.68,0.67,1
art_022,Ursula von der Leyen,Person,-0.01,-0.68,0.67,1
art_022,Biden,Person,-0.475,-0.68,0.205,2
art_022,von der Leyen,Person,-0.01,-0.68,0.67,1
art_022,European Union,Organization,-0.4049999999999999,-0.68,0.2750000000000001,4
art_022,Antony Blinken,Person,-0.99,-0.68,0.3099999999999999,1
art_022,Vladimir Putin,Person,-0.99,-0.68,0.3099999999999999,1
art_022,Lukashenko,Person,-0.536,-0.68,0.144,5
art_022,Michael Ryan,Person,0.0,-0.68,0.68,1
art_022,NATO,Organization,0.0,-0.68,0.68,1
art_022,Fox News,Organization,-0.065,-0.68,0.615,2
art_022,Putin,Person,-0.378,-0.68,0.302,5
art_022,EU,Organization,-0.3546153846153846,-0.68,0.3253846153846154,13
art_022,Ryan,Person,-0.06,-0.68,0.6200000000000001,3
art_022,European Union,Organization,-0.4049999999999999,-0.68,0.2750000000000001,4
art_022,Lukashenko,Person,-0.536,-0.68,0.144,5
art_022,Putin,Person,-0.378,-0.68,0.302,5
art_022,FOX NEWS,Organization,-0.065,-0.68,0.615,2
art_022,Charles Michel,Person,-0.13,-0.68,0.55,1
art_022,European Council,Organization,-0.13,-0.68,0.55,1
art_022,Morawiecki,Person,-0.335,-0.68,0.345,2
art_022,Ryan,Person,-0.06,-0.68,0.6200000000000001,3
art_022,Putin,Person,-0.378,-0.68,0.302,5
art_022,Putin,Person,-0.378,-0.68,0.302,5
art_023,EU,Organization,-0.351875,-0.8,0.448125,16
art_023,Chen Siyang,Person,-0.08,-0.8,0.7200000000000001,1
art_023,China Daily Global,Organization,-0.08,-0.8,0.7200000000000001,1
art_023,European Union,Organization,-0.15,-0.8,0.65,4
art_023,European Union,Organization,-0.15,-0.8,0.65,4
art_023,European Union,Organization,-0.15,-0.8,0.65,4
art_023,European Union,Organization,-0.15,-0.8,0.65,4
art_023,Belarusian government,Organization,-0.95,-0.8,0.1499999999999999,1
art_023,Mateusz Morawiecki,Person,-0.75,-0.8,0.05,1
art_023,EU,Organization,-0.351875,-0.8,0.448125,16
art_023,Defense Ministry,Organization,-0.04,-0.8,0.76,1
art_023,Horst Seehofer,Person,0.04,-0.8,0.8400000000000001,1
art_023,EU,Organization,-0.351875,-0.8,0.448125,16
art_023,EU,Organization,-0.351875,-0.8,0.448125,16
art_023,Charles Michel,Person,0.06,-0.8,0.8600000000000001,1
art_023,European Council,Organization,0.06,-0.8,0.8600000000000001,1
art_023,Morawiecki,Person,-0.345,-0.8,0.455,2
art_023,EU,Organization,-0.351875,-0.8,0.448125,16
art_023,EU,Organization,-0.351875,-0.8,0.448125,16
art_023,EU,Organization,-0.351875,-0.8,0.448125,16
art_023,EU,Organization,-0.351875,-0.8,0.448125,16
art_023,EU,Organization,-0.351875,-0.8,0.448125,16
art_023,EU,Organization,-0.351875,-0.8,0.448125,16
art_023,EU,Organization,-0.351875,-0.8,0.448125,16
art_023,EU,Organization,-0.351875,-0.8,0.448125,16
art_024,EU,Organization,-0.453,-0.88,0.427,10
art_024,Nato,Organization,-0.74,-0.88,0.14,1
art_024,Alexander Lukashenko,Person,-0.96,-0.88,0.0799999999999999,1
art_024,Mariusz Blaszczak,Person,-0.22,-0.88,0.66,1
art_024,Polish radio,Organization,-0.22,-0.88,0.66,1
art_024,guard,Organization,-0.895,-0.88,0.015,2
art_024,BBC,Organization,-0.315,-0.88,0.565,2
art_024,defence ministry,Organization,-0.41,-0.88,0.47,1
art_024,Ania Chmielewska,Person,0.16,-0.88,1.04,1
art_024,BBC,Organization,-0.315,-0.88,0.565,2
art_024,European Commission,Organization,-0.93,-0.88,0.05,1
art_024,Lukashenko,Person,-0.945,-0.88,0.065,2
art_024,EU,Organization,-0.453,-0.88,0.427,10
art_024,Heiko Maas,Person,-0.0699999999999999,-0.88,0.81,1
art_024,EU,Organization,-0.453,-0.88,0.427,10
art_024,Mateusz Morawiecki,Person,-0.04,-0.88,0.84,1
art_024,EU,Organization,-0.453,-0.88,0.427,10
art_024,Belavia,Organization,0.0,-0.88,0.88,1
art_024,EU,Organization,-0.453,-0.88,0.427,10
art_024,Putin,Person,-0.5833333333333334,-0.88,0.2966666666666666,3
art_024,European Union,Organization,-0.88,-0.88,0.0,1
art_024,EU,Organization,-0.453,-0.88,0.427,10
art_024,Putin,Person,-0.5833333333333334,-0.88,0.2966666666666666,3
art_024,Angela Merkel,Person,0.0499999999999999,-0.88,0.93,1
art_024,Putin,Person,-0.5833333333333334,-0.88,0.2966666666666666,3
art_024,Vladimir Makei,Person,-0.16,-0.88,0.72,1
art_024,EU,Organization,-0.453,-0.88,0.427,10
art_025,European Union,Organization,-0.94,-0.57,0.37,1
art_025,NATO,Organization,-0.94,-0.57,0.37,1
art_025,Alexander Lukashenko,Person,-0.94,-0.57,0.37,1
art_025,Polish border guard,Organization,-0.215,-0.57,0.355,2
art_025,Polish border guard,Organization,-0.215,-0.57,0.355,2
art_025,CNN,Organization,-0.2875,-0.57,0.2824999999999999,4
art_025,CNN,Organization,-0.2875,-0.57,0.2824999999999999,4
art_025,Youssef Atallah,Person,0.0,-0.57,0.57,1
art_025,CNN,Organization,-0.2875,-0.57,0.2824999999999999,4
art_025,Atallah,Person,-0.4425,-0.57,0.1274999999999999,4
art_025,Atallah,Person,-0.4425,-0.57,0.1274999999999999,4
art_025,Atallah,Person,-0.4425,-0.57,0.1274999999999999,4
art_025,CNN,Organization,-0.2875,-0.57,0.2824999999999999,4
art_025,Anton Bychkovsky,Person,-0.54,-0.57,0.0299999999999999,1
art_025,Belarusian State Border Committee,Organization,-0.54,-0.57,0.0299999999999999,1
art_025,Twitter,Organization,-0.73,-0.57,0.16,1
art_026,EU,Organization,-0.46875,-0.8,0.33125,8
art_026,EU,Organization,-0.46875,-0.8,0.33125,8
art_026,Nato,Organization,-0.9,-0.8,0.0999999999999999,1
art_026,Alexander Lukashenko,Person,-0.92,-0.8,0.12,1
art_026,EU,Organization,-0.46875,-0.8,0.33125,8
art_026,Donald Trump,Person,0.03,-0.8,0.8300000000000001,1
art_026,EU,Organization,-0.46875,-0.8,0.33125,8
art_026,Ursula von der Leyen,Person,0.05,-0.8,0.8500000000000001,1
art_026,EU,Organization,-0.46875,-0.8,0.33125,8
art_026,EU,Organization,-0.46875,-0.8,0.33125,8
art_027,European Union,Organization,-0.65,-0.82,0.1699999999999999,1
art_027,EU,Organization,-0.5414285714285715,-0.82,0.2785714285714284,7
art_027,Alexander Lukashenko,Person,-0.935,-0.82,0.1150000000000001,2
art_027,Alexander Lukashenko,Person,-0.935,-0.82,0.1150000000000001,2
art_027,Lukashenko,Person,-0.71375,-0.82,0.1062499999999999,8
art_027,Ryanair,Organization,-0.98,-0.82,0.16,1
art_027,EU,Organization,-0.5414285714285715,-0.82,0.2785714285714284,7
art_027,Lukashenko,Person,-0.71375,-0.82,0.1062499999999999,8
art_027,Lukashenko,Person,-0.71375,-0.82,0.1062499999999999,8
art_027,EU,Organization,-0.5414285714285715,-0.82,0.2785714285714284,7
art_027,Lukashenko,Person,-0.71375,-0.82,0.1062499999999999,8
art_027,Law and Justice party,Organization,-0.53,-0.82,0.2899999999999999,1
art_027,PiS,Organization,-0.5416666666666666,-0.82,0.2783333333333333,6
art_027,security forces,Organization,-0.42,-0.82,0.3999999999999999,1
art_027,Mateusz Morawiecki,Person,-0.17,-0.82,0.6499999999999999,1
art_027,Parliament,Organization,-0.17,-0.82,0.6499999999999999,1
art_027,PiS,Organization,-0.5416666666666666,-0.82,0.2783333333333333,6
art_027,PiS,Organization,-0.5416666666666666,-0.82,0.2783333333333333,6
art_027,PIS,Organization,-0.5416666666666666,-0.82,0.2783333333333333,6
art_027,PIS,Organization,-0.5416666666666666,-0.82,0.2783333333333333,6
art_027,Lukashenko,Person,-0.71375,-0.82,0.1062499999999999,8
art_027,PIS,Organization,-0.5416666666666666,-0.82,0.2783333333333333,6
art_027,Lukashenko,Person,-0.71375,-0.82,0.1062499999999999,8
art_027,EU,Organization,-0.5414285714285715,-0.82,0.2785714285714284,7
art_027,military,Organization,-0.86,-0.82,0.04,1
art_028,European Union,Organization,-0.86,-0.8,0.0599999999999999,2
art_028,EU,Organization,-0.6163636363636363,-0.8,0.1836363636363637,11
art_028,Alexander Lukashenko,Person,-0.85,-0.8,0.0499999999999999,1
art_028,EU,Organization,-0.6163636363636363,-0.8,0.1836363636363637,11
art_028,EU,Organization,-0.6163636363636363,-0.8,0.1836363636363637,11
art_028,Andrzej Duda,Person,-0.62,-0.8,0.18,1
art_028,European Union,Organization,-0.86,-0.8,0.0599999999999999,2
art_028,Reuters,Organization,-0.76,-0.8,0.04,1
art_028,Red Cross,Organization,-0.38,-0.8,0.42,1
art_028,Grupa Granica,Organization,-0.15,-0.8,0.65,1
art_028,Border Group,Organization,-0.15,-0.8,0.65,1
art_028,Mateusz Morawiekci,Person,-0.96,-0.8,0.1599999999999999,1
art_028,Lukashenko,Person,-0.7316666666666666,-0.8,0.0683333333333334,6
art_028,Lukashenko,Person,-0.7316666666666666,-0.8,0.0683333333333334,6
art_028,Vladimir Putin,Person,-0.06,-0.8,0.74,1
art_028,Belta,Organization,-0.06,-0.8,0.74,1
art_028,Lukashenko,Person,-0.7316666666666666,-0.8,0.0683333333333334,6
art_028,Sergei Lavrov,Person,0.12,-0.8,0.92,1
art_028,EU,Organization,-0.6163636363636363,-0.8,0.1836363636363637,11
art_028,European Commission,Organization,0.0,-0.8,0.8,1
art_028,Lukashenko,Person,-0.7316666666666666,-0.8,0.0683333333333334,6
art_028,EU,Organization,-0.6163636363636363,-0.8,0.1836363636363637,11
art_028,EU,Organization,-0.6163636363636363,-0.8,0.1836363636363637,11
art_028,U.N.,Organization,0.0,-0.8,0.8,1
art_028,UNHCR,Organization,-0.57,-0.8,0.2300000000000001,1
art_028,Stanislaw Zaryn,Person,-0.57,-0.8,0.2300000000000001,1
art_028,Border Guard,Organization,-0.562,-0.8,0.238,5
art_028,Lukashenko,Person,-0.7316666666666666,-0.8,0.0683333333333334,6
art_029,EU,Organization,-0.69,-0.72,0.03,6
art_029,European Union,Organization,-0.96,-0.72,0.24,1
art_029,Dmitry Peskov,Person,-0.6,-0.72,0.12,1
art_029,EU,Organization,-0.69,-0.72,0.03,6
art_029,Peskov,Person,-0.595,-0.72,0.125,2
art_029,EU,Organization,-0.69,-0.72,0.03,6
art_029,Peskov,Person,-0.595,-0.72,0.125,2
art_029,UN,Organization,-0.5314285714285714,-0.72,0.1885714285714286,7
art_029,Alexander Lukashenko,Person,-0.66,-0.72,0.0599999999999999,1
art_029,EU,Organization,-0.69,-0.72,0.03,6
art_029,Warsaw,Organization,-0.625,-0.72,0.0949999999999999,2
art_029,EU,Organization,-0.69,-0.72,0.03,6
art_029,UN,Organization,-0.5314285714285714,-0.72,0.1885714285714286,7
art_030,Polish Defense Ministry,Organization,-0.84,-0.64,0.1999999999999999,1
art_030,Twitter,Organization,-0.21,-0.64,0.43,1
art_030,Polish ministry,Organization,-0.99,-0.64,0.35,1
art_030,Belarusian Spetsnaz,Organization,-0.99,-0.64,0.35,1
art_030,DW,Organization,-0.1266666666666666,-0.64,0.5133333333333333,3
art_030,Barbara Wesel,Person,-0.12,-0.64,0.52,2
art_030,Wesel,Person,-0.3125,-0.64,0.3275,4
art_030,EU,Organization,-0.0857142857142857,-0.64,0.5542857142857143,7
art_030,DW,Organization,-0.1266666666666666,-0.64,0.5133333333333333,3
art_030,Barbara Wesel,Person,-0.12,-0.64,0.52,2
art_030,Wesel,Person,-0.3125,-0.64,0.3275,4
art_030,Gerald Knaus,Person,-0.14,-0.64,0.5,1
art_030,DW,Organization,-0.1266666666666666,-0.64,0.5133333333333333,3
art_030,EU,Organization,-0.0857142857142857,-0.64,0.5542857142857143,7
art_030,EU,Organization,-0.0857142857142857,-0.64,0.5542857142857143,7
art_030,EU,Organization,-0.0857142857142857,-0.64,0.5542857142857143,7
art_030,Knaus,Person,-0.165,-0.64,0.475,2
art_030,EU,Organization,-0.0857142857142857,-0.64,0.5542857142857143,7
art_030,European Union,Organization,0.01,-0.64,0.65,1
art_030,AFP,Organization,-0.92,-0.64,0.28,1
art_030,Rob Turner,Person,-0.92,-0.64,0.28,1
art_031,European Union,Organization,-0.7949999999999999,-0.71,0.0849999999999999,2
art_031,4UN,Organization,-0.77,-0.71,0.06,1
art_031,EU,Organization,-0.678,-0.71,0.0319999999999999,10
art_031,EU,Organization,-0.678,-0.71,0.0319999999999999,10
art_031,Alexander Lukashenko,Person,-0.74,-0.71,0.03,1
art_031,UN,Organization,-0.7814285714285714,-0.71,0.0714285714285714,7
art_031,United Nations,Organization,-0.7,-0.71,0.01,1
art_031,Stéphane Dujarric,Person,-0.7,-0.71,0.01,1
art_031,UN,Organization,-0.7814285714285714,-0.71,0.0714285714285714,7
art_031,Dujarric,Person,-0.375,-0.71,0.3349999999999999,2
art_031,Marcin Terlik,Person,-0.99,-0.71,0.28,1
art_031,Terlik,Person,-0.49,-0.71,0.2199999999999999,2
art_031,Twitter,Organization,-0.4133333333333333,-0.71,0.2966666666666666,3
art_031,EU,Organization,-0.678,-0.71,0.0319999999999999,10
art_031,Sea Watch,Organization,-0.3,-0.71,0.41,2
art_031,Sea Watch International,Organization,-0.7,-0.71,0.01,1
art_031,EU,Organization,-0.678,-0.71,0.0319999999999999,10
art_031,Twitter,Organization,-0.4133333333333333,-0.71,0.2966666666666666,3
art_031,Sea Watch,Organization,-0.3,-0.71,0.41,2
art_031,Lukashenko,Person,-0.79,-0.71,0.08,3
art_031,Svetlana Tikhanovskaya,Person,-0.73,-0.71,0.02,1
art_031,Lukashenko,Person,-0.79,-0.71,0.08,3
art_031,EU,Organization,-0.678,-0.71,0.0319999999999999,10
art_031,European Union,Organization,-0.7949999999999999,-0.71,0.0849999999999999,2
art_031,Tikhanovskaya,Person,-0.78,-0.71,0.07,2
art_031,AFP news agency,Organization,-0.83,-0.71,0.12,1
art_031,Lukashenko,Person,-0.79,-0.71,0.08,3
art_031,EU,Organization,-0.678,-0.71,0.0319999999999999,10
art_031,MSF,Organization,-0.53,-0.71,0.1799999999999999,2
art_031,Doctors Without Borders,Organization,-0.1,-0.71,0.61,1
art_031,Medecins Sans Frontieres,Organization,-0.1,-0.71,0.61,1
art_031,MSF,Organization,-0.53,-0.71,0.1799999999999999,2
art_031,MSF,Organization,-0.53,-0.71,0.1799999999999999,2
art_031,MSF,Organization,-0.53,-0.71,0.1799999999999999,2
art_031,Twitter,Organization,-0.4133333333333333,-0.71,0.2966666666666666,3
art_031,EU,Organization,-0.678,-0.71,0.0319999999999999,10
art_031,Merkel,Person,-0.69,-0.71,0.02,1
art_031,Putin,Person,-0.69,-0.71,0.02,1
art_031,Angela Merkel,Person,-0.69,-0.71,0.02,1
art_031,Vladimir Putin,Person,-0.69,-0.71,0.02,1
art_032,Tunisian Interior Ministry,Organization,-0.33,-0.71,0.3799999999999999,1
art_032,Global Sumud Flotilla,Organization,-0.68,-0.71,0.0299999999999999,1
art_032,GSF,Organization,-0.4425,-0.71,0.2674999999999999,4
art_032,Ministry of Interior,Organization,-0.55,-0.71,0.1599999999999999,1
art_032,GSF,Organization,-0.4425,-0.71,0.2674999999999999,4
art_032,Saif Abukeshek,Person,-0.48,-0.71,0.2299999999999999,1
art_032,RT,Organization,-0.4828571428571428,-0.71,0.2271428571428571,7
art_032,GSF,Organization,-0.4425,-0.71,0.2674999999999999,4
art_032,Abukeshek,Person,-0.24,-0.71,0.47,2
art_032,GSF,Organization,-0.4425,-0.71,0.2674999999999999,4
art_032,Freedom Flotilla Coalition,Organization,0.0,-0.71,0.71,1
art_032,Global Movement to Gaza,Organization,0.0,-0.71,0.71,1
art_032,Maghreb Sumud Flotilla,Organization,0.0,-0.71,0.71,1
art_033,Global Sumud Flotilla,Organization,-0.2725,-0.84,0.5674999999999999,4
art_033,GSF,Organization,-0.5466666666666666,-0.84,0.2933333333333333,3
art_033,Al Jazeera,Organization,-0.91,-0.84,0.07,1
art_033,Miguel Duarte,Person,-0.2699999999999999,-0.84,0.5700000000000001,1
art_033,Middle East Eye,Organization,-0.2699999999999999,-0.84,0.5700000000000001,1
art_033,Tunisian National Guard,Organization,-0.76,-0.84,0.0799999999999999,1
art_033,GSF,Organization,-0.5466666666666666,-0.84,0.2933333333333333,3
art_033,Global Sumud Flotilla,Organization,-0.2725,-0.84,0.5674999999999999,4
art_033,GSF,Organization,-0.5466666666666666,-0.84,0.2933333333333333,3
art_033,Global Sumud Flotilla,Organization,-0.2725,-0.84,0.5674999999999999,4
art_033,Free Gaza Movement,Organization,-0.2299999999999999,-0.84,0.61,1
art_033,Gaza Freedom Flotilla,Organization,-0.83,-0.84,0.01,1
art_033,Humanitarian Relief Foundation,Organization,0.0,-0.84,0.84,1
art_033,IHH,Organization,0.0,-0.84,0.84,1
art_033,Dignite-Al Karama,Organization,-0.13,-0.84,0.71,1
art_033,Israeli,Organization,-0.6166666666666666,-0.84,0.2233333333333333,6
art_033,Freedom Flotilla Coalition,Organization,-0.02,-0.84,0.82,1
art_033,FFC,Organization,-0.02,-0.84,0.82,1
art_033,Marianne,Person,-0.13,-0.84,0.71,2
art_033,Israeli naval,Organization,-0.1649999999999999,-0.84,0.675,2
art_034,National Guard,Organization,-0.99,-0.82,0.17,1
art_034,GSF,Organization,-0.6,-0.82,0.2199999999999999,7
art_034,GSF,Organization,-0.6,-0.82,0.2199999999999999,7
art_034,GSF Steering Committee,Organization,0.0,-0.82,0.82,1
art_034,GSF,Organization,-0.6,-0.82,0.2199999999999999,7
art_034,GSF,Organization,-0.6,-0.82,0.2199999999999999,7
art_034,Greta Thunberg,Person,-0.01,-0.82,0.8099999999999999,1
art_034,Liam Cunningham,Person,-0.01,-0.82,0.8099999999999999,1
art_034,Thunberg,Person,-0.0333333333333333,-0.82,0.7866666666666666,3
art_034,Yusuf Omar,Person,-0.01,-0.82,0.8099999999999999,1
art_034,Miguel Duarte,Person,0.0,-0.82,0.82,1
art_034,Duarte,Person,-0.2133333333333333,-0.82,0.6066666666666666,3
art_034,Duarte,Person,-0.2133333333333333,-0.82,0.6066666666666666,3
art_034,Armament Research Services,Organization,-0.65,-0.82,0.1699999999999999,1
art_034,ARES,Organization,-0.65,-0.82,0.1699999999999999,1
art_034,Jenzen-Jones,Person,-0.785,-0.82,0.0349999999999999,2
art_034,Jenzen-Jones,Person,-0.785,-0.82,0.0349999999999999,2
art_034,GSF,Organization,-0.6,-0.82,0.2199999999999999,7
art_034,Israeli military,Organization,-0.22,-0.82,0.6,2
art_034,Thunberg,Person,-0.0333333333333333,-0.82,0.7866666666666666,3
art_034,CNN,Organization,-0.19,-0.82,0.6299999999999999,1
art_034,Israeli military,Organization,-0.22,-0.82,0.6,2
art_034,GSF,Organization,-0.6,-0.82,0.2199999999999999,7
art_035,Greta Thunberg,Person,-0.61,-0.69,0.0799999999999999,1
art_035,Greta Thunberg,Person,-0.61,-0.69,0.0799999999999999,1
art_035,Global Sumud Flotilla,Organization,-0.03,-0.69,0.6599999999999999,1
art_035,GSF,Organization,-0.42125,-0.69,0.2687499999999999,8
art_035,GSF,Organization,-0.42125,-0.69,0.2687499999999999,8
art_035,GSF,Organization,-0.42125,-0.69,0.2687499999999999,8
art_035,Instagram,Organization,-0.2199999999999999,-0.69,0.47,2
art_035,GSF,Organization,-0.42125,-0.69,0.2687499999999999,8
art_035,Reuters,Organization,-0.08,-0.69,0.61,1
art_035,Tunisian national guard,Organization,-0.04,-0.69,0.6499999999999999,1
art_035,AFP news agency,Organization,-0.04,-0.69,0.6499999999999999,1
art_035,GSF,Organization,-0.42125,-0.69,0.2687499999999999,8
art_035,GSF,Organization,-0.42125,-0.69,0.2687499999999999,8
art_035,BBC Verify,Organization,-0.025,-0.69,0.6649999999999999,2
art_035,GSF,Organization,-0.42125,-0.69,0.2687499999999999,8
art_035,BBC Verify,Organization,-0.025,-0.69,0.6649999999999999,2
art_035,David Heathcote,Person,-0.64,-0.69,0.0499999999999999,1
art_035,McKenzie Intelligence Services,Organization,-0.64,-0.69,0.0499999999999999,1
art_035,BBC,Organization,-0.2675,-0.69,0.4224999999999999,4
art_035,Heathcote,Person,-0.595,-0.69,0.0949999999999999,2
art_035,UN Human Rights Council,Organization,-0.36,-0.69,0.3299999999999999,1
art_035,Francesca Albanese,Person,-0.36,-0.69,0.3299999999999999,1
art_035,GSF,Organization,-0.42125,-0.69,0.2687499999999999,8
art_035,Albanese,Person,-0.18,-0.69,0.51,2
art_035,Benjamin Netanyahu,Person,-0.49,-0.69,0.1999999999999999,1
art_035,Thunberg,Person,-0.73,-0.69,0.04,2
art_035,Freedom Flotilla,Organization,-0.58,-0.69,0.1099999999999999,1
art_035,BBC,Organization,-0.2675,-0.69,0.4224999999999999,4
art_035,Maltese government,Organization,-0.12,-0.69,0.57,1
art_036,Agencies,Organization,0.01,-0.73,0.74,1
art_036,US State Department,Organization,0.01,-0.73,0.74,1
art_036,Donald Trump,Person,0.01,-0.73,0.74,1
art_036,Supreme Court,Organization,-0.015,-0.73,0.715,2
art_036,State Department,Organization,-0.0499999999999999,-0.73,0.6799999999999999,4
art_036,US Supreme Court,Organization,-0.04,-0.73,0.69,1
art_036,State Department,Organization,-0.0499999999999999,-0.73,0.6799999999999999,4
art_036,State Department,Organization,-0.0499999999999999,-0.73,0.6799999999999999,4
art_036,Trump,Person,-0.5166666666666667,-0.73,0.2133333333333332,3
art_036,Trump,Person,-0.5166666666666667,-0.73,0.2133333333333332,3
art_036,District Court,Organization,-0.81,-0.73,0.08,1
art_036,James Robart,Person,-0.81,-0.73,0.08,1
art_037,Trump,Person,-0.1675,-0.58,0.4125,8
art_037,Rama Issa,Person,0.0399999999999999,-0.58,0.62,1
art_037,Issa,Person,-0.34125,-0.58,0.2387499999999999,8
art_037,Supreme Court,Organization,-0.29,-0.58,0.29,3
art_037,Donald Trump,Person,-0.47,-0.58,0.1099999999999999,1
art_037,Issa,Person,-0.34125,-0.58,0.2387499999999999,8
art_037,Issa,Person,-0.34125,-0.58,0.2387499999999999,8
art_037,Al Jazeera,Organization,-0.04,-0.58,0.5399999999999999,2
art_037,Issa,Person,-0.34125,-0.58,0.2387499999999999,8
art_037,Trump,Person,-0.1675,-0.58,0.4125,8
art_037,Supreme Court,Organization,-0.29,-0.58,0.29,3
art_037,Trump,Person,-0.1675,-0.58,0.4125,8
art_037,State Department,Organization,-0.005,-0.58,0.575,2
art_037,State Department,Organization,-0.005,-0.58,0.575,2
art_037,Issa,Person,-0.34125,-0.58,0.2387499999999999,8
art_037,Syrian government,Organization,-0.9,-0.58,0.32,1
art_037,Issa,Person,-0.34125,-0.58,0.2387499999999999,8
art_037,Trump,Person,-0.1675,-0.58,0.4125,8
art_037,Issa,Person,-0.34125,-0.58,0.2387499999999999,8
art_037,Supreme Court,Organization,-0.29,-0.58,0.29,3
art_037,Trump,Person,-0.1675,-0.58,0.4125,8
art_037,Trump,Person,-0.1675,-0.58,0.4125,8
art_037,Camille Mackler,Person,-0.01,-0.58,0.57,1
art_037,New York Immigration Council,Organization,-0.01,-0.58,0.57,1
art_037,Al Jazeera,Organization,-0.04,-0.58,0.5399999999999999,2
art_037,Mackler,Person,-0.2375,-0.58,0.3424999999999999,4
art_037,US Customs,Organization,-0.88,-0.58,0.3,1
art_037,Border Protection,Organization,-0.88,-0.58,0.3,1
art_037,Mackler,Person,-0.2375,-0.58,0.3424999999999999,4
art_037,Mackler,Person,-0.2375,-0.58,0.3424999999999999,4
art_037,Dave Ray,Person,0.61,-0.58,1.19,1
art_037,Federation for American Immigration Reform,Organization,0.61,-0.58,1.19,1
art_037,Trump,Person,-0.1675,-0.58,0.4125,8
art_037,Ray,Person,0.295,-0.58,0.875,2
art_038,Supreme Court,Organization,0.2249999999999999,-0.57,0.7949999999999999,4
art_038,Trump,Person,-0.3942857142857143,-0.57,0.1757142857142856,7
art_038,US Supreme Court,Organization,0.3999999999999999,-0.57,0.97,2
art_038,Donald Trump,Person,-0.01,-0.57,0.5599999999999999,1
art_038,State Department,Organization,0.01,-0.57,0.58,1
art_038,Reuters,Organization,0.01,-0.57,0.58,1
art_038,Supreme Court,Organization,0.2249999999999999,-0.57,0.7949999999999999,4
art_038,Heather Nauert,Person,-0.05,-0.57,0.5199999999999999,1
art_038,Clarence Thomas,Person,-0.05,-0.57,0.5199999999999999,1
art_038,Thomas,Person,-0.05,-0.57,0.5199999999999999,1
art_038,Samuel Alito,Person,-0.72,-0.57,0.15,1
art_038,Neil Gorsuch,Person,-0.72,-0.57,0.15,1
art_038,Trump,Person,-0.3942857142857143,-0.57,0.1757142857142856,7
art_038,Trump,Person,-0.3942857142857143,-0.57,0.1757142857142856,7
art_038,Trump,Person,-0.3942857142857143,-0.57,0.1757142857142856,7
art_038,9th Circuit US Court of Appeals,Organization,0.03,-0.57,0.6,1
art_038,District Court,Organization,0.03,-0.57,0.6,1
art_038,Derrick Watson,Person,0.03,-0.57,0.6,1
art_038,Trump administration,Organization,-0.68,-0.57,0.1100000000000001,1
art_038,9th Circuit,Organization,-0.44,-0.57,0.1299999999999999,3
art_038,Trump,Person,-0.3942857142857143,-0.57,0.1757142857142856,7
art_038,Murad Gazdiev,Person,-0.4,-0.57,0.1699999999999999,1
art_038,MuradGazdiev,Person,-0.4,-0.57,0.1699999999999999,1
art_038,9th circuit,Organization,-0.44,-0.57,0.1299999999999999,3
art_038,Trump,Person,-0.3942857142857143,-0.57,0.1757142857142856,7
art_038,Supreme Court,Organization,0.2249999999999999,-0.57,0.7949999999999999,4
art_038,Supreme Court,Organization,0.2249999999999999,-0.57,0.7949999999999999,4
art_038,Supreme Court,Organization,0.2249999999999999,-0.57,0.7949999999999999,4
art_039,Supreme Court,Organization,-0.2033333333333333,-0.33,0.1266666666666666,3
art_039,Donald Trump,Person,-0.38,-0.33,0.0499999999999999,1
art_039,Trump administration,Organization,-0.29,-0.33,0.04,1
art_039,Supreme Court,Organization,-0.2033333333333333,-0.33,0.1266666666666666,3
art_039,State Department,Organization,-0.0233333333333333,-0.33,0.3066666666666667,3
art_039,Supreme Court,Organization,-0.2033333333333333,-0.33,0.1266666666666666,3
art_039,Amnesty International,Organization,0.0,-0.33,0.33,1
art_039,State Department,Organization,-0.0233333333333333,-0.33,0.3066666666666667,3
art_039,DHS,Organization,-0.01,-0.33,0.32,1
art_039,State Department,Organization,-0.0233333333333333,-0.33,0.3066666666666667,3
art_039,US Congress,Organization,-0.03,-0.33,0.3,1
art_039,Trump,Person,-0.2866666666666667,-0.33,0.0433333333333333,3
art_040,Trump,Person,-0.2066666666666666,-0.89,0.6833333333333333,3
art_040,Donald Trump,Person,-0.6,-0.89,0.29,1
art_040,Department of Homeland Security,Organization,0.0,-0.89,0.89,2
art_040,Supreme Court,Organization,0.0033333333333333,-0.89,0.8933333333333333,3
art_040,Trump,Person,-0.2066666666666666,-0.89,0.6833333333333333,3
art_040,Trump administration,Organization,-0.03,-0.89,0.86,1
art_040,American Civil Liberties Union,Organization,0.01,-0.89,0.9,1
art_040,ACLU,Organization,0.01,-0.89,0.9,1
art_040,Supreme Court,Organization,0.0033333333333333,-0.89,0.8933333333333333,3
art_040,Department of Homeland Security,Organization,0.0,-0.89,0.89,2
art_040,Supreme Court,Organization,0.0033333333333333,-0.89,0.8933333333333333,3
art_040,UN Refugee Agency,Organization,-0.22,-0.89,0.67,1
art_041,Donald Trump,Person,-0.2,-0.67,0.47,1
art_041,Trump,Person,-0.624,-0.67,0.046,5
art_041,Departments of Homeland Security,Organization,0.0,-0.67,0.67,1
art_041,State and Justice,Organization,0.0,-0.67,0.67,1
art_041,Supreme Court,Organization,-0.02,-0.67,0.65,2
art_041,Mike Feuer,Person,0.44,-0.67,1.11,1
art_041,Trump,Person,-0.624,-0.67,0.046,5
art_041,Trump,Person,-0.624,-0.67,0.046,5
art_041,State Department,Organization,-0.0375,-0.67,0.6325000000000001,4
art_041,State Department,Organization,-0.0375,-0.67,0.6325000000000001,4
art_041,State Department,Organization,-0.0375,-0.67,0.6325000000000001,4
art_041,Supreme Court,Organization,-0.02,-0.67,0.65,2
art_041,State Department,Organization,-0.0375,-0.67,0.6325000000000001,4
art_041,American Civil Liberties Union,Organization,-0.69,-0.67,0.0199999999999999,1
art_041,Karen Tumlin,Person,-0.69,-0.67,0.0199999999999999,1
art_041,National Immigration Law Center,Organization,-0.69,-0.67,0.0199999999999999,1
art_041,Trump,Person,-0.624,-0.67,0.046,5
art_042,Reuters,Organization,-0.22,-0.83,0.61,4
art_042,Donald Trump,Person,-0.81,-0.83,0.0199999999999999,1
art_042,Trump,Person,-0.81,-0.83,0.0199999999999999,1
art_042,Supreme Court,Organization,-0.81,-0.83,0.0199999999999999,1
art_042,Reuters,Organization,-0.22,-0.83,0.61,4
art_042,Reuters,Organization,-0.22,-0.83,0.61,4
art_042,Emirates Airlines,Organization,-0.02,-0.83,0.8099999999999999,1
art_042,Turkish Airlines,Organization,-0.02,-0.83,0.8099999999999999,1
art_042,Qatar Airways,Organization,-0.02,-0.83,0.8099999999999999,1
art_042,Masoud,Person,-0.04,-0.83,0.7899999999999999,1
art_042,Nima,Person,-0.95,-0.83,0.12,1
art_042,Reuters,Organization,-0.22,-0.83,0.61,4
art_043,Trump,Person,-0.2,-0.84,0.6399999999999999,5
art_043,Supreme Court,Organization,0.0549999999999999,-0.84,0.895,2
art_043,Donald Trump,Person,-0.04,-0.84,0.7999999999999999,1
art_043,US Supreme Court,Organization,-0.04,-0.84,0.7999999999999999,1
art_043,Trump,Person,-0.2,-0.84,0.6399999999999999,5
art_043,Fourth Circuit Court of Appeals,Organization,-0.105,-0.84,0.735,2
art_043,Supreme Court,Organization,0.0549999999999999,-0.84,0.895,2
art_043,Trump,Person,-0.2,-0.84,0.6399999999999999,5
art_043,Justice Department,Organization,0.15,-0.84,0.99,1
art_043,Sarah Isgur Flores,Person,0.15,-0.84,0.99,1
art_043,Trump administration,Organization,-0.18,-0.84,0.6599999999999999,1
art_043,Fourth Circuit Court of Appeals,Organization,-0.105,-0.84,0.735,2
art_043,Congress,Organization,-0.9,-0.84,0.06,1
art_043,Trump,Person,-0.2,-0.84,0.6399999999999999,5
art_043,Fourth Circuit,Organization,-0.1,-0.84,0.74,3
art_043,AFP,Organization,0.01,-0.84,0.85,1
art_044,Donald Trump,Person,-0.535,-0.83,0.2949999999999999,2
art_044,Donald Trump,Person,-0.535,-0.83,0.2949999999999999,2
art_044,Trump administration,Organization,-0.585,-0.83,0.245,4
art_044,supreme court,Organization,-0.25,-0.83,0.58,1
art_044,Trump administration,Organization,-0.585,-0.83,0.245,4
art_044,Trump administration,Organization,-0.585,-0.83,0.245,4
art_044,state department,Organization,-0.23,-0.83,0.6,2
art_044,David Miliband,Person,-0.53,-0.83,0.2999999999999999,1
art_044,International Rescue Committee,Organization,-0.53,-0.83,0.2999999999999999,1
art_044,Miliband,Person,-0.685,-0.83,0.1449999999999999,2
art_044,State department,Organization,-0.23,-0.83,0.6,2
art_044,Trump,Person,-0.5842857142857143,-0.83,0.2457142857142856,7
art_044,Customs and Border Protection,Organization,-0.17,-0.83,0.6599999999999999,1
art_044,Trump,Person,-0.5842857142857143,-0.83,0.2457142857142856,7
art_044,Camille Mackler,Person,-0.01,-0.83,0.82,1
art_044,New York Immigration Coalition,Organization,-0.01,-0.83,0.82,1
art_044,Clarence Thomas,Person,-0.84,-0.83,0.01,1
art_044,Thomas,Person,-0.84,-0.83,0.01,1
art_045,Supreme Court,Organization,-0.3,-0.92,0.6200000000000001,2
art_045,Donald Trump,Person,-0.22,-0.92,0.7000000000000001,1
art_045,Trump,Person,-0.545,-0.92,0.375,2
art_045,Trump,Person,-0.545,-0.92,0.375,2
art_045,Supreme Court,Organization,-0.3,-0.92,0.6200000000000001,2
art_046,Trump administration,Organization,-0.195,-0.66,0.465,2
art_046,Department of Homeland Security,Organization,-0.6,-0.66,0.06,1
art_046,DHS,Organization,0.02,-0.66,0.68,1
art_046,Trump administration,Organization,-0.195,-0.66,0.465,2
art_046,government,Organization,-0.434,-0.66,0.226,5
art_046,Trump,Person,-0.5625,-0.66,0.0975,4
art_046,Trump,Person,-0.5625,-0.66,0.0975,4
art_046,Congress,Organization,-0.895,-0.66,0.235,2
art_046,Trump,Person,-0.5625,-0.66,0.0975,4
art_046,Supreme Court,Organization,-0.72,-0.66,0.0599999999999999,2
art_046,State Department,Organization,-0.01,-0.66,0.65,1
art_046,Derrick Watson,Person,-0.03,-0.66,0.63,1
art_046,Supreme Court,Organization,-0.72,-0.66,0.0599999999999999,2
art_046,Douglas Chin,Person,-0.55,-0.66,0.1099999999999999,1
art_046,Bennie Thompson,Person,-0.69,-0.66,0.0299999999999999,1
art_046,Congress,Organization,-0.895,-0.66,0.235,2
art_046,Thompson,Person,-0.7949999999999999,-0.66,0.1349999999999999,2
art_046,House Homeland Security Committee,Organization,-0.9,-0.66,0.24,1
art_046,Rama Issa,Person,0.0199999999999999,-0.66,0.68,1
art_046,Arab American Association of New York,Organization,0.0199999999999999,-0.66,0.68,1
art_047,Polish security forces,Organization,-0.355,-0.79,0.435,2
art_047,TVP,Organization,-0.83,-0.79,0.0399999999999999,1
art_047,EU,Organization,-0.49,-0.79,0.3,6
art_047,Alexander Lukashenko,Person,-0.1099999999999999,-0.79,0.68,1
art_047,BLINKEN,Person,-0.43,-0.79,0.36,1
art_047,Reuters,Organization,-0.43,-0.79,0.36,1
art_047,Interior Ministry,Organization,-0.32,-0.79,0.47,1
art_047,Piotr Muller,Person,-0.46,-0.79,0.33,1
art_047,BIDEN,Person,-0.14,-0.79,0.65,1
art_047,Majid al-Kinani,Person,0.0,-0.79,0.79,1
art_047,al-Kinani,Person,-0.435,-0.79,0.355,2
art_047,LUKASHENKO,Person,-0.515,-0.79,0.275,2
art_047,Dmytro Kuleba,Person,-0.95,-0.79,0.1599999999999999,1
art_047,FOX NEWS,Organization,-0.95,-0.79,0.1599999999999999,1
art_047,Kuleba,Person,-0.95,-0.79,0.1599999999999999,1
art_047,Politico Brussels Playbook,Organization,-0.95,-0.79,0.1599999999999999,1
art_047,EU,Organization,-0.49,-0.79,0.3,6
art_047,EU,Organization,-0.49,-0.79,0.3,6
art_048,Polish forces,Organization,-0.7433333333333333,-0.83,0.0866666666666666,3
art_048,Polish forces,Organization,-0.7433333333333333,-0.83,0.0866666666666666,3
art_048,European Union,Organization,-0.16,-0.83,0.6699999999999999,1
art_048,EU,Organization,-0.3277777777777778,-0.83,0.5022222222222221,9
art_048,Alexander Lukashenko,Person,-0.53,-0.83,0.2999999999999999,2
art_048,EU,Organization,-0.3277777777777778,-0.83,0.5022222222222221,9
art_048,Polish border agency,Organization,-0.41,-0.83,0.42,1
art_048,police,Organization,-0.95,-0.83,0.12,2
art_048,BBC,Organization,-0.57,-0.83,0.26,1
art_048,Polish forces,Organization,-0.7433333333333333,-0.83,0.0866666666666666,3
art_048,EU,Organization,-0.3277777777777778,-0.83,0.5022222222222221,9
art_048,Alexander Lukashenko,Person,-0.53,-0.83,0.2999999999999999,2
art_048,Lukashenko,Person,-0.186,-0.83,0.6439999999999999,5
art_048,Angela Merkel,Person,0.06,-0.83,0.89,1
art_048,Belta,Organization,0.01,-0.83,0.84,2
art_048,Belta,Organization,0.01,-0.83,0.84,2
art_048,Lukashenko,Person,-0.186,-0.83,0.6439999999999999,5
art_048,Merkel,Person,0.08,-0.83,0.91,2
art_048,EU,Organization,-0.3277777777777778,-0.83,0.5022222222222221,9
art_048,Lukashenko,Person,-0.186,-0.83,0.6439999999999999,5
art_049,BeITA,Organization,-0.94,-0.75,0.1899999999999999,2
art_049,forces,Organization,-0.796,-0.75,0.046,5
art_049,CNN,Organization,-0.3399999999999999,-0.75,0.41,5
art_049,BelTA,Organization,-0.4266666666666667,-0.75,0.3233333333333333,3
art_049,"Belarusian Armed Forces’ Department of Radiation, Chemical and Biological Protection and Ecology",Organization,-0.39,-0.75,0.36,1
art_049,Igor Malyk,Person,-0.39,-0.75,0.36,1
art_049,Polish security forces,Organization,-0.56,-0.75,0.1899999999999999,2
art_049,Malyk,Person,-0.56,-0.75,0.1899999999999999,2
art_049,Polish police,Organization,-0.99,-0.75,0.24,1
art_049,CNN,Organization,-0.3399999999999999,-0.75,0.41,5
art_049,Polish Border Guard,Organization,-0.825,-0.75,0.0749999999999999,2
art_049,Twitter,Organization,-0.46,-0.75,0.29,2
art_049,Ministry of Defense,Organization,-0.89,-0.75,0.14,1
art_049,Twitter,Organization,-0.46,-0.75,0.29,2
art_049,Stanisław Żaryn,Person,-0.89,-0.75,0.14,1
art_049,Twitter,Organization,-0.46,-0.75,0.29,2
art_049,BelTA,Organization,-0.4266666666666667,-0.75,0.3233333333333333,3
art_049,BeITA,Organization,-0.94,-0.75,0.1899999999999999,2
art_049,Anton Bychkovsky,Person,0.0,-0.75,0.75,1
art_049,Belarus’s,Organization,0.0,-0.75,0.75,2
art_049,State Border Guard Committee,Organization,0.0,-0.75,0.75,1
art_049,BelTA,Organization,-0.4266666666666667,-0.75,0.3233333333333333,3
art_049,United Nations,Organization,-0.76,-0.75,0.01,1
art_049,government,Organization,-0.05,-0.75,0.7,1
art_049,CNN,Organization,-0.3399999999999999,-0.75,0.41,5
art_049,Polish forces,Organization,-0.9533333333333333,-0.75,0.2033333333333332,3
art_049,agency,Organization,-0.01,-0.75,0.74,3
art_049,CNN,Organization,-0.3399999999999999,-0.75,0.41,5
art_049,CNN,Organization,-0.3399999999999999,-0.75,0.41,5
art_050,European Union,Organization,-0.99,-0.58,0.41,1
art_050,EU,Organization,-0.6833333333333332,-0.58,0.1033333333333332,6
art_050,Alexander Lukashenko,Person,-0.73,-0.58,0.15,1
art_050,defence ministry,Organization,-0.145,-0.58,0.4349999999999999,2
art_050,Lukashenko,Person,-0.8300000000000001,-0.58,0.2500000000000001,2
art_050,Ahmad al-Hasan,Person,-0.59,-0.58,0.01,1
art_050,Ahmad,Person,-0.7233333333333333,-0.58,0.1433333333333333,3
art_050,Anna Alboth,Person,-0.72,-0.58,0.14,1
art_050,Grupa Granica,Organization,-0.6399999999999999,-0.58,0.0599999999999999,2
art_050,Ahmad,Person,-0.7233333333333333,-0.58,0.1433333333333333,3
art_050,Grupa Granica,Organization,-0.6399999999999999,-0.58,0.0599999999999999,2
art_050,Granica,Organization,-0.6399999999999999,-0.58,0.0599999999999999,2
art_050,Council of Europe,Organization,-0.95,-0.58,0.37,1
art_050,Dunja Mijatovic,Person,-0.95,-0.58,0.37,1
art_050,Piotr Muller,Person,-0.53,-0.58,0.0499999999999999,1
art_050,Nato,Organization,-0.53,-0.58,0.0499999999999999,1
art_050,Reuters,Organization,-0.25,-0.58,0.3299999999999999,2
art_050,Taman,Person,0.095,-0.58,0.6749999999999999,2
art_050,Reuters,Organization,-0.25,-0.58,0.3299999999999999,2
art_050,Taman,Person,0.095,-0.58,0.6749999999999999,2
art_051,Polish border forces,Organization,-0.88,-0.8,0.0799999999999999,1
art_051,Border Guard agency,Organization,-0.04,-0.8,0.76,1
art_051,Twitter,Organization,-0.04,-0.8,0.76,1
art_051,European Union,Organization,-0.79,-0.8,0.01,2
art_051,European Union,Organization,-0.79,-0.8,0.01,2
art_051,EU,Organization,-0.79,-0.8,0.01,2
art_051,Alexander Lukashenko,Person,-0.68,-0.8,0.12,1
art_051,Defense Ministry,Organization,-0.73,-0.8,0.07,1
art_051,Interior Ministry,Organization,-0.71,-0.8,0.09,1
art_052,Polish border forces,Organization,-0.88,-0.8,0.0799999999999999,1
art_052,Border Guard agency,Organization,-0.04,-0.8,0.76,1
art_052,Twitter,Organization,-0.04,-0.8,0.76,1
art_052,European Union,Organization,-0.79,-0.8,0.01,2
art_052,European Union,Organization,-0.79,-0.8,0.01,2
art_052,EU,Organization,-0.79,-0.8,0.01,2
art_052,Alexander Lukashenko,Person,-0.68,-0.8,0.12,1
art_052,Defense Ministry,Organization,-0.73,-0.8,0.07,1
art_052,Interior Ministry,Organization,-0.71,-0.8,0.09,1
art_053,Polish security,Organization,-0.95,-0.79,0.1599999999999999,1
art_053,European Union,Organization,-0.95,-0.79,0.1599999999999999,1
art_053,EU,Organization,-0.755,-0.79,0.035,2
art_053,Ministry of Defence,Organization,-0.82,-0.79,0.0299999999999999,1
art_053,TVP,Organization,-0.82,-0.79,0.0299999999999999,1
art_053,Interior Ministry,Organization,-0.82,-0.79,0.0299999999999999,1
art_053,Polish defence ministry,Organization,-0.56,-0.79,0.2299999999999999,1
art_053,EU,Organization,-0.755,-0.79,0.035,2
art_053,Alexander Lukashenko,Person,-0.56,-0.79,0.2299999999999999,1
art_053,NATO,Organization,-0.675,-0.79,0.1149999999999999,2
art_053,Jens Stoltenberg,Person,-0.56,-0.79,0.2299999999999999,1
art_053,Lukashenko,Person,-0.675,-0.79,0.1149999999999999,2
art_053,Vladimir Putin,Person,-0.79,-0.79,0.0,1
art_053,BELTA,Organization,-0.79,-0.79,0.0,1
art_053,Angela Merkel,Person,-0.79,-0.79,0.0,1
art_053,Lukashenko,Person,-0.675,-0.79,0.1149999999999999,2
art_053,NATO,Organization,-0.675,-0.79,0.1149999999999999,2
art_053,Piotr Muller,Person,-0.79,-0.79,0.0,1
art_053,Jaroslaw Kaczynski,Person,-0.79,-0.79,0.0,1
art_053,Kaczynski,Person,-0.775,-0.79,0.015,2
art_053,Majid al-Kinani,Person,-0.91,-0.79,0.12,1
art_054,YouTube,Organization,0.0,-0.85,0.85,3
art_054,Alexander Lukashenko,Person,-0.95,-0.85,0.0999999999999999,1
art_054,EU,Organization,-0.206,-0.85,0.6439999999999999,5
art_054,defence ministry,Organization,-0.65,-0.85,0.1999999999999999,1
art_054,YouTube,Organization,0.0,-0.85,0.85,3
art_054,ministry,Organization,-0.8,-0.85,0.0499999999999999,2
art_054,Anatoly Glaz,Person,-0.95,-0.85,0.0999999999999999,1
art_054,Sergei Lavrov,Person,-0.98,-0.85,0.13,1
art_054,Lukashenko,Person,-0.29,-0.85,0.56,5
art_054,Belta,Organization,0.0,-0.85,0.85,1
art_054,Angela Merkel,Person,-0.04,-0.85,0.8099999999999999,1
art_054,Merkel,Person,-0.225,-0.85,0.625,4
art_054,Lukashenko,Person,-0.29,-0.85,0.56,5
art_054,Merkel,Person,-0.225,-0.85,0.625,4
art_054,Merkel,Person,-0.225,-0.85,0.625,4
art_054,Lukashenko,Person,-0.29,-0.85,0.56,5
art_054,YouTube,Organization,0.0,-0.85,0.85,3
art_054,Svetlana Tikhanovskaya,Person,0.01,-0.85,0.86,1
art_054,Lukashenko,Person,-0.29,-0.85,0.56,5
art_054,Iraqi embassy,Organization,0.0,-0.85,0.85,1
art_054,AFP,Organization,-0.16,-0.85,0.69,1
art_054,EU,Organization,-0.206,-0.85,0.6439999999999999,5
art_054,Turkish Airlines,Organization,-0.72,-0.85,0.13,1
art_054,Cham Wings Airlines,Organization,-0.72,-0.85,0.13,1
art_054,Belavia,Organization,-0.23,-0.85,0.62,1
art_055,forces,Organization,-0.5875,-0.85,0.2624999999999999,4
art_055,Ministry of National Defence,Organization,-0.98,-0.85,0.13,1
art_055,MOD,Organization,-0.965,-0.85,0.1149999999999999,2
art_055,4EU,Organization,-0.19,-0.85,0.6599999999999999,1
art_055,Putin,Person,-0.19,-0.85,0.6599999999999999,1
art_055,MOD,Organization,-0.965,-0.85,0.1149999999999999,2
art_055,Marta Szymanderska,Person,-0.18,-0.85,0.6699999999999999,1
art_055,Fundacja Ocalenie,Organization,-0.18,-0.85,0.6699999999999999,1
art_055,Grupa Granica,Organization,-0.18,-0.85,0.6699999999999999,1
art_055,Al Jazeera,Organization,-0.18,-0.85,0.6699999999999999,1
art_055,Polish forces,Organization,-0.6950000000000001,-0.85,0.1549999999999999,2
art_055,Polish Border Guard,Organization,-0.64,-0.85,0.2099999999999999,3
art_055,border guards,Organization,-0.95,-0.85,0.1,3
art_055,Alexander Lukashenko,Person,-0.6799999999999999,-0.85,0.17,1
art_056,AFP,Organization,-0.8,-0.77,0.03,1
art_056,EU,Organization,-0.935,-0.77,0.165,2
art_056,Mariusz Blaszczak,Person,-0.05,-0.77,0.72,1
art_056,Radio Jedynka,Organization,-0.05,-0.77,0.72,1
art_056,Blaszczak,Person,-0.275,-0.77,0.495,2
art_056,border guard service,Organization,-0.63,-0.77,0.14,1
art_057,Supreme Court,Organization,-2.775557561562892e-18,-0.75,0.75,5
art_057,Donald Trump,Person,0.18,-0.75,0.93,1
art_057,Trump,Person,-0.3425,-0.75,0.4075,12
art_057,court,Organization,-0.3392307692307692,-0.75,0.4107692307692308,13
art_057,Trump,Person,-0.3425,-0.75,0.4075,12
art_057,TRUMP,Person,-0.3425,-0.75,0.4075,12
art_057,Trump,Person,-0.3425,-0.75,0.4075,12
art_057,administration,Organization,-0.6033333333333334,-0.75,0.1466666666666666,6
art_057,Supreme Court,Organization,-2.775557561562892e-18,-0.75,0.75,5
art_057,Trump,Person,-0.3425,-0.75,0.4075,12
art_057,White House,Organization,-0.08,-0.75,0.67,1
art_057,Pew Research Center,Organization,-0.25,-0.75,0.5,1
art_057,Supreme Court,Organization,-2.775557561562892e-18,-0.75,0.75,5
art_057,Trump,Person,-0.3425,-0.75,0.4075,12
art_057,Sauer,Person,-0.5433333333333333,-0.75,0.2066666666666666,3
art_057,Sauer,Person,-0.5433333333333333,-0.75,0.2066666666666666,3
art_057,Trump,Person,-0.3425,-0.75,0.4075,12
art_057,administration,Organization,-0.6033333333333334,-0.75,0.1466666666666666,6
art_057,Trump,Person,-0.3425,-0.75,0.4075,12
art_057,TRUMP,Person,-0.3425,-0.75,0.4075,12
art_057,DOJ,Person,-0.61,-0.75,0.14,1
art_057,ACLU,Organization,-0.3,-0.75,0.45,2
art_057,Trump,Person,-0.3425,-0.75,0.4075,12
art_057,ACLU,Organization,-0.3,-0.75,0.45,2
art_057,Cecillia Wang,Person,0.01,-0.75,0.76,1
art_057,Trump,Person,-0.3425,-0.75,0.4075,12
art_057,Supreme Court,Organization,-2.775557561562892e-18,-0.75,0.75,5
art_057,Congress,Organization,-0.07,-0.75,0.6799999999999999,1
art_057,Supreme Court,Organization,-2.775557561562892e-18,-0.75,0.75,5
art_057,Supreme Court,Organization,-2.775557561562892e-18,-0.75,0.75,5
art_057,Trump,Person,-0.3425,-0.75,0.4075,12
art_057,TRUMP,Person,-0.3425,-0.75,0.4075,12
art_057,Trump,Person,-0.3425,-0.75,0.4075,12
art_057,administration,Organization,-0.6033333333333334,-0.75,0.1466666666666666,6
art_057,FOX NEWS,Organization,-0.45,-0.75,0.3,1
art_057,Trump,Person,-0.3425,-0.75,0.4075,12
art_058,US Supreme Court,Organization,-0.11,-0.89,0.78,1
art_058,Trump,Person,-0.515,-0.89,0.375,4
art_058,Trump,Person,-0.515,-0.89,0.375,4
art_058,US Supreme Court,Organization,-0.11,-0.89,0.78,1
art_058,Donald Trump,Person,-0.11,-0.89,0.78,1
art_058,Justice Department,Organization,-0.14,-0.89,0.75,1
art_058,Trump,Person,-0.515,-0.89,0.375,4
art_058,Trump,Person,-0.515,-0.89,0.375,4
art_058,Trump,Person,-0.515,-0.89,0.375,4
art_059,US Supreme Court,Organization,0.0249999999999999,-0.75,0.775,2
art_059,Trump,Person,-0.354,-0.75,0.396,10
art_059,US Supreme Court,Organization,0.0249999999999999,-0.75,0.775,2
art_059,Trump,Person,-0.354,-0.75,0.396,10
art_059,Trump,Person,-0.354,-0.75,0.396,10
art_059,Trump,Person,-0.354,-0.75,0.396,10
art_059,Supreme Court,Organization,-0.1599999999999999,-0.75,0.5900000000000001,5
art_059,US Supreme Court,Organization,0.0249999999999999,-0.75,0.775,2
art_059,Donald Trump,Person,0.0499999999999999,-0.75,0.8,1
art_059,Trump,Person,-0.354,-0.75,0.396,10
art_059,Trump,Person,-0.354,-0.75,0.396,10
art_059,Trump,Person,-0.354,-0.75,0.396,10
art_059,Supreme Court,Organization,-0.1599999999999999,-0.75,0.5900000000000001,5
art_059,Trump administration,Organization,-0.45,-0.75,0.3,1
art_059,Trump,Person,-0.354,-0.75,0.396,10
art_059,John Coughenour,Person,-0.04,-0.75,0.71,1
art_059,Coughenour,Person,-0.02,-0.75,0.73,2
art_059,Ronald Reagan,Person,0.0,-0.75,0.75,1
art_059,Supreme Court,Organization,-0.1599999999999999,-0.75,0.5900000000000001,5
art_059,Trump,Person,-0.354,-0.75,0.396,10
art_059,AFP,Organization,0.12,-0.75,0.87,1
art_060,Supreme Court,Organization,-0.358,-0.76,0.402,10
art_060,Donald Trump,Person,0.1,-0.76,0.86,1
art_060,Trump,Person,-0.3916666666666666,-0.76,0.3683333333333333,12
art_060,Cecillia Wang,Person,-0.03,-0.76,0.73,1
art_060,American Civil Liberties Union,Organization,-0.395,-0.76,0.365,2
art_060,Supreme Court,Organization,-0.358,-0.76,0.402,10
art_060,Trump,Person,-0.3916666666666666,-0.76,0.3683333333333333,12
art_060,Supreme Court,Organization,-0.358,-0.76,0.402,10
art_060,Congress,Organization,-0.03,-0.76,0.73,1
art_060,Trump,Person,-0.3916666666666666,-0.76,0.3683333333333333,12
art_060,Supreme Court,Organization,-0.358,-0.76,0.402,10
art_060,White House,Organization,-0.32,-0.76,0.44,1
art_060,Trump,Person,-0.3916666666666666,-0.76,0.3683333333333333,12
art_060,Steve Vladeck,Person,-0.65,-0.76,0.1099999999999999,1
art_060,CNN Supreme Court,Organization,-0.65,-0.76,0.1099999999999999,1
art_060,Trump administration,Organization,-0.7424999999999999,-0.76,0.0175,4
art_060,Supreme Court,Organization,-0.358,-0.76,0.402,10
art_060,Supreme Court,Organization,-0.358,-0.76,0.402,10
art_060,Wong Kim,Person,-0.03,-0.76,0.73,1
art_060,Trump,Person,-0.3916666666666666,-0.76,0.3683333333333333,12
art_060,Trump administration,Organization,-0.7424999999999999,-0.76,0.0175,4
art_060,Supreme Court,Organization,-0.358,-0.76,0.402,10
art_060,Trump,Person,-0.3916666666666666,-0.76,0.3683333333333333,12
art_060,Supreme Court,Organization,-0.358,-0.76,0.402,10
art_060,Supreme Court,Organization,-0.358,-0.76,0.402,10
art_060,Trump,Person,-0.3916666666666666,-0.76,0.3683333333333333,12
art_060,Supreme Court,Organization,-0.358,-0.76,0.402,10
art_060,Trump,Person,-0.3916666666666666,-0.76,0.3683333333333333,12
art_060,American Civil Liberties Union,Organization,-0.395,-0.76,0.365,2
art_060,Supreme Court,Organization,-0.358,-0.76,0.402,10
art_060,Trump,Person,-0.3916666666666666,-0.76,0.3683333333333333,12
art_060,ACLU,Organization,-0.1,-0.76,0.66,1
art_060,9th US Circuit Court of Appeals,Organization,-0.26,-0.76,0.5,1
art_060,Trump,Person,-0.3916666666666666,-0.76,0.3683333333333333,12
art_061,US Supreme Court,Organization,0.01,-0.66,0.67,1
art_061,US Supreme Court,Organization,0.01,-0.66,0.67,1
art_061,Donald Trump,Person,-0.28,-0.66,0.38,1
art_061,Supreme Court,Organization,-0.13,-0.66,0.53,4
art_061,Trump,Person,-0.3757142857142857,-0.66,0.2842857142857143,7
art_061,Trump,Person,-0.3757142857142857,-0.66,0.2842857142857143,7
art_061,Trump administration,Organization,-0.07,-0.66,0.5900000000000001,1
art_061,Cecillia Wang,Person,-0.06,-0.66,0.6000000000000001,1
art_061,American Civil Liberties Union,Organization,-0.06,-0.66,0.6000000000000001,1
art_061,BBC,Organization,-0.06,-0.66,0.6000000000000001,1
art_061,CBS,Organization,-0.06,-0.66,0.6000000000000001,1
art_061,Wang,Person,-0.0249999999999999,-0.66,0.635,2
art_061,Supreme Court,Organization,-0.13,-0.66,0.53,4
art_061,Trump,Person,-0.3757142857142857,-0.66,0.2842857142857143,7
art_061,Trump,Person,-0.3757142857142857,-0.66,0.2842857142857143,7
art_061,Supreme Court,Organization,-0.13,-0.66,0.53,4
art_061,Trump,Person,-0.3757142857142857,-0.66,0.2842857142857143,7
art_061,D John Sauer,Person,-0.1399999999999999,-0.66,0.52,1
art_061,Pew Research Center,Organization,-0.31,-0.66,0.35,1
art_061,Pew,Organization,-0.16,-0.66,0.5,2
art_061,Migration Policy Institute,Organization,-0.02,-0.66,0.64,1
art_061,Pennsylvania State University,Organization,-0.02,-0.66,0.64,1
art_061,Population Research Institute,Organization,-0.02,-0.66,0.64,1
art_062,Reuters,Organization,-0.06,-0.84,0.7799999999999999,1
art_062,Supreme Court,Organization,-0.22,-0.84,0.62,4
art_062,Donald Trump,Person,-0.06,-0.84,0.7799999999999999,1
art_062,Justice Department,Organization,-0.07,-0.84,0.77,2
art_062,Trump,Person,-0.3914285714285714,-0.84,0.4485714285714285,7
art_062,Trump,Person,-0.3914285714285714,-0.84,0.4485714285714285,7
art_062,Trump,Person,-0.3914285714285714,-0.84,0.4485714285714285,7
art_062,Trump,Person,-0.3914285714285714,-0.84,0.4485714285714285,7
art_062,Trump administration,Organization,-0.545,-0.84,0.2949999999999999,2
art_062,White House,Organization,-0.0999999999999999,-0.84,0.74,1
art_062,Abigail Jackson,Person,-0.0999999999999999,-0.84,0.74,1
art_062,Cecillia Wang,Person,-0.0999999999999999,-0.84,0.74,1
art_062,American Civil Liberties Union,Organization,-0.0999999999999999,-0.84,0.74,1
art_062,Supreme Court,Organization,-0.22,-0.84,0.62,4
art_062,Justice Department,Organization,-0.07,-0.84,0.77,2
art_062,Trump,Person,-0.3914285714285714,-0.84,0.4485714285714285,7
art_062,Joseph Laplante,Person,-0.41,-0.84,0.43,1
art_062,Trump,Person,-0.3914285714285714,-0.84,0.4485714285714285,7
art_062,Supreme Court,Organization,-0.22,-0.84,0.62,4
art_062,Supreme Court,Organization,-0.22,-0.84,0.62,4
art_062,Supreme Court,Organization,-0.22,-0.84,0.62,4
art_062,Supreme Court,Organization,-0.22,-0.84,0.62,4
art_062,Wong Kim,Person,0.2499999999999999,-0.84,1.09,1
art_063,US Supreme Court,Organization,-0.0699999999999999,-0.66,0.5900000000000001,3
art_063,Trump,Person,-0.3330769230769231,-0.66,0.3269230769230769,13
art_063,Supreme Court,Organization,-0.1428571428571428,-0.66,0.5171428571428571,7
art_063,United States Supreme Court,Organization,-0.1399999999999999,-0.66,0.52,1
art_063,Donald Trump,Person,-0.1399999999999999,-0.66,0.52,1
art_063,Republican administration,Organization,-0.1399999999999999,-0.66,0.52,1
art_063,US Supreme Court,Organization,-0.0699999999999999,-0.66,0.5900000000000001,3
art_063,3Trump,Person,-0.61,-0.66,0.05,1
art_063,Trump,Person,-0.3330769230769231,-0.66,0.3269230769230769,13
art_063,US Supreme Court,Organization,-0.0699999999999999,-0.66,0.5900000000000001,3
art_063,Trump,Person,-0.3330769230769231,-0.66,0.3269230769230769,13
art_063,Trump,Person,-0.3330769230769231,-0.66,0.3269230769230769,13
art_063,Trump,Person,-0.3330769230769231,-0.66,0.3269230769230769,13
art_063,Supreme Court,Organization,-0.1428571428571428,-0.66,0.5171428571428571,7
art_063,Trump administration,Organization,-0.45,-0.66,0.21,1
art_063,Trump,Person,-0.3330769230769231,-0.66,0.3269230769230769,13
art_063,John Sauer,Person,-0.46,-0.66,0.2,1
art_063,Sauer,Person,-0.245,-0.66,0.415,2
art_063,Trump,Person,-0.3330769230769231,-0.66,0.3269230769230769,13
art_063,John Coughenour,Person,-0.04,-0.66,0.62,1
art_063,Supreme Court,Organization,-0.1428571428571428,-0.66,0.5171428571428571,7
art_063,Trump,Person,-0.3330769230769231,-0.66,0.3269230769230769,13
art_063,Cecillia Wang,Person,-0.58,-0.66,0.08,1
art_063,American Civil Liberties Union,Organization,-0.58,-0.66,0.08,1
art_063,Trump,Person,-0.3330769230769231,-0.66,0.3269230769230769,13
art_063,Wang,Person,-0.41,-0.66,0.25,2
art_063,Supreme Court,Organization,-0.1428571428571428,-0.66,0.5171428571428571,7
art_063,Trump,Person,-0.3330769230769231,-0.66,0.3269230769230769,13
art_063,Trump,Person,-0.3330769230769231,-0.66,0.3269230769230769,13
art_064,US supreme court,Organization,-0.165,-0.77,0.605,2
art_064,Donald Trump,Person,0.0,-0.77,0.77,1
art_064,Trump,Person,-0.3327272727272727,-0.77,0.4372727272727272,11
art_064,US supreme court,Organization,-0.165,-0.77,0.605,2
art_064,Trump,Person,-0.3327272727272727,-0.77,0.4372727272727272,11
art_064,supreme court,Organization,-0.3239999999999999,-0.77,0.446,5
art_064,justice department,Organization,-0.08,-0.77,0.6900000000000001,1
art_064,Trump,Person,-0.3327272727272727,-0.77,0.4372727272727272,11
art_064,Trump,Person,-0.3327272727272727,-0.77,0.4372727272727272,11
art_064,Trump,Person,-0.3327272727272727,-0.77,0.4372727272727272,11
art_064,Barbara,Person,-0.215,-0.77,0.555,2
art_064,Barbara,Person,-0.215,-0.77,0.555,2
art_064,American Civil Liberties Union,Organization,-0.44,-0.77,0.33,1
art_064,ACLU,Organization,-0.24,-0.77,0.53,2
art_064,Trump,Person,-0.3327272727272727,-0.77,0.4372727272727272,11
art_064,Cecillia Wang,Person,-0.04,-0.77,0.73,1
art_064,ACLU,Organization,-0.24,-0.77,0.53,2
art_064,Trump,Person,-0.3327272727272727,-0.77,0.4372727272727272,11
art_064,Congress,Organization,-0.0199999999999999,-0.77,0.75,1
art_064,supreme court,Organization,-0.3239999999999999,-0.77,0.446,5
art_064,Trump,Person,-0.3327272727272727,-0.77,0.4372727272727272,11
art_064,Trump,Person,-0.3327272727272727,-0.77,0.4372727272727272,11
art_064,administration,Organization,-0.515,-0.77,0.255,2
art_064,John Sauer,Person,0.0,-0.77,0.77,1
art_064,Trump,Person,-0.3327272727272727,-0.77,0.4372727272727272,11
art_065,United States Supreme Court,Organization,0.03,-0.68,0.7100000000000001,1
art_065,Donald Trump,Person,0.03,-0.68,0.7100000000000001,1
art_065,Trump,Person,-0.26,-0.68,0.42,9
art_065,Trump,Person,-0.26,-0.68,0.42,9
art_065,Trump,Person,-0.26,-0.68,0.42,9
art_065,Supreme Court,Organization,-0.1299999999999999,-0.68,0.55,3
art_065,Trump administration,Organization,-0.45,-0.68,0.23,1
art_065,Trump,Person,-0.26,-0.68,0.42,9
art_065,John Sauer,Person,-0.22,-0.68,0.4600000000000001,1
art_065,Sauer,Person,-0.22,-0.68,0.4600000000000001,1
art_065,Trump,Person,-0.26,-0.68,0.42,9
art_065,John Coughenour,Person,-0.0199999999999999,-0.68,0.66,1
art_065,Coughenour,Person,-0.0199999999999999,-0.68,0.66,1
art_065,Ronald Reagan,Person,-0.0199999999999999,-0.68,0.66,1
art_065,Supreme Court,Organization,-0.1299999999999999,-0.68,0.55,3
art_065,Trump,Person,-0.26,-0.68,0.42,9
art_065,Cecillia Wang,Person,-0.49,-0.68,0.19,1
art_065,American Civil Liberties Union,Organization,-0.49,-0.68,0.19,1
art_065,Trump,Person,-0.26,-0.68,0.42,9
art_065,Wang,Person,-0.49,-0.68,0.19,1
art_066,Donald Trump,Person,0.0199999999999999,-0.75,0.77,1
art_066,Trump,Person,-0.26625,-0.75,0.48375,8
art_066,Trump,Person,-0.26625,-0.75,0.48375,8
art_066,Republican administration,Organization,-0.31,-0.75,0.4399999999999999,1
art_066,High Court,Organization,-0.29,-0.75,0.4599999999999999,2
art_066,Supreme Court,Organization,-0.344,-0.75,0.406,5
art_066,National Guard,Organization,-0.1,-0.75,0.65,1
art_066,Trump,Person,-0.26625,-0.75,0.48375,8
art_066,Supreme Court,Organization,-0.344,-0.75,0.406,5
art_066,Trump,Person,-0.26625,-0.75,0.48375,8
art_066,Supreme Court,Organization,-0.344,-0.75,0.406,5
art_066,Supreme Court,Organization,-0.344,-0.75,0.406,5
art_066,Trump,Person,-0.26625,-0.75,0.48375,8
art_066,American Civil Liberties Union,Organization,-0.04,-0.75,0.71,1
art_066,Trump,Person,-0.26625,-0.75,0.48375,8
art_066,Cecillia Wang,Person,-0.04,-0.75,0.71,1
art_066,American Civil Liberties Union,Organization,-0.04,-0.75,0.71,1
art_066,ACLU,Organization,-0.04,-0.75,0.71,1
art_066,Supreme Court,Organization,-0.344,-0.75,0.406,5
art_066,Appeals Court,Organization,-0.08,-0.75,0.67,1
art_066,Trump,Person,-0.26625,-0.75,0.48375,8
art_066,Supreme Court,Organization,-0.344,-0.75,0.406,5
art_066,High Court,Organization,-0.29,-0.75,0.4599999999999999,2
art_066,Ted Cruz,Person,0.1,-0.75,0.85,1
art_066,Lindsey Graham,Person,0.1,-0.75,0.85,1
art_067,Donald Trump,Person,-0.075,-0.84,0.7649999999999999,2
art_067,Trump,Person,-0.2823076923076923,-0.84,0.5576923076923077,13
art_067,Pam Bondi,Person,0.15,-0.84,0.99,1
art_067,Trump,Person,-0.2823076923076923,-0.84,0.5576923076923077,13
art_067,Supreme Court,Organization,0.045,-0.84,0.885,4
art_067,Trump,Person,-0.2823076923076923,-0.84,0.5576923076923077,13
art_067,Fox News,Organization,-0.07,-0.84,0.77,2
art_067,Peter Doocy,Person,-0.03,-0.84,0.8099999999999999,1
art_067,TRUMP,Person,-0.2823076923076923,-0.84,0.5576923076923077,13
art_067,Trump,Person,-0.2823076923076923,-0.84,0.5576923076923077,13
art_067,Trump,Person,-0.2823076923076923,-0.84,0.5576923076923077,13
art_067,Trump,Person,-0.2823076923076923,-0.84,0.5576923076923077,13
art_067,Trump,Person,-0.2823076923076923,-0.84,0.5576923076923077,13
art_067,Trump,Person,-0.2823076923076923,-0.84,0.5576923076923077,13
art_067,DONALD TRUMP,Person,-0.075,-0.84,0.7649999999999999,2
art_067,Trump,Person,-0.2823076923076923,-0.84,0.5576923076923077,13
art_067,John Sauer,Person,-0.32,-0.84,0.52,1
art_067,American Civil Liberties Union,Organization,-0.18,-0.84,0.6599999999999999,1
art_067,Trump,Person,-0.2823076923076923,-0.84,0.5576923076923077,13
art_067,ACLU,Organization,-0.11,-0.84,0.73,1
art_067,Trump,Person,-0.2823076923076923,-0.84,0.5576923076923077,13
art_067,ACLU,Organization,-0.11,-0.84,0.73,1
art_067,FOX NEWS,Organization,-0.07,-0.84,0.77,2
art_067,ACLU,Organization,-0.11,-0.84,0.73,1
art_067,Anthony Romero,Person,-0.11,-0.84,0.73,1
art_067,Supreme Court,Organization,0.045,-0.84,0.885,4
art_068,Supreme Court,Organization,-0.14,-0.51,0.37,3
art_068,Trump,Person,-0.164,-0.51,0.346,5
art_068,Trump,Person,-0.164,-0.51,0.346,5
art_068,Trump,Person,-0.164,-0.51,0.346,5
art_068,Trump,Person,-0.164,-0.51,0.346,5
art_068,Barbara,Person,0.09,-0.51,0.6,1
art_068,Trump,Person,-0.164,-0.51,0.346,5
art_068,Trump,Person,-0.164,-0.51,0.346,5
art_068,Supreme Court,Organization,-0.14,-0.51,0.37,3
art_069,Supreme Court,Organization,-0.3175,-0.66,0.3425,4
art_069,Trump,Person,-0.505,-0.66,0.155,8
art_069,Trump,Person,-0.505,-0.66,0.155,8
art_069,Supreme Court,Organization,-0.3175,-0.66,0.3425,4
art_069,Donald Trump,Person,-0.08,-0.66,0.5800000000000001,1
art_069,US Supreme Court,Organization,-0.4649999999999999,-0.66,0.195,2
art_069,Trump,Person,-0.505,-0.66,0.155,8
art_069,Justice Department,Organization,-0.16,-0.66,0.5,1
art_069,Trump,Person,-0.505,-0.66,0.155,8
art_069,Trump,Person,-0.505,-0.66,0.155,8
art_069,Supreme Court,Organization,-0.3175,-0.66,0.3425,4
art_069,Clare Cushman,Person,0.01,-0.66,0.67,1
art_069,Supreme Court Historical Society,Organization,0.01,-0.66,0.67,1
art_069,White House,Organization,-0.1166666666666666,-0.66,0.5433333333333333,3
art_069,David Warrington,Person,0.0,-0.66,0.66,1
art_069,Howard Lutnick,Person,0.0,-0.66,0.66,1
art_069,Pam Bondi,Person,0.0,-0.66,0.66,1
art_069,Trump,Person,-0.505,-0.66,0.155,8
art_069,Pew Research Center,Organization,0.03,-0.66,0.6900000000000001,1
art_069,Trump,Person,-0.505,-0.66,0.155,8
art_069,Supreme Court,Organization,-0.3175,-0.66,0.3425,4
art_069,Trump,Person,-0.505,-0.66,0.155,8
art_069,John Roberts,Person,-0.38,-0.66,0.28,1
art_069,Sauer,Person,-0.53,-0.66,0.13,3
art_069,Roberts,Person,-0.44,-0.66,0.22,3
art_069,Sauer,Person,-0.53,-0.66,0.13,3
art_069,Roberts,Person,-0.44,-0.66,0.22,3
art_070,Donald Trump,Person,-0.09,-0.73,0.64,1
art_070,Supreme Court,Organization,-0.31,-0.73,0.42,2
art_070,Trump,Person,-0.5754545454545454,-0.73,0.1545454545454545,11
art_070,Trump,Person,-0.5754545454545454,-0.73,0.1545454545454545,11
art_070,Trump,Person,-0.5754545454545454,-0.73,0.1545454545454545,11
art_070,administration,Organization,-0.4439999999999999,-0.73,0.286,5
art_070,Supreme Court,Organization,-0.31,-0.73,0.42,2
art_070,Trump,Person,-0.5754545454545454,-0.73,0.1545454545454545,11
art_070,Trump,Person,-0.5754545454545454,-0.73,0.1545454545454545,11
art_070,John Roberts,Person,-0.99,-0.73,0.26,1
art_070,Trump,Person,-0.5754545454545454,-0.73,0.1545454545454545,11
art_070,Sauer,Person,-0.5266666666666667,-0.73,0.2033333333333332,9
art_070,Trump,Person,-0.5754545454545454,-0.73,0.1545454545454545,11
art_070,Trump,Person,-0.5754545454545454,-0.73,0.1545454545454545,11
art_070,Sauer,Person,-0.5266666666666667,-0.73,0.2033333333333332,9
art_070,Roberts,Person,-0.7866666666666666,-0.73,0.0566666666666666,3
art_070,Sauer,Person,-0.5266666666666667,-0.73,0.2033333333333332,9
art_070,Roberts,Person,-0.7866666666666666,-0.73,0.0566666666666666,3
art_070,Elena Kagan,Person,-0.08,-0.73,0.65,1
art_070,Neil Gorsuch,Person,-0.66,-0.73,0.0699999999999999,1
art_070,Trump,Person,-0.5754545454545454,-0.73,0.1545454545454545,11
art_070,Sauer,Person,-0.5266666666666667,-0.73,0.2033333333333332,9
art_070,Trump,Person,-0.5754545454545454,-0.73,0.1545454545454545,11
art_070,Amy Coney Barrett,Person,-0.83,-0.73,0.0999999999999999,1
art_070,Trump,Person,-0.5754545454545454,-0.73,0.1545454545454545,11
art_070,Sauer,Person,-0.5266666666666667,-0.73,0.2033333333333332,9
art_070,Trump,Person,-0.5754545454545454,-0.73,0.1545454545454545,11
art_070,Sauer,Person,-0.5266666666666667,-0.73,0.2033333333333332,9
art_070,Sauer,Person,-0.5266666666666667,-0.73,0.2033333333333332,9
art_070,Gorsuch,Person,-0.55,-0.73,0.1799999999999999,2
art_070,Kavanaugh,Person,-0.22,-0.73,0.51,3
art_070,Trump,Person,-0.5754545454545454,-0.73,0.1545454545454545,11
art_070,Gorsuch,Person,-0.55,-0.73,0.1799999999999999,2
art_070,Brett Kavanaugh,Person,-0.44,-0.73,0.29,1
art_070,Trump,Person,-0.5754545454545454,-0.73,0.1545454545454545,11
art_070,Trump,Organization,-0.5754545454545454,-0.73,0.1545454545454545,11
art_070,Congress,Organization,-0.055,-0.73,0.6749999999999999,4
art_070,Congress,Organization,-0.055,-0.73,0.6749999999999999,4
art_070,Congress,Organization,-0.055,-0.73,0.6749999999999999,4
art_070,Kavanaugh,Person,-0.22,-0.73,0.51,3
art_070,Sauer,Person,-0.5266666666666667,-0.73,0.2033333333333332,9
art_070,Congress,Organization,-0.055,-0.73,0.6749999999999999,4
art_070,Kavanaugh,Person,-0.22,-0.73,0.51,3
art_070,American Civil Liberties Union,Organization,-0.21,-0.73,0.52,1
art_071,US Supreme Court,Organization,-0.8,-0.81,0.01,1
art_071,Trump,Person,-0.1509090909090909,-0.81,0.6590909090909092,11
art_071,Supreme Court,Organization,-0.4,-0.81,0.41,2
art_071,Donald Trump,Person,-0.8,-0.81,0.01,1
art_071,Trump,Person,-0.1509090909090909,-0.81,0.6590909090909092,11
art_071,Trump,Person,-0.1509090909090909,-0.81,0.6590909090909092,11
art_071,John Sauer,Person,-0.93,-0.81,0.12,1
art_071,Congress,Organization,-0.49,-0.81,0.32,2
art_071,John Roberts,Person,-0.47,-0.81,0.3400000000000001,1
art_071,Trump,Person,-0.1509090909090909,-0.81,0.6590909090909092,11
art_071,Roberts,Person,-0.24,-0.81,0.5700000000000001,2
art_071,Sauer,Person,-0.3733333333333333,-0.81,0.4366666666666667,3
art_071,Sauer,Person,-0.3733333333333333,-0.81,0.4366666666666667,3
art_071,Elena Kagan,Person,-0.07,-0.81,0.74,1
art_071,Supreme Court,Organization,-0.4,-0.81,0.41,2
art_071,Wong Kim Ark,Person,0.21,-0.81,1.02,2
art_071,Cecillia Wang,Person,-0.04,-0.81,0.77,1
art_071,ACLU,Organization,-0.04,-0.81,0.77,1
art_071,Trump,Person,-0.1509090909090909,-0.81,0.6590909090909092,11
art_071,Wong Kim,Person,0.21,-0.81,1.02,2
art_071,Brett Kavanaugh,Person,0.42,-0.81,1.23,1
art_071,Congress,Organization,-0.49,-0.81,0.32,2
art_071,Stephen Yale-Loehr,Person,-0.0499999999999999,-0.81,0.76,1
art_071,Yale-Loehr,Person,-0.0699999999999999,-0.81,0.7400000000000001,2
art_071,Trump,Person,-0.1509090909090909,-0.81,0.6590909090909092,11
art_071,Trump,Person,-0.1509090909090909,-0.81,0.6590909090909092,11
art_071,Trump,Person,-0.1509090909090909,-0.81,0.6590909090909092,11
art_071,Trump,Person,-0.1509090909090909,-0.81,0.6590909090909092,11
art_071,Trump,Person,-0.1509090909090909,-0.81,0.6590909090909092,11
art_071,Trump,Person,-0.1509090909090909,-0.81,0.6590909090909092,11
art_072,Reuters,Organization,0.67,-0.61,1.28,1
art_072,Donald Trump,Person,0.67,-0.61,1.28,1
art_072,Trump,Person,-0.2255555555555555,-0.61,0.3844444444444445,9
art_072,Justice Department,Organization,-0.63,-0.61,0.02,1
art_072,Trump,Person,-0.2255555555555555,-0.61,0.3844444444444445,9
art_072,Trump,Person,-0.2255555555555555,-0.61,0.3844444444444445,9
art_072,Trump,Person,-0.2255555555555555,-0.61,0.3844444444444445,9
art_072,Supreme Court,Organization,-0.375,-0.61,0.235,4
art_072,Clare Cushman,Person,-0.11,-0.61,0.5,1
art_072,Supreme Court Historical Society,Organization,-0.11,-0.61,0.5,1
art_072,White House,Organization,-0.3466666666666667,-0.61,0.2633333333333333,3
art_072,David Warrington,Person,-0.3199999999999999,-0.61,0.29,1
art_072,Howard Lutnick,Person,-0.3199999999999999,-0.61,0.29,1
art_072,Pamela Bondi,Person,-0.3199999999999999,-0.61,0.29,1
art_072,Trump,Person,-0.2255555555555555,-0.61,0.3844444444444445,9
art_072,Sauer,Person,-0.4833333333333333,-0.61,0.1266666666666666,3
art_072,Pew Research Center,Organization,-0.0799999999999999,-0.61,0.53,1
art_072,Trump,Person,-0.2255555555555555,-0.61,0.3844444444444445,9
art_072,Trump,Person,-0.2255555555555555,-0.61,0.3844444444444445,9
art_072,Supreme Court,Organization,-0.375,-0.61,0.235,4
art_072,Trump,Person,-0.2255555555555555,-0.61,0.3844444444444445,9
art_072,Trump,Person,-0.2255555555555555,-0.61,0.3844444444444445,9
art_072,Conservative,Organization,-0.4866666666666666,-0.61,0.1233333333333333,3
art_072,John Roberts,Person,-0.8,-0.61,0.19,1
art_072,Sauer,Person,-0.4833333333333333,-0.61,0.1266666666666666,3
art_072,Roberts,Person,-0.765,-0.61,0.155,2
art_072,Sauer,Person,-0.4833333333333333,-0.61,0.1266666666666666,3
art_072,Roberts,Person,-0.765,-0.61,0.155,2
art_072,Roberts,Person,-0.765,-0.61,0.155,2
art_072,Sauer,Organization,-0.4833333333333333,-0.61,0.1266666666666666,3
art_072,Roberts,Person,-0.765,-0.61,0.155,2
art_072,Sauer,Person,-0.4833333333333333,-0.61,0.1266666666666666,3
art_072,Supreme Court,Organization,-0.375,-0.61,0.235,4
art_073,US Supreme Court,Organization,-0.05,-0.82,0.7699999999999999,2
art_073,United States Supreme Court,Organization,-0.01,-0.82,0.8099999999999999,1
art_073,Donald Trump,Person,0.0,-0.82,0.82,2
art_073,Trump,Person,-0.2942857142857143,-0.82,0.5257142857142856,14
art_073,Trump,Person,-0.2942857142857143,-0.82,0.5257142857142856,14
art_073,US Supreme Court,Organization,-0.05,-0.82,0.7699999999999999,2
art_073,US Supreme Court,Organization,-0.05,-0.82,0.7699999999999999,2
art_073,3Trump,Person,-0.11,-0.82,0.71,1
art_073,Trump administration,Organization,-0.485,-0.82,0.3349999999999999,2
art_073,Donald Trump,Person,0.0,-0.82,0.82,2
art_073,Trump,Person,-0.2942857142857143,-0.82,0.5257142857142856,14
art_073,Supreme Court,Organization,-0.1766666666666666,-0.82,0.6433333333333333,6
art_073,Luis Villaguzman,Person,-0.01,-0.82,0.8099999999999999,1
art_073,League of United Latin American Citizens,Organization,-0.01,-0.82,0.8099999999999999,1
art_073,LULAC,Organization,-0.01,-0.82,0.8099999999999999,1
art_073,Trump,Person,-0.2942857142857143,-0.82,0.5257142857142856,14
art_073,Trump,Person,-0.2942857142857143,-0.82,0.5257142857142856,14
art_073,Trump,Person,-0.2942857142857143,-0.82,0.5257142857142856,14
art_073,Roslyne Shiao,Person,-0.01,-0.82,0.8099999999999999,1
art_073,Trump,Person,-0.2942857142857143,-0.82,0.5257142857142856,14
art_073,Shiao,Person,-0.01,-0.82,0.8099999999999999,2
art_073,Trump,Person,-0.2942857142857143,-0.82,0.5257142857142856,14
art_073,Truth Social,Organization,-0.77,-0.82,0.0499999999999999,1
art_073,Pew Research Center,Organization,0.0,-0.82,0.82,1
art_073,Trump,Person,-0.2942857142857143,-0.82,0.5257142857142856,14
art_073,John Eastman,Person,-0.0199999999999999,-0.82,0.7999999999999999,1
art_073,New York Times,Organization,0.09,-0.82,0.91,1
art_073,Trump,Person,-0.2942857142857143,-0.82,0.5257142857142856,14
art_073,Stephen Miller,Person,-0.44,-0.82,0.3799999999999999,1
art_073,Trump,Person,-0.2942857142857143,-0.82,0.5257142857142856,14
art_073,Supreme Court,Organization,-0.1766666666666666,-0.82,0.6433333333333333,6
art_073,John Sauer,Person,-0.88,-0.82,0.06,1
art_073,Sauer,Person,-0.475,-0.82,0.345,2
art_074,Donald Trump,Person,-0.91,-0.79,0.12,1
art_074,supreme court,Organization,0.185,-0.79,0.975,2
art_074,Trump,Person,-0.682,-0.79,0.1079999999999999,5
art_074,Trump,Person,-0.682,-0.79,0.1079999999999999,5
art_074,John Roberts,Person,-0.29,-0.79,0.5,1
art_074,Elena Kagan,Person,0.0099999999999999,-0.79,0.8,1
art_074,John Sauer,Person,0.0099999999999999,-0.79,0.8,1
art_074,Cecillia Wang,Person,-0.89,-0.79,0.0999999999999999,1
art_074,American Civil Liberties Union,Organization,-0.89,-0.79,0.0999999999999999,1
art_074,Trump,Person,-0.682,-0.79,0.1079999999999999,5
art_074,Trump,Person,-0.682,-0.79,0.1079999999999999,5
art_074,Alito,Person,-0.06,-0.79,0.73,3
art_074,Alito,Person,-0.06,-0.79,0.73,3
art_074,Wang,Person,-0.3325,-0.79,0.4575,4
art_074,Alito,Person,-0.06,-0.79,0.73,3
art_074,Roberts,Person,-0.15,-0.79,0.64,2
art_074,New York Times,Organization,-0.01,-0.79,0.78,1
art_074,Clarence Thomas,Person,-0.31,-0.79,0.48,1
art_074,Sauer,Person,-0.245,-0.79,0.545,2
art_074,Wang,Person,-0.3325,-0.79,0.4575,4
art_074,Wang,Person,-0.3325,-0.79,0.4575,4
art_075,US Supreme Court,Organization,0.23,-0.45,0.68,1
art_075,Donald Trump,Person,0.23,-0.45,0.68,1
art_075,Trump,Person,-0.1275,-0.45,0.3225,4
art_075,Trump,Person,-0.1275,-0.45,0.3225,4
art_075,John Sauer,Person,-0.24,-0.45,0.21,1
art_075,American Civil Liberties Union,Organization,-0.24,-0.45,0.21,1
art_075,ACLU,Organization,-0.24,-0.45,0.21,1
art_075,Cecillia Wang,Person,-0.24,-0.45,0.21,1
art_075,Trump,Person,-0.1275,-0.45,0.3225,4
art_075,Sauer,Person,-0.142,-0.45,0.308,5
art_075,Sauer,Organization,-0.142,-0.45,0.308,5
art_075,Supreme Court,Organization,-0.0599999999999999,-0.45,0.39,2
art_075,John Roberts,Person,-0.11,-0.45,0.34,1
art_075,Sauer,Person,-0.142,-0.45,0.308,5
art_075,Sauer,Person,-0.142,-0.45,0.308,5
art_075,Roberts,Person,-0.06,-0.45,0.39,2
art_076,US Supreme Court,Organization,-0.99,-0.81,0.1799999999999999,1
art_076,Donald Trump,Person,-0.99,-0.81,0.1799999999999999,1
art_076,Trump,Person,-0.91,-0.81,0.0999999999999998,2
art_076,Trump,Person,-0.91,-0.81,0.0999999999999998,2
art_076,John Sauer,Person,-0.99,-0.81,0.1799999999999999,1
art_076,American Civil Liberties Union,Organization,-0.99,-0.81,0.1799999999999999,1
art_076,ACLU,Organization,-0.91,-0.81,0.0999999999999998,2
art_076,Cecillia Wang,Person,-0.99,-0.81,0.1799999999999999,1
art_076,Trump,Person,-0.91,-0.81,0.0999999999999998,2
art_076,Sauer,Person,-0.99,-0.81,0.1799999999999999,1
art_076,Sauer,Organization,-0.99,-0.81,0.1799999999999999,1
art_076,Supreme Court,Organization,-0.91,-0.81,0.0999999999999998,2
art_076,John Roberts,Person,-0.99,-0.81,0.1799999999999999,1
art_076,Sauer,Person,-0.99,-0.81,0.1799999999999999,1
art_076,Sauer,Person,-0.99,-0.81,0.1799999999999999,1
art_076,Roberts,Person,-0.99,-0.81,0.1799999999999999,1
art_076,Roberts,Person,-0.99,-0.81,0.1799999999999999,1
art_076,Brett Kavanaugh,Person,-0.99,-0.81,0.1799999999999999,1
art_076,Sauer,Person,-0.99,-0.81,0.1799999999999999,1
art_076,Kavanaugh,Person,-0.99,-0.81,0.1799999999999999,1
art_076,Wang,Person,-0.91,-0.81,0.0999999999999998,2
art_076,ACLU,Organization,-0.91,-0.81,0.0999999999999998,2
art_076,Wang,Person,-0.91,-0.81,0.0999999999999998,2
art_076,Trump,Person,-0.91,-0.81,0.0999999999999998,2
art_076,Congress,Organization,-0.83,-0.81,0.0199999999999999,1
art_076,Trump administration,Organization,-0.83,-0.81,0.0199999999999999,1
art_076,Trump,Person,-0.91,-0.81,0.0999999999999998,2
art_076,Supreme Court,Organization,-0.91,-0.81,0.0999999999999998,2
art_076,Trump,Person,-0.91,-0.81,0.0999999999999998,2
art_076,Supreme Court,Organization,-0.91,-0.81,0.0999999999999998,2
art_076,Trump,Person,-0.91,-0.81,0.0999999999999998,2
art_077,Supreme Court,Organization,0.04,-0.76,0.8,1
art_077,Donald Trump,Person,0.01,-0.76,0.77,2
art_077,Trump,Person,-0.3427272727272727,-0.76,0.4172727272727273,11
art_077,Donald Trump,Person,0.01,-0.76,0.77,2
art_077,Trump,Person,-0.3427272727272727,-0.76,0.4172727272727273,11
art_077,Trump,Person,-0.3427272727272727,-0.76,0.4172727272727273,11
art_077,Congress,Organization,-0.36,-0.76,0.4,2
art_077,Trump,Person,-0.3427272727272727,-0.76,0.4172727272727273,11
art_077,Trump,Person,-0.3427272727272727,-0.76,0.4172727272727273,11
art_077,Trump,Person,-0.3427272727272727,-0.76,0.4172727272727273,11
art_077,Trump administration,Organization,-0.4,-0.76,0.36,2
art_077,Trump,Person,-0.3427272727272727,-0.76,0.4172727272727273,11
art_077,administration,Organization,-0.34,-0.76,0.42,4
art_077,Trump,Person,-0.3427272727272727,-0.76,0.4172727272727273,11
art_077,SC,Organization,-0.44,-0.76,0.32,3
art_078,Trump,Person,0.0,-0.83,0.83,2
art_078,US Supreme Court,Organization,0.01,-0.83,0.84,1
art_078,Donald Trump,Person,0.01,-0.83,0.84,1
art_078,Trump,Person,0.0,-0.83,0.83,2
art_078,Govt,Organization,-0.53,-0.83,0.2999999999999999,1
art_078,Supreme Court,Organization,0.005,-0.83,0.835,2
art_079,Donald Trump,Person,0.5599999999999999,-0.05,0.61,1
art_079,Friedrich Merz,Person,0.5599999999999999,-0.05,0.61,1
art_079,Olaf Scholz,Person,0.5599999999999999,-0.05,0.61,1
art_079,Trump,Person,0.1699999999999999,-0.05,0.2199999999999999,5
art_079,Truth Social,Organization,0.04,-0.05,0.09,1
art_079,Christian Democratic Union,Organization,0.21,-0.05,0.26,1
art_079,CDU,Organization,0.03,-0.05,0.08,2
art_079,Alternative for Germany,Organization,0.21,-0.05,0.26,1
art_079,AfD,Organization,-0.066,-0.05,0.016,5
art_079,TRUMP,Person,0.1699999999999999,-0.05,0.2199999999999999,5
art_079,CDU,Organization,0.03,-0.05,0.08,2
art_079,Merz,Person,-0.1025,-0.05,0.0525,4
art_079,Scholz,Person,0.2049999999999999,-0.05,0.2549999999999999,2
art_079,AfD,Organization,-0.066,-0.05,0.016,5
art_079,Merz,Person,-0.1025,-0.05,0.0525,4
art_079,AfD,Organization,-0.066,-0.05,0.016,5
art_079,ELON MUSK,Person,-0.35,-0.05,0.3,2
art_079,Merz,Person,-0.1025,-0.05,0.0525,4
art_079,AfD,Organization,-0.066,-0.05,0.016,5
art_079,AfD,Organization,-0.066,-0.05,0.016,5
art_079,FOX NEWS,Organization,0.11,-0.05,0.16,1
art_079,Trump,Person,0.1699999999999999,-0.05,0.2199999999999999,5
art_079,Elon Musk,Person,-0.35,-0.05,0.3,2
art_079,Alice Weidel,Person,0.11,-0.05,0.16,1
art_079,Tino Chrupalla,Person,0.11,-0.05,0.16,1
art_080,Alternative for Germany,Organization,-0.87,-0.59,0.28,1
art_080,AfD,Organization,-0.33,-0.59,0.2599999999999999,3
art_080,Vance,Person,-0.47,-0.59,0.12,2
art_080,AfD,Organization,-0.33,-0.59,0.2599999999999999,3
art_080,Christian Democratic Union,Organization,-0.13,-0.59,0.4599999999999999,1
art_080,CDU,Organization,-0.13,-0.59,0.4599999999999999,1
art_080,Social Democratic Party,Organization,-0.13,-0.59,0.4599999999999999,1
art_080,SPD,Organization,-0.13,-0.59,0.4599999999999999,1
art_080,AfD,Organization,-0.33,-0.59,0.2599999999999999,3
art_081,Donald Trump,Person,-0.72,-0.67,0.0499999999999999,1
art_081,Friedrich Merz,Person,-0.72,-0.67,0.0499999999999999,1
art_081,Alternative for Germany,Organization,-0.72,-0.67,0.0499999999999999,1
art_081,AfD,Organization,-0.5433333333333333,-0.67,0.1266666666666667,3
art_081,Olaf Scholz,Person,-0.72,-0.67,0.0499999999999999,1
art_081,CDU,Organization,-0.72,-0.67,0.0499999999999999,1
art_081,European Union,Organization,-0.72,-0.67,0.0499999999999999,1
art_081,Trump,Person,-0.81,-0.67,0.14,2
art_081,Vladimir Putin,Person,-0.72,-0.67,0.0499999999999999,1
art_081,NATO,Organization,-0.72,-0.67,0.0499999999999999,1
art_081,AfD,Organization,-0.5433333333333333,-0.67,0.1266666666666667,3
art_081,Trump,Person,-0.81,-0.67,0.14,2
art_081,Elon Musk,Person,-0.72,-0.67,0.0499999999999999,1
art_081,Trump,Person,-0.81,-0.67,0.14,2
art_081,Merz,Person,-0.81,-0.67,0.14,2
art_081,CDU/CSU,Organization,-0.72,-0.67,0.0499999999999999,1
art_081,Merz,Person,-0.81,-0.67,0.14,2
art_081,Germany Inc.,Organization,-0.72,-0.67,0.0499999999999999,1
art_081,Trump,Person,-0.81,-0.67,0.14,2
art_081,Scholz,Person,-0.81,-0.67,0.14,2
art_081,Merz,Person,-0.81,-0.67,0.14,2
art_081,Sylvia Otto,Person,-0.72,-0.67,0.0499999999999999,1
art_081,AfD,Organization,-0.5433333333333333,-0.67,0.1266666666666667,3
art_081,Alice Weidel,Person,-0.01,-0.67,0.66,1
art_081,AfD,Organization,-0.5433333333333333,-0.67,0.1266666666666667,3
art_081,Scholz,Person,-0.81,-0.67,0.14,2
art_081,Trump,Person,-0.81,-0.67,0.14,2
art_081,Scholz,Person,-0.81,-0.67,0.14,2
art_081,SPD,Organization,-0.9,-0.67,0.2299999999999999,1
art_081,Greens,Organization,-0.9,-0.67,0.2299999999999999,1
art_081,FDP,Organization,-0.9,-0.67,0.2299999999999999,1
art_081,SPD,Organization,-0.9,-0.67,0.2299999999999999,1
art_081,Scholz,Person,-0.81,-0.67,0.14,2
art_081,AfD,Organization,-0.5433333333333333,-0.67,0.1266666666666667,3
art_081,AfD,Organization,-0.5433333333333333,-0.67,0.1266666666666667,3
art_081,Merz,Person,-0.81,-0.67,0.14,2
art_081,AfD,Organization,-0.5433333333333333,-0.67,0.1266666666666667,3
art_082,AfD party,Organization,-0.39,-0.79,0.4,1
art_082,Alternative for Germany,Organization,-0.39,-0.79,0.4,1
art_082,AfD,Organization,-0.225,-0.79,0.5650000000000001,14
art_082,AfD,Organization,-0.225,-0.79,0.5650000000000001,14
art_082,Frank Iffert,Person,0.0,-0.79,0.79,1
art_082,AfD,Organization,-0.225,-0.79,0.5650000000000001,14
art_082,Angela Merkel,Person,-0.61,-0.79,0.18,1
art_082,AfD,Organization,-0.225,-0.79,0.5650000000000001,14
art_082,AfD,Organization,-0.225,-0.79,0.5650000000000001,14
art_082,AfD,Organization,-0.225,-0.79,0.5650000000000001,14
art_082,AfD,Organization,-0.225,-0.79,0.5650000000000001,14
art_082,Enrico Schulz,Person,0.0,-0.79,0.79,1
art_082,Helmut,Person,0.0,-0.79,0.79,1
art_082,Kohl,Person,-0.43,-0.79,0.36,2
art_082,Kohl,Person,-0.43,-0.79,0.36,2
art_082,Christian Democratic Union,Organization,-0.86,-0.79,0.0699999999999999,1
art_082,CDU,Organization,-0.86,-0.79,0.0699999999999999,1
art_082,AfD,Organization,-0.225,-0.79,0.5650000000000001,14
art_082,Schulz,Person,-0.32,-0.79,0.47,4
art_082,AfD,Organization,-0.225,-0.79,0.5650000000000001,14
art_082,Schwedt,Person,-0.16,-0.79,0.63,3
art_082,Jenny Luedcke,Person,-0.17,-0.79,0.62,1
art_082,AfD,Organization,-0.225,-0.79,0.5650000000000001,14
art_082,AfD,Organization,-0.225,-0.79,0.5650000000000001,14
art_082,Schulz,Person,-0.32,-0.79,0.47,4
art_082,Manuel Steiof,Person,0.27,-0.79,1.06,1
art_082,AfD,Organization,-0.225,-0.79,0.5650000000000001,14
art_082,Hoechst chemicals group,Organization,-0.85,-0.79,0.0599999999999999,1
art_082,Sanofi-Aventis,Organization,-0.85,-0.79,0.0599999999999999,1
art_082,Merkel,Person,-0.5766666666666667,-0.79,0.2133333333333333,3
art_082,AfD,Organization,-0.225,-0.79,0.5650000000000001,14
art_082,Merkel,Person,-0.5766666666666667,-0.79,0.2133333333333333,3
art_082,AfD,Organization,-0.225,-0.79,0.5650000000000001,14
art_082,Schulz,Person,-0.32,-0.79,0.47,4
art_082,Merkel,Person,-0.5766666666666667,-0.79,0.2133333333333333,3
art_082,EU,Organization,0.0225,-0.79,0.8125,4
art_082,European Union,Organization,-0.14,-0.79,0.65,1
art_082,Karin Stieff-Kuhn,Person,-0.58,-0.79,0.21,1
art_083,AfD,Organization,-0.255,-0.87,0.615,2
art_083,Friedrich Merz,Person,-0.3,-0.87,0.5700000000000001,1
art_083,Alternative for Germany,Organization,-0.3,-0.87,0.5700000000000001,1
art_083,AfD,Organization,-0.255,-0.87,0.615,2
art_083,Friedrich Merz,Person,-0.3,-0.87,0.5700000000000001,1
art_083,Merz,Person,-0.535,-0.87,0.3349999999999999,4
art_083,Olaf Scholz,Person,-0.84,-0.87,0.03,1
art_083,Merz,Person,-0.535,-0.87,0.3349999999999999,4
art_083,AfD,Organization,-0.255,-0.87,0.615,2
art_083,Elon Musk,Person,-0.21,-0.87,0.66,1
art_083,Merz,Person,-0.535,-0.87,0.3349999999999999,4
art_084,Reuters,Organization,-0.67,-0.49,0.18,1
art_084,Alternative for Germany,Organization,-0.67,-0.49,0.18,1
art_084,AfD,Organization,-0.5566666666666666,-0.49,0.0666666666666666,3
art_084,Alice Weidel,Person,-0.09,-0.49,0.4,1
art_084,Weidel,Person,-0.5,-0.49,0.01,2
art_084,AfD,Organization,-0.5566666666666666,-0.49,0.0666666666666666,3
art_084,White House,Organization,0.99,-0.49,1.48,1
art_084,Donald Trump,Person,0.99,-0.49,1.48,1
art_084,Elon Musk,Person,0.99,-0.49,1.48,1
art_084,Gilbert Kalb,Person,-0.69,-0.49,0.1999999999999999,1
art_084,AfD,Organization,-0.5566666666666666,-0.49,0.0666666666666666,3
art_084,AfD,Organization,-0.5566666666666666,-0.49,0.0666666666666666,3
art_084,AfD,Organization,-0.5566666666666666,-0.49,0.0666666666666666,3
art_084,European Union,Organization,-0.89,-0.49,0.4,1
art_084,Bjoern Hoecke,Person,-0.89,-0.49,0.4,1
art_084,Adolf Hitler,Person,-0.89,-0.49,0.4,1
art_084,Alexander Gauland,Person,-0.89,-0.49,0.4,1
art_084,Nazis,Organization,-0.89,-0.49,0.4,2
art_084,Hoecke,Person,-0.89,-0.49,0.4,2
art_084,Angela Merkel,Person,-0.89,-0.49,0.4,1
art_084,parliament,Organization,-0.89,-0.49,0.4,1
art_084,Marine Le Pen,Person,-0.89,-0.49,0.4,1
art_084,National Rally,Organization,-0.89,-0.49,0.4,1
art_084,European Parliament,Organization,-0.89,-0.49,0.4,1
art_084,Petr Bystron,Person,-0.89,-0.49,0.4,1
art_084,Maximilian Krah,Person,-0.91,-0.49,0.42,1
art_084,Weidel,Person,-0.5,-0.49,0.01,2
art_084,Viktor Orban,Person,-0.91,-0.49,0.42,1
art_084,Matteo Salvini,Person,-0.91,-0.49,0.42,1
art_084,Geert Wilders,Person,-0.91,-0.49,0.42,1
art_085,Alternative for Germany,Organization,0.29,-0.74,1.03,1
art_085,AfD,Organization,-0.1266666666666666,-0.74,0.6133333333333333,18
art_085,AfD,Organization,-0.1266666666666666,-0.74,0.6133333333333333,18
art_085,Tino Chrupalla,Person,-0.09,-0.74,0.65,2
art_085,AfD,Organization,-0.1266666666666666,-0.74,0.6133333333333333,18
art_085,Friedrich Merz,Person,-0.21,-0.74,0.53,2
art_085,AfD,Organization,-0.1266666666666666,-0.74,0.6133333333333333,18
art_085,AfD,Organization,-0.1266666666666666,-0.74,0.6133333333333333,18
art_085,AfD,Organization,-0.1266666666666666,-0.74,0.6133333333333333,18
art_085,Tino Chrupalla,Person,-0.09,-0.74,0.65,2
art_085,Friedrich Merz,Person,-0.21,-0.74,0.53,2
art_085,AfD,Organization,-0.1266666666666666,-0.74,0.6133333333333333,18
art_085,Infratest dimap,Organization,-0.1699999999999999,-0.74,0.5700000000000001,1
art_085,AfD,Organization,-0.1266666666666666,-0.74,0.6133333333333333,18
art_085,AfD,Organization,-0.1266666666666666,-0.74,0.6133333333333333,18
art_085,Merz,Person,-0.1525,-0.74,0.5875,4
art_085,AfD,Organization,-0.1266666666666666,-0.74,0.6133333333333333,18
art_085,AfD,Organization,-0.1266666666666666,-0.74,0.6133333333333333,18
art_085,AfD,Organization,-0.1266666666666666,-0.74,0.6133333333333333,18
art_085,Celina Brychcy,Person,-0.2299999999999999,-0.74,0.51,1
art_085,Brandmauer,Person,-0.075,-0.74,0.665,2
art_085,Dominic,Person,-0.05,-0.74,0.69,1
art_085,AfD,Organization,-0.1266666666666666,-0.74,0.6133333333333333,18
art_085,AfD,Organization,-0.1266666666666666,-0.74,0.6133333333333333,18
art_085,Trump administration,Organization,0.1,-0.74,0.84,1
art_085,JD Vance,Person,0.1,-0.74,0.84,1
art_085,Elon Musk,Person,0.1,-0.74,0.84,1
art_085,AfD,Organization,-0.1266666666666666,-0.74,0.6133333333333333,18
art_085,CDU,Organization,0.03,-0.74,0.77,2
art_085,Mirko Geissler,Person,-0.0399999999999999,-0.74,0.7,1
art_085,AfD,Organization,-0.1266666666666666,-0.74,0.6133333333333333,18
art_085,Liane Bach,Person,-0.16,-0.74,0.58,1
art_085,AfD,Organization,-0.1266666666666666,-0.74,0.6133333333333333,18
art_085,CDU,Organization,0.03,-0.74,0.77,2
art_085,Phillip Amthor,Person,0.0,-0.74,0.74,1
art_085,AfD,Organization,-0.1266666666666666,-0.74,0.6133333333333333,18
art_085,AfD,Organization,-0.1266666666666666,-0.74,0.6133333333333333,18
art_085,AfD,Organization,-0.1266666666666666,-0.74,0.6133333333333333,18
art_085,Conrad Ziller,Person,-0.67,-0.74,0.0699999999999999,1
art_085,University of Duisburg-Essen,Organization,-0.67,-0.74,0.0699999999999999,1
art_086,Friedrich Merz,Person,0.42,-0.12,0.54,1
art_086,AfD,Organization,-0.05,-0.12,0.0699999999999999,4
art_086,Merz,Person,-0.0455555555555555,-0.12,0.0744444444444444,9
art_086,Donald Trump,Person,-0.315,-0.12,0.195,2
art_086,Trump,Person,-0.526,-0.12,0.406,5
art_086,NATO,Organization,0.19,-0.12,0.31,2
art_086,Merz,Person,-0.0455555555555555,-0.12,0.0744444444444444,9
art_086,CDU,Organization,-0.22,-0.12,0.1,3
art_086,CSU,Organization,-0.22,-0.12,0.1,3
art_086,Social Democrats,Organization,-0.5,-0.12,0.38,1
art_086,SPD,Organization,-0.54,-0.12,0.42,2
art_086,Olaf Scholz,Person,-0.5,-0.12,0.38,1
art_086,Alternative for Germany,Organization,-0.48,-0.12,0.36,1
art_086,AfD,Organization,-0.05,-0.12,0.0699999999999999,4
art_086,Merz,Person,-0.0455555555555555,-0.12,0.0744444444444444,9
art_086,Angela Merkel,Person,-0.36,-0.12,0.24,1
art_086,AfD,Organization,-0.05,-0.12,0.0699999999999999,4
art_086,Nazi,Organization,-0.03,-0.12,0.09,1
art_086,AfD,Organization,-0.05,-0.12,0.0699999999999999,4
art_086,Trump,Person,-0.526,-0.12,0.406,5
art_086,Alice Weidel,Person,0.05,-0.12,0.1699999999999999,1
art_086,CDU/CSU,Organization,-0.225,-0.12,0.105,2
art_086,Merz,Person,-0.0455555555555555,-0.12,0.0744444444444444,9
art_086,Scholz,Person,-0.3833333333333333,-0.12,0.2633333333333333,3
art_086,Trump,Person,-0.526,-0.12,0.406,5
art_086,administration,Organization,-1.0,-0.12,0.88,1
art_086,Trump,Person,-0.526,-0.12,0.406,5
art_086,Vladimir Putin,Person,-0.89,-0.12,0.77,1
art_086,Donald Trump,Person,-0.315,-0.12,0.195,2
art_086,Merz,Person,-0.0455555555555555,-0.12,0.0744444444444444,9
art_086,Merz,Person,-0.0455555555555555,-0.12,0.0744444444444444,9
art_086,SPD,Organization,-0.54,-0.12,0.42,2
art_086,Scholz,Person,-0.3833333333333333,-0.12,0.2633333333333333,3
art_086,Merz,Person,-0.0455555555555555,-0.12,0.0744444444444444,9
art_086,Greens,Organization,-0.21,-0.12,0.09,1
art_086,CDU,Organization,-0.22,-0.12,0.1,3
art_086,CSU,Organization,-0.22,-0.12,0.1,3
art_086,Merz,Person,-0.0455555555555555,-0.12,0.0744444444444444,9
art_086,Emmanuel Macron,Person,0.17,-0.12,0.29,1
art_086,Macron,Person,0.17,-0.12,0.29,1
art_086,Volodymyr Zelensky,Person,0.08,-0.12,0.2,1
art_086,Zelensky,Person,0.08,-0.12,0.2,1
art_086,X,Organization,0.374,-0.12,0.494,5
art_086,NATO,Organization,0.19,-0.12,0.31,2
art_086,Mark Rutte,Person,0.88,-0.12,1.0,1
art_086,Twitter,Organization,0.88,-0.12,1.0,1
art_086,Keir Starmer,Person,0.85,-0.12,0.97,1
art_086,Merz,Person,-0.0455555555555555,-0.12,0.0744444444444444,9
art_086,Starmer,Person,0.85,-0.12,0.97,1
art_086,X,Organization,0.374,-0.12,0.494,5
art_086,Merz,Person,-0.0455555555555555,-0.12,0.0744444444444444,9
art_087,Alternative for Germany,Organization,-0.8,-0.53,0.27,1
art_087,AfD,Organization,-0.1883333333333333,-0.53,0.3416666666666667,12
art_087,AfD,Organization,-0.1883333333333333,-0.53,0.3416666666666667,12
art_087,parliament,Organization,0.085,-0.53,0.615,2
art_087,Bundestag,Organization,-0.2299999999999999,-0.53,0.3,2
art_087,AfD,Organization,-0.1883333333333333,-0.53,0.3416666666666667,12
art_087,AfD,Organization,-0.1883333333333333,-0.53,0.3416666666666667,12
art_087,Alice Weidel,Person,0.0,-0.53,0.53,1
art_087,Christian Democratic Union,Organization,-0.23,-0.53,0.3,1
art_087,CDU,Organization,-0.23,-0.53,0.3,1
art_087,Friedrich Merz,Person,-0.23,-0.53,0.3,1
art_087,Trump administration,Organization,-0.23,-0.53,0.3,1
art_087,AfD,Organization,-0.1883333333333333,-0.53,0.3416666666666667,12
art_087,Merz,Person,-0.2033333333333333,-0.53,0.3266666666666666,3
art_087,AfD,Organization,-0.1883333333333333,-0.53,0.3416666666666667,12
art_087,Bundestag,Organization,-0.2299999999999999,-0.53,0.3,2
art_087,AfD,Organization,-0.1883333333333333,-0.53,0.3416666666666667,12
art_087,AfD,Organization,-0.1883333333333333,-0.53,0.3416666666666667,12
art_087,AfD,Organization,-0.1883333333333333,-0.53,0.3416666666666667,12
art_087,Gemma Loomes,Person,0.01,-0.53,0.54,1
art_087,Keele University,Organization,0.01,-0.53,0.54,1
art_087,Loomes,Person,-0.22,-0.53,0.31,2
art_087,AfD,Organization,-0.1883333333333333,-0.53,0.3416666666666667,12
art_087,AfD,Organization,-0.1883333333333333,-0.53,0.3416666666666667,12
art_087,Young Alternative,Organization,0.04,-0.53,0.5700000000000001,1
art_087,JA,Organization,-0.01,-0.53,0.52,2
art_087,CNN,Organization,0.04,-0.53,0.5700000000000001,1
art_087,Merz,Person,-0.2033333333333333,-0.53,0.3266666666666666,3
art_087,AfD,Organization,-0.1883333333333333,-0.53,0.3416666666666667,12
art_088,David,Person,-0.6,-0.86,0.26,3
art_088,CDU/CSU,Organization,-0.34,-0.86,0.52,3
art_088,Alternative für Deutschland,Organization,-1.0,-0.86,0.14,1
art_088,AfD,Organization,-0.434,-0.86,0.426,10
art_088,David,Person,-0.6,-0.86,0.26,3
art_088,CDU,Organization,-0.1999999999999999,-0.86,0.66,7
art_088,David,Person,-0.6,-0.86,0.26,3
art_088,CDU,Organization,-0.1999999999999999,-0.86,0.66,7
art_088,AfD,Organization,-0.434,-0.86,0.426,10
art_088,CDU,Organization,-0.1999999999999999,-0.86,0.66,7
art_088,Friedrich Merz,Person,-0.41,-0.86,0.45,1
art_088,AfD,Organization,-0.434,-0.86,0.426,10
art_088,AfD,Organization,-0.434,-0.86,0.426,10
art_088,CDU/CSU bloc,Organization,-0.495,-0.86,0.365,2
art_088,AfD,Organization,-0.434,-0.86,0.426,10
art_088,Gian Mecheril,Person,0.01,-0.86,0.87,1
art_088,conservative party,Organization,0.0399999999999999,-0.86,0.9,1
art_088,Merz,Person,-0.4066666666666667,-0.86,0.4533333333333333,3
art_088,AfD,Organization,-0.434,-0.86,0.426,10
art_088,Flo,Person,-0.09,-0.86,0.77,1
art_088,Ella,Person,-0.05,-0.86,0.8099999999999999,1
art_088,CDU,Organization,-0.1999999999999999,-0.86,0.66,7
art_088,AfD,Organization,-0.434,-0.86,0.426,10
art_088,AfD,Organization,-0.434,-0.86,0.426,10
art_088,Alice Weidel,Person,-0.87,-0.86,0.01,1
art_088,AfD,Organization,-0.434,-0.86,0.426,10
art_088,Willi Schultz,Person,-0.98,-0.86,0.12,1
art_088,Antonio Gramsci,Person,-0.98,-0.86,0.12,1
art_088,AfD,Organization,-0.434,-0.86,0.426,10
art_088,Elon Musk,Person,-0.98,-0.86,0.12,1
art_088,AfD,Organization,-0.434,-0.86,0.426,10
art_088,Charlotte,Person,-0.0399999999999999,-0.86,0.82,2
art_088,Social Democrats,Organization,0.0199999999999999,-0.86,0.88,1
art_088,Greens,Organization,-0.005,-0.86,0.855,2
art_088,Charlotte,Person,-0.0399999999999999,-0.86,0.82,2
art_088,AfD,Organization,-0.434,-0.86,0.426,10
art_088,CDU/CSU,Organization,-0.34,-0.86,0.52,3
art_088,Greens,Organization,-0.005,-0.86,0.855,2
art_088,Die Linke,Organization,-0.03,-0.86,0.83,1
art_089,AfD,Organization,-0.0494736842105263,-0.04,0.0094736842105263,19
art_089,AfD,Organization,-0.0494736842105263,-0.04,0.0094736842105263,19
art_089,Alternative for Germany,Organization,0.06,-0.04,0.1,1
art_089,AfD,Organization,-0.0494736842105263,-0.04,0.0094736842105263,19
art_089,Bundestag,Organization,0.0175,-0.04,0.0575,4
art_089,Christian Democratic Union,Organization,0.69,-0.04,0.73,1
art_089,CDU,Organization,0.4466666666666667,-0.04,0.4866666666666667,3
art_089,Christian Social Union,Organization,0.69,-0.04,0.73,1
art_089,CDU,Organization,0.4466666666666667,-0.04,0.4866666666666667,3
art_089,AfD,Organization,-0.0494736842105263,-0.04,0.0094736842105263,19
art_089,AfD,Organization,-0.0494736842105263,-0.04,0.0094736842105263,19
art_089,NATO,Organization,-0.73,-0.04,0.69,1
art_089,AfD,Organization,-0.0494736842105263,-0.04,0.0094736842105263,19
art_089,Alice Weidel,Person,-0.36,-0.04,0.32,2
art_089,Alice Weidel,Person,-0.36,-0.04,0.32,2
art_089,AfD,Organization,-0.0494736842105263,-0.04,0.0094736842105263,19
art_089,AfD,Organization,-0.0494736842105263,-0.04,0.0094736842105263,19
art_089,Weidel,Person,-0.344,-0.04,0.304,5
art_089,Weidel,Person,-0.344,-0.04,0.304,5
art_089,Elon Musk,Person,-0.1399999999999999,-0.04,0.0999999999999999,1
art_089,Weidel,Person,-0.344,-0.04,0.304,5
art_089,AfD,Organization,-0.0494736842105263,-0.04,0.0094736842105263,19
art_089,AfD,Organization,-0.0494736842105263,-0.04,0.0094736842105263,19
art_089,AfD,Organization,-0.0494736842105263,-0.04,0.0094736842105263,19
art_089,Bundestag,Organization,0.0175,-0.04,0.0575,4
art_089,Bundestag,Organization,0.0175,-0.04,0.0575,4
art_089,German parliament,Organization,0.0499999999999999,-0.04,0.09,1
art_089,Angela Merkel,Person,0.0499999999999999,-0.04,0.09,1
art_089,AfD,Organization,-0.0494736842105263,-0.04,0.0094736842105263,19
art_089,Bundestag,Organization,0.0175,-0.04,0.0575,4
art_089,AfD,Organization,-0.0494736842105263,-0.04,0.0094736842105263,19
art_089,AfD,Organization,-0.0494736842105263,-0.04,0.0094736842105263,19
art_089,AfD,Organization,-0.0494736842105263,-0.04,0.0094736842105263,19
art_089,AfD,Organization,-0.0494736842105263,-0.04,0.0094736842105263,19
art_089,AfD,Organization,-0.0494736842105263,-0.04,0.0094736842105263,19
art_089,AfD,Organization,-0.0494736842105263,-0.04,0.0094736842105263,19
art_089,Left party,Organization,-0.0099999999999999,-0.04,0.03,1
art_089,Socialist Unity Party,Organization,0.01,-0.04,0.05,1
art_089,AfD,Organization,-0.0494736842105263,-0.04,0.0094736842105263,19
art_089,AfD,Organization,-0.0494736842105263,-0.04,0.0094736842105263,19
art_089,CDU,Organization,0.4466666666666667,-0.04,0.4866666666666667,3
art_089,CSU,Organization,0.66,-0.04,0.7000000000000001,1
art_089,Social Democratic Party,Organization,0.66,-0.04,0.7000000000000001,1
art_089,SPD,Organization,0.66,-0.04,0.7000000000000001,1
art_089,CDU,Organization,0.4466666666666667,-0.04,0.4866666666666667,3
art_089,Friedrich Merz,Person,0.66,-0.04,0.7000000000000001,1
art_090,Musk,Person,-0.216,-0.21,0.006,5
art_090,AfD,Organization,0.155,-0.21,0.365,10
art_090,Elon Musk,Person,0.15,-0.21,0.36,2
art_090,Alternative for Germany,Organization,0.26,-0.21,0.47,1
art_090,AfD,Organization,0.155,-0.21,0.365,10
art_090,Social Democrats,Organization,-0.0499999999999999,-0.21,0.16,1
art_090,SPD,Organization,0.0,-0.21,0.21,2
art_090,Olaf Scholz,Person,-0.0499999999999999,-0.21,0.16,1
art_090,Tesla,Organization,-0.12,-0.21,0.0899999999999999,1
art_090,Space X,Organization,-0.12,-0.21,0.0899999999999999,1
art_090,AfD,Organization,0.155,-0.21,0.365,10
art_090,AfD,Organization,0.155,-0.21,0.365,10
art_090,Musk,Person,-0.216,-0.21,0.006,5
art_090,AfD,Organization,0.155,-0.21,0.365,10
art_090,AfD,Organization,0.155,-0.21,0.365,10
art_090,Adolf Hitler,Person,0.67,-0.21,0.88,1
art_090,AfD,Organization,0.155,-0.21,0.365,10
art_090,Musk,Person,-0.216,-0.21,0.006,5
art_090,AfD,Organization,0.155,-0.21,0.365,10
art_090,AfD,Organization,0.155,-0.21,0.365,10
art_090,Elon Musk,Person,0.15,-0.21,0.36,2
art_090,elonmusk,Person,0.04,-0.21,0.25,1
art_090,Musk,Person,-0.216,-0.21,0.006,5
art_090,AfD,Organization,0.155,-0.21,0.365,10
art_090,Alice Weidel,Person,0.04,-0.21,0.25,1
art_090,Die Welt,Organization,0.25,-0.21,0.4599999999999999,1
art_090,Scholz,Person,-0.4024999999999999,-0.21,0.1924999999999999,4
art_090,Dani Dayan,Person,-0.97,-0.21,0.76,1
art_090,Musk,Person,-0.216,-0.21,0.006,5
art_090,Scholz,Person,-0.4024999999999999,-0.21,0.1924999999999999,4
art_090,AfD,Organization,0.155,-0.21,0.365,10
art_090,Christian Democratic Union,Organization,0.01,-0.21,0.22,1
art_090,CDU,Organization,0.01,-0.21,0.22,1
art_090,Christian Social Union,Organization,0.01,-0.21,0.22,1
art_090,CSU,Organization,0.01,-0.21,0.22,1
art_090,Scholz,Person,-0.4024999999999999,-0.21,0.1924999999999999,4
art_090,SPD,Organization,0.0,-0.21,0.21,2
art_091,Friedrich Merz,Person,-0.04,0.82,0.86,2
art_091,Christian Democratic Union,Organization,0.04,0.82,0.7799999999999999,2
art_091,CDU,Organization,0.0199999999999999,0.82,0.7999999999999999,4
art_091,Christian Social Union,Organization,0.04,0.82,0.7799999999999999,2
art_091,CSU,Organization,0.0666666666666666,0.82,0.7533333333333333,3
art_091,CDU,Organization,0.0199999999999999,0.82,0.7999999999999999,4
art_091,VCG,Organization,0.04,0.82,0.7799999999999999,1
art_091,Christian Democratic Union,Organization,0.04,0.82,0.7799999999999999,2
art_091,CDU,Organization,0.0199999999999999,0.82,0.7999999999999999,4
art_091,Christian Social Union,Organization,0.04,0.82,0.7799999999999999,2
art_091,CSU,Organization,0.0666666666666666,0.82,0.7533333333333333,3
art_091,Xinhua News Agency,Organization,0.04,0.82,0.7799999999999999,1
art_091,Lin Jian,Person,0.04,0.82,0.7799999999999999,1
art_091,EU,Organization,0.0641666666666666,0.82,0.7558333333333332,12
art_091,EU,Organization,0.0641666666666666,0.82,0.7558333333333332,12
art_091,EU,Organization,0.0641666666666666,0.82,0.7558333333333332,12
art_091,EU,Organization,0.0641666666666666,0.82,0.7558333333333332,12
art_091,Lin,Person,0.245,0.82,0.575,4
art_091,CDU/CSU,Organization,0.12,0.82,0.7,1
art_091,Alternative for Germany,Organization,0.12,0.82,0.7,1
art_091,AfD,Organization,0.1666666666666666,0.82,0.6533333333333333,3
art_091,Social Democratic Party,Organization,0.12,0.82,0.7,1
art_091,SPD,Organization,0.12,0.82,0.7,1
art_091,Xinhua,Organization,0.0866666666666666,0.82,0.7333333333333333,3
art_091,ARD,Organization,0.12,0.82,0.7,1
art_091,Greens,Organization,-0.01,0.82,0.83,1
art_091,Die Linke,Organization,-0.01,0.82,0.83,1
art_091,Free Democratic Party,Organization,0.0,0.82,0.82,1
art_091,FDP,Organization,0.0,0.82,0.82,1
art_091,Sahra Wagenknecht Alliance,Organization,0.0,0.82,0.82,1
art_091,BSW,Organization,0.0,0.82,0.82,1
art_091,Bundestag,Organization,0.05,0.82,0.7699999999999999,2
art_091,Bundestag,Organization,0.05,0.82,0.7699999999999999,2
art_091,Xinhua,Organization,0.0866666666666666,0.82,0.7333333333333333,3
art_091,CDU,Organization,0.0199999999999999,0.82,0.7999999999999999,4
art_091,Friedrich Merz,Person,-0.04,0.82,0.86,2
art_091,Deutsche Welle,Organization,-0.12,0.82,0.94,1
art_091,AfD,Organization,0.1666666666666666,0.82,0.6533333333333333,3
art_091,Olaf Scholz,Person,-0.42,0.82,1.24,1
art_091,Reuters,Organization,0.005,0.82,0.815,4
art_091,Merz,Person,-0.0914285714285714,0.82,0.9114285714285714,7
art_091,Donald Trump,Person,-0.14,0.82,0.96,1
art_091,Financial Times,Organization,-0.14,0.82,0.96,1
art_091,Trump,Person,0.33,0.82,0.4899999999999999,2
art_091,AfD,Organization,0.1666666666666666,0.82,0.6533333333333333,3
art_091,Reuters,Organization,0.005,0.82,0.815,4
art_091,Merz,Person,-0.0914285714285714,0.82,0.9114285714285714,7
art_091,DPA,Organization,0.02,0.82,0.7999999999999999,1
art_091,Jiang Feng,Person,-0.01,0.82,0.83,1
art_091,Shanghai International Studies University,Organization,-0.01,0.82,0.83,1
art_091,Shanghai Association of Regional and Country Studies,Organization,-0.01,0.82,0.83,1
art_091,Global Times,Organization,-0.005,0.82,0.825,2
art_091,Merz,Person,-0.0914285714285714,0.82,0.9114285714285714,7
art_091,Jiang,Person,-0.07,0.82,0.8899999999999999,3
art_091,Reuters,Organization,0.005,0.82,0.815,4
art_091,Merz,Person,-0.0914285714285714,0.82,0.9114285714285714,7
art_091,European Union,Organization,-0.35,0.82,1.17,1
art_091,Reuters,Organization,0.005,0.82,0.815,4
art_091,Dong Yifan,Person,0.0,0.82,0.82,1
art_091,Xinjiang University,Organization,0.0,0.82,0.82,1
art_091,Global Times,Organization,-0.005,0.82,0.825,2
art_091,Dong,Person,-0.005,0.82,0.825,2
art_092,CDU/CSU,Organization,0.05,0.63,0.58,4
art_092,Xinhua,Organization,0.03,0.63,0.6,1
art_092,Christian Democratic Union,Organization,0.03,0.63,0.6,1
art_092,CDU,Organization,0.05,0.63,0.58,4
art_092,Christian Social Union,Organization,0.03,0.63,0.6,1
art_092,CSU,Organization,0.05,0.63,0.58,4
art_092,ARD,Organization,-0.0024999999999999,0.63,0.6325,4
art_092,ARD,Organization,-0.0024999999999999,0.63,0.6325,4
art_092,CDU/CSU,Organization,0.05,0.63,0.58,4
art_092,Alternative for Germany,Organization,0.09,0.63,0.54,1
art_092,AfD,Organization,-0.002,0.63,0.632,5
art_092,Social Democratic Party,Organization,-0.21,0.63,0.8400000000000001,2
art_092,SPD,Organization,-0.0566666666666666,0.63,0.6866666666666666,3
art_092,Greens,Organization,-0.01,0.63,0.64,1
art_092,Die Linke,Organization,-0.01,0.63,0.64,1
art_092,Free Democratic Party,Organization,0.0,0.63,0.63,1
art_092,FDP,Organization,-0.0433333333333333,0.63,0.6733333333333333,3
art_092,Sahra Wagenknecht Alliance,Organization,0.0,0.63,0.63,1
art_092,BSW,Organization,0.0,0.63,0.63,1
art_092,Bundestag,Organization,0.11,0.63,0.52,2
art_092,Bundestag,Organization,0.11,0.63,0.52,2
art_092,ARD,Organization,-0.0024999999999999,0.63,0.6325,4
art_092,Friedrich Merz,Person,0.04,0.63,0.59,1
art_092,CDU/CSU,Organization,0.05,0.63,0.58,4
art_092,Merz,Person,0.0699999999999999,0.63,0.56,5
art_092,Olaf Scholz,Person,-0.08,0.63,0.71,1
art_092,SPD,Organization,-0.0566666666666666,0.63,0.6866666666666666,3
art_092,Social Democratic Party,Organization,-0.21,0.63,0.8400000000000001,2
art_092,Scholz,Person,-0.2566666666666666,0.63,0.8866666666666667,3
art_092,Christian Lindner,Person,0.0499999999999999,0.63,0.58,1
art_092,FDP,Organization,-0.0433333333333333,0.63,0.6733333333333333,3
art_092,FDP,Organization,-0.0433333333333333,0.63,0.6733333333333333,3
art_092,Scholz,Person,-0.2566666666666666,0.63,0.8866666666666667,3
art_092,SPD,Organization,-0.0566666666666666,0.63,0.6866666666666666,3
art_092,AfD,Organization,-0.002,0.63,0.632,5
art_092,Alice Weidel,Person,0.04,0.63,0.59,1
art_092,AfD,Organization,-0.002,0.63,0.632,5
art_092,AfD,Organization,-0.002,0.63,0.632,5
art_092,CDU/CSU,Organization,0.05,0.63,0.58,4
art_092,Merz,Person,0.0699999999999999,0.63,0.56,5
art_092,AfD,Organization,-0.002,0.63,0.632,5
art_092,AfD,Organization,-0.002,0.63,0.632,5
art_092,Merz,Person,0.0699999999999999,0.63,0.56,5
art_092,ARD,Organization,-0.0024999999999999,0.63,0.6325,4
art_092,ZDF,Organization,-0.18,0.63,0.81,1
art_092,Merz,Person,0.0699999999999999,0.63,0.56,5
art_092,Trump administration,Organization,-0.18,0.63,0.81,1
art_093,Reuters,Organization,-0.52,-0.82,0.2999999999999999,3
art_093,Global Sumud Flotilla,Organization,-0.96,-0.82,0.14,1
art_093,GSF,Organization,-0.506,-0.82,0.3139999999999999,5
art_093,interior ministry,Organization,-0.96,-0.82,0.14,1
art_093,GSF,Organization,-0.506,-0.82,0.3139999999999999,5
art_093,Greta Thunberg,Person,-0.73,-0.82,0.0899999999999999,1
art_093,Mariana Mortagua,Person,-0.73,-0.82,0.0899999999999999,1
art_093,GSF,Organization,-0.506,-0.82,0.3139999999999999,5
art_093,X,Organization,-0.845,-0.82,0.025,2
art_093,Reuters,Organization,-0.52,-0.82,0.2999999999999999,3
art_093,Hamas,Organization,-0.845,-0.82,0.025,4
art_093,ministry,Organization,-0.96,-0.82,0.14,2
art_093,Hamas,Person,-0.845,-0.82,0.025,4
art_093,Israeli naval forces,Organization,-0.91,-0.82,0.09,1
art_093,Hamas,Person,-0.845,-0.82,0.025,4
art_093,GSF,Organization,-0.506,-0.82,0.3139999999999999,5
art_093,GSF,Organization,-0.506,-0.82,0.3139999999999999,5
art_093,United Nations,Organization,0.13,-0.82,0.95,1
art_093,Francesca Albanese,Person,0.13,-0.82,0.95,1
art_093,Reuters,Organization,-0.52,-0.82,0.2999999999999999,3
art_094,Greta Thunberg,Person,-0.8,-0.71,0.09,1
art_094,Global Sumud Flotilla,Organization,-0.07,-0.71,0.6399999999999999,1
art_094,GSF,Organization,0.104,-0.71,0.814,5
art_094,GSF,Organization,0.104,-0.71,0.814,5
art_094,GSF,Organization,0.104,-0.71,0.814,5
art_094,Thunberg,Person,-0.435,-0.71,0.2749999999999999,4
art_094,’s interior ministry,Organization,-0.74,-0.71,0.03,1
art_094,Miguel Duarte,Person,-0.11,-0.71,0.6,1
art_094,Duarte,Person,-0.0849999999999999,-0.71,0.625,2
art_094,GSF,Organization,0.104,-0.71,0.814,5
art_094,Thunberg,Person,-0.435,-0.71,0.2749999999999999,4
art_094,Mariana Mortágua,Person,-0.01,-0.71,0.7,1
art_094,Francesca Albanese,Person,-0.77,-0.71,0.06,1
art_094,UN,Organization,-0.29625,-0.71,0.4137499999999999,16
art_094,Hamas,Organization,-0.754,-0.71,0.044,5
art_094,Hamas,Organization,-0.754,-0.71,0.044,5
art_094,ministry,Organization,-0.86,-0.71,0.15,2
art_094,Hamas,Person,-0.754,-0.71,0.044,5
art_094,Israeli naval forces,Organization,-0.86,-0.71,0.15,1
art_094,Thunberg,Person,-0.435,-0.71,0.2749999999999999,4
art_094,Hamas,Person,-0.754,-0.71,0.044,5
art_094,Freedom Flotilla,Organization,-0.55,-0.71,0.1599999999999999,1
art_094,GSF,Organization,0.104,-0.71,0.814,5
art_094,Ghassen Henchiri,Person,0.06,-0.71,0.77,1
art_094,Nadir al-Nuri,Person,0.0,-0.71,0.71,1
art_095,Global Sumud Flotilla,Organization,0.0,-0.82,0.82,2
art_095,GSF,Organization,0.01,-0.82,0.83,1
art_095,Melanie Schweizer,Person,-0.03,-0.82,0.7899999999999999,1
art_095,Agence France-Presse,Organization,-0.03,-0.82,0.7899999999999999,1
art_095,AFP,Organization,-0.6466666666666666,-0.82,0.1733333333333333,3
art_095,Greta Thunberg,Person,0.0,-0.82,0.82,2
art_095,Miguel Duarte,Person,-0.29,-0.82,0.53,1
art_095,Duarte,Person,-0.18,-0.82,0.6399999999999999,2
art_095,AFP,Organization,-0.6466666666666666,-0.82,0.1733333333333333,3
art_095,State,Organization,-0.595,-0.82,0.2249999999999999,2
art_095,Tunisian national guard,Organization,-0.96,-0.82,0.14,1
art_095,Houcem Eddine Jebabli,Person,-0.96,-0.82,0.14,1
art_095,AFP,Organization,-0.6466666666666666,-0.82,0.1733333333333333,3
art_095,Henchiri,Person,-0.51,-0.82,0.3099999999999999,1
art_095,Francesca Albanese,Person,-0.51,-0.82,0.3099999999999999,1
art_095,United Nations,Organization,-0.51,-0.82,0.3099999999999999,1
art_095,Global Sumud Flotilla,Organization,0.0,-0.82,0.82,2
art_095,Greta Thunberg,Person,0.0,-0.82,0.82,2
art_095,European Parliament,Organization,0.06,-0.82,0.8799999999999999,1
art_095,Rima Hassan,Person,0.06,-0.82,0.8799999999999999,1
art_096,Global Sumud Flotilla,Organization,-0.61,-0.77,0.16,1
art_096,GSF,Organization,-0.4766666666666666,-0.77,0.2933333333333334,3
art_096,interior ministry,Organization,-0.93,-0.77,0.16,1
art_096,GSF,Organization,-0.4766666666666666,-0.77,0.2933333333333334,3
art_096,Greta Thunberg,Person,-0.13,-0.77,0.64,1
art_096,Mariana Mortagua,Person,-0.13,-0.77,0.64,1
art_096,GSF,Organization,-0.4766666666666666,-0.77,0.2933333333333334,3
art_096,Reuters,Organization,-0.1,-0.77,0.67,1
art_097,Tunisian Interior Ministry,Organization,-0.26,-0.48,0.2199999999999999,1
art_097,Reuters,Organization,-0.26,-0.48,0.2199999999999999,1
art_097,Global Sumud Flotilla,Organization,-0.53,-0.48,0.05,1
art_097,GSF,Organization,-0.53,-0.48,0.05,1
art_097,Greta Thunberg,Person,0.0,-0.48,0.48,1
art_097,Miguel Duarte,Person,-0.13,-0.48,0.35,1
art_097,Duarte,Person,-0.165,-0.48,0.3149999999999999,2
art_097,FOX NEWS,Organization,0.05,-0.48,0.53,1
art_097,Hamas,Organization,-0.2666666666666666,-0.48,0.2133333333333333,3
art_098,Flotilla,Organization,-0.3999999999999999,-0.82,0.42,6
art_098,Gaza,Organization,-0.69875,-0.82,0.1212499999999999,8
art_098,Global Sumud Flotilla,Organization,-0.425,-0.82,0.3949999999999999,2
art_098,GSF,Organization,-0.505,-0.82,0.3149999999999999,4
art_098,GSF,Organization,-0.505,-0.82,0.3149999999999999,4
art_098,Tunisian Coast Guard,Organization,-0.45,-0.82,0.3699999999999999,1
art_098,Reuters,Organization,-0.174,-0.82,0.6459999999999999,5
art_098,Saif Abukeshek,Person,-0.0199999999999999,-0.82,0.7999999999999999,1
art_098,GSF,Organization,-0.505,-0.82,0.3149999999999999,4
art_098,Reuters,Organization,-0.174,-0.82,0.6459999999999999,5
art_098,Israeli military,Organization,-0.66,-0.82,0.1599999999999999,1
art_098,Instagram,Organization,-0.2,-0.82,0.6199999999999999,1
art_098,Reuters,Organization,-0.174,-0.82,0.6459999999999999,5
art_098,Reuters,Organization,-0.174,-0.82,0.6459999999999999,5
art_098,Greta Thunberg,Person,0.03,-0.82,0.85,1
art_098,Mariana Mortagua,Person,0.03,-0.82,0.85,1
art_098,Hamas,Person,-0.782,-0.82,0.0379999999999999,5
art_098,Hamas,Organization,-0.782,-0.82,0.0379999999999999,5
art_098,ministry,Organization,-0.95,-0.82,0.13,1
art_098,Hamas,Person,-0.782,-0.82,0.0379999999999999,5
art_098,Israeli naval forces,Organization,-0.9,-0.82,0.08,1
art_098,Hamas,Person,-0.782,-0.82,0.0379999999999999,5
art_098,GSF,Organization,-0.505,-0.82,0.3149999999999999,4
art_098,REUTERS,Organization,-0.174,-0.82,0.6459999999999999,5
art_099,Global Sumud Flotilla,Organization,-0.36,-0.77,0.41,2
art_099,GSF,Organization,-0.15,-0.77,0.62,1
art_099,AFP,Organization,-0.675,-0.77,0.0949999999999999,3
art_099,Tunisian national guard,Organization,-0.78,-0.77,0.01,1
art_099,Houcem Eddine Jebabli,Person,-0.78,-0.77,0.01,1
art_099,AFP,Organization,-0.675,-0.77,0.0949999999999999,3
art_099,national guard,Organization,-0.675,-0.77,0.0949999999999999,2
art_099,Facebook,Organization,-0.57,-0.77,0.2,1
art_099,Thiago Avila,Person,-0.57,-0.77,0.2,1
art_099,Instagram,Organization,-0.57,-0.77,0.2,1
art_099,Israeli military,Organization,-0.57,-0.77,0.2,1
art_099,AFP,Organization,-0.675,-0.77,0.0949999999999999,3
art_099,Francesca Albanese,Person,-0.57,-0.77,0.2,1
art_099,UN,Organization,-0.61,-0.77,0.16,4
art_099,Global Sumud Flotilla,Organization,-0.36,-0.77,0.41,2
art_099,Greta Thunberg,Person,-0.94,-0.77,0.1699999999999999,1
art_099,United Nations,Organization,-0.94,-0.77,0.1699999999999999,1
art_100,Israeli Defense Forces,Organization,-0.93,-0.9,0.03,1
art_100,Israeli special forces,Organization,-1.0,-0.9,0.0999999999999999,1
art_100,Mandla Mandela,Person,-0.08,-0.9,0.8200000000000001,1
art_100,Nelson Mandela,Person,-0.525,-0.9,0.375,2
art_100,Mandela,Person,-0.4466666666666666,-0.9,0.4533333333333334,3
art_100,Fatima Hendricks,Person,-0.97,-0.9,0.0699999999999999,1
art_100,Nelson Mandela,Person,-0.525,-0.9,0.375,2
art_100,Global Sumud,Organization,-0.4075,-0.9,0.4925,4
art_100,UN,Organization,-0.7000000000000001,-0.9,0.1999999999999999,11
art_100,Jared Sacks,Person,-0.24,-0.9,0.66,1
art_100,Israeli army,Organization,-0.84,-0.9,0.06,1
art_100,Sacks,Person,-0.632,-0.9,0.268,5
art_100,Daily Maverick,Organization,-0.84,-0.9,0.06,1
art_100,Raeez Moola,Person,-0.78,-0.9,0.12,1
art_100,Zukisa Wanner,Person,0.0,-0.9,0.9,1
art_100,Sacks,Person,-0.632,-0.9,0.268,5
art_100,Sacks,Person,-0.632,-0.9,0.268,5
art_100,Sacks,Organization,-0.632,-0.9,0.268,5
art_100,Basheerah Soomar,Person,-0.1,-0.9,0.8,1
art_101,Israeli Navy,Organization,-0.31,-0.63,0.32,1
art_101,Israeli naval forces,Organization,-0.8200000000000001,-0.63,0.19,2
art_101,Foreign Ministry,Organization,-0.65,-0.63,0.02,2
art_101,Greta Thunberg,Person,-0.54,-0.63,0.0899999999999999,1
art_101,Greta,Person,0.1833333333333333,-0.63,0.8133333333333334,3
art_101,Hamas-Sumud,Organization,-0.81,-0.63,0.18,1
art_101,Greta,Person,0.1833333333333333,-0.63,0.8133333333333334,3
art_101,Israel Foreign Ministry,Organization,-0.76,-0.63,0.13,1
art_101,IsraelMFA,Organization,-0.76,-0.63,0.13,1
art_101,Israeli naval forces,Organization,-0.8200000000000001,-0.63,0.19,2
art_101,Global Sumud Flotilla Commentary,Organization,-0.86,-0.63,0.2299999999999999,1
art_101,GlobalSumudF,Organization,-0.86,-0.63,0.2299999999999999,1
art_101,Saif Abukeshek,Person,-0.86,-0.63,0.2299999999999999,1
art_101,Hamas,Organization,-0.9,-0.63,0.27,2
art_102,Israeli,Organization,-0.573,-0.76,0.187,10
art_102,Greta Thunberg,Person,-0.175,-0.76,0.585,2
art_102,Israeli navy,Organization,-0.725,-0.76,0.035,2
art_102,Israeli military,Organization,-0.89,-0.76,0.13,2
art_102,Global Sumud Flotilla,Organization,-0.135,-0.76,0.625,2
art_102,Ministry of Foreign Affairs,Organization,-0.525,-0.76,0.235,2
art_102,Greta Thunberg,Person,-0.175,-0.76,0.585,2
art_102,Thunberg,Person,-0.1166666666666666,-0.76,0.6433333333333333,3
art_102,Israeli navy,Organization,-0.725,-0.76,0.035,2
art_102,Deir Yassin,Person,0.0,-0.76,0.76,1
art_102,Mali,Person,0.0,-0.76,0.76,1
art_102,Yulara,Person,-0.14,-0.76,0.62,1
art_102,Meteque,Person,-0.14,-0.76,0.62,1
art_102,Israeli military,Organization,-0.89,-0.76,0.13,2
art_102,Global Sumud Flotilla,Organization,-0.135,-0.76,0.625,2
art_102,Leila Hegazy,Person,-0.96,-0.76,0.1999999999999999,1
art_102,Israeli occupation forces,Organization,-0.96,-0.76,0.1999999999999999,1
art_102,Hassan Jabareen,Person,-0.25,-0.76,0.51,1
art_102,Adalah,Organization,-0.25,-0.76,0.51,1
art_102,Al Jazeera,Organization,-0.25,-0.76,0.51,1
art_102,Jabareen,Person,-0.14,-0.76,0.62,2
art_102,United Nations,Organization,-0.22,-0.76,0.54,1
art_102,Danny Danon,Person,-0.22,-0.76,0.54,1
art_102,Ministry of Foreign Affairs,Organization,-0.525,-0.76,0.235,2
art_102,Israeli,Organization,-0.573,-0.76,0.187,10
art_102,Antonio Tajani,Person,-0.01,-0.76,0.75,1
art_102,TV Rai,Organization,-0.61,-0.76,0.15,1
art_102,Sumud Flotilla,Organization,-0.212,-0.76,0.548,5
art_103,Israeli military,Organization,-0.715,-0.79,0.075,2
art_103,Greta Thunberg,Person,-0.7,-0.79,0.09,1
art_103,Global Sumud Flotilla,Organization,-0.88,-0.79,0.0899999999999999,1
art_103,GSF,Organization,-0.6399999999999999,-0.79,0.1500000000000001,5
art_103,Israeli foreign ministry,Organization,-0.01,-0.79,0.78,1
art_103,foreign ministry,Organization,-0.1125,-0.79,0.6775,4
art_103,Israeli military,Organization,-0.715,-0.79,0.075,2
art_103,GSF,Organization,-0.6399999999999999,-0.79,0.1500000000000001,5
art_103,Israel Katz,Person,-0.59,-0.79,0.2,1
art_103,Israel Defense Forces,Organization,-0.59,-0.79,0.2,1
art_103,Benjamin Netanyahu,Person,-0.54,-0.79,0.25,2
art_103,GSF,Organization,-0.6399999999999999,-0.79,0.1500000000000001,5
art_103,GSF,Organization,-0.6399999999999999,-0.79,0.1500000000000001,5
art_103,Israel,Organization,-0.5228571428571428,-0.79,0.2671428571428572,14
art_103,foreign ministry,Organization,-0.1125,-0.79,0.6775,4
art_103,Greta,Person,-0.3899999999999999,-0.79,0.4000000000000001,2
art_103,Thunberg,Person,-0.5366666666666666,-0.79,0.2533333333333334,3
art_103,GSF,Organization,-0.6399999999999999,-0.79,0.1500000000000001,5
art_103,Donald Trump,Person,-0.49,-0.79,0.3,1
art_103,Benjamin Netanyahu,Person,-0.54,-0.79,0.25,2
art_103,Thunberg,Person,-0.5366666666666666,-0.79,0.2533333333333334,3
art_103,UN,Organization,-0.57,-0.79,0.22,8
art_103,James Smith,Person,-0.19,-0.79,0.6000000000000001,1
art_103,Smith,Person,-0.13,-0.79,0.66,2
art_103,CNN,Organization,-0.19,-0.79,0.6000000000000001,1
art_103,Lynda Kinkade,Person,-0.19,-0.79,0.6000000000000001,1
art_103,Smith,Person,-0.13,-0.79,0.66,2
art_103,foreign ministry,Organization,-0.1125,-0.79,0.6775,4
art_103,X,Organization,-0.3,-0.79,0.49,4
art_104,Greta Thunberg,Person,-0.76,-0.76,0.0,1
art_104,Greta Thunberg,Person,-0.76,-0.76,0.0,1
art_104,Israeli forces,Organization,-0.76,-0.76,0.0,1
art_104,Foreign Ministry,Organization,-0.7949999999999999,-0.76,0.0349999999999999,2
art_104,GSF,Organization,-0.4433333333333333,-0.76,0.3166666666666666,6
art_104,Gustavo Petro,Person,-0.72,-0.76,0.04,1
art_104,Netanyahu,Person,-0.72,-0.76,0.04,1
art_104,Petro,Person,-0.4649999999999999,-0.76,0.295,2
art_104,Amnesty International,Organization,-0.93,-0.76,0.17,1
art_104,Agnès Callamard,Person,-0.93,-0.76,0.17,1
art_104,Giorgia Meloni,Person,-0.86,-0.76,0.0999999999999999,1
art_104,Israel,Organization,-0.43,-0.76,0.33,19
art_104,Foreign Ministry,Organization,-0.7949999999999999,-0.76,0.0349999999999999,2
art_104,Thunberg,Person,-0.81,-0.76,0.05,2
art_104,Israeli military,Organization,-0.86,-0.76,0.0999999999999999,1
art_104,Greta,Person,-0.295,-0.76,0.465,2
art_104,GSF,Organization,-0.4433333333333333,-0.76,0.3166666666666666,6
art_104,GSF,Organization,-0.4433333333333333,-0.76,0.3166666666666666,6
art_104,GSF,Organization,-0.4433333333333333,-0.76,0.3166666666666666,6
art_104,Caoimhe Butterly,Person,0.0,-0.76,0.76,1
art_104,GSF,Organization,-0.4433333333333333,-0.76,0.3166666666666666,6
art_104,Freedom Flotilla Coalition,Organization,0.0,-0.76,0.76,1
art_104,CGIL,Organization,-0.7,-0.76,0.06,1
art_104,Italian government,Organization,-0.7,-0.76,0.06,1
art_104,UN,Organization,-0.5636363636363636,-0.76,0.1963636363636364,11
art_104,Volker Türk,Person,-0.01,-0.76,0.75,1
art_104,UK Foreign Office,Organization,0.0199999999999999,-0.76,0.78,1
art_105,Reuters,Organization,-0.39,-0.84,0.4499999999999999,2
art_105,Israeli foreign ministry,Organization,-0.68,-0.84,0.1599999999999999,1
art_105,Reuters,Organization,-0.39,-0.84,0.4499999999999999,2
art_105,Greta Thunberg,Person,-0.68,-0.84,0.1599999999999999,1
art_105,Hamas-Sumud,Organization,-0.68,-0.84,0.1599999999999999,1
art_105,Israeli foreign ministry,Organization,-0.68,-0.84,0.1599999999999999,1
art_105,Greta,Person,-0.375,-0.84,0.4649999999999999,2
art_105,Global Sumud Flotilla,Organization,-0.07,-0.84,0.77,1
art_105,foreign ministry,Organization,-0.76,-0.84,0.0799999999999999,2
art_105,Israeli Occupation Forces,Organization,-0.8,-0.84,0.0399999999999999,1
art_105,Israeli navy,Organization,-0.8,-0.84,0.0399999999999999,1
art_105,Reuters,Organization,-0.39,-0.84,0.4499999999999999,2
art_105,Israeli military,Organization,-0.85,-0.84,0.01,1
art_105,Simon Harris,Person,-0.78,-0.84,0.0599999999999999,1
art_105,Israeli,Organization,-0.7483333333333334,-0.84,0.0916666666666665,6
art_105,navy,Organization,-0.87,-0.84,0.03,2
art_105,Hamas,Organization,-0.825,-0.84,0.015,2
art_106,Israeli,Organization,-0.533,-0.79,0.257,10
art_106,Israeli foreign ministry,Organization,-0.475,-0.79,0.315,2
art_106,Greta Thunberg,Person,0.01,-0.79,0.8,2
art_106,Instagram,Organization,-0.0199999999999999,-0.79,0.77,2
art_106,Thunberg,Person,-0.255,-0.79,0.535,4
art_106,Greta Thunberg,Person,0.01,-0.79,0.8,2
art_106,Thunberg,Person,-0.255,-0.79,0.535,4
art_106,Global Sumud Flotilla,Organization,-0.09,-0.79,0.7000000000000001,1
art_106,Thunberg,Person,-0.255,-0.79,0.535,4
art_106,Israeli navy,Organization,-0.8666666666666667,-0.79,0.0766666666666666,3
art_106,Instagram,Organization,-0.0199999999999999,-0.79,0.77,2
art_106,Sky Italia,Organization,0.0,-0.79,0.79,1
art_106,Israeli foreign ministry,Organization,-0.475,-0.79,0.315,2
art_106,Israeli navy,Organization,-0.8666666666666667,-0.79,0.0766666666666666,3
art_106,navy,Organization,-0.8225,-0.79,0.0324999999999999,4
art_106,IDF,Organization,-0.1699999999999999,-0.79,0.6200000000000001,1
art_106,Gideon Sa’ar,Person,0.05,-0.79,0.8400000000000001,1
art_106,Antonio Tajani,Person,0.05,-0.79,0.8400000000000001,1
art_106,Rai,Organization,-0.295,-0.79,0.495,2
art_106,Israeli navy forces,Organization,-0.67,-0.79,0.12,1
art_106,Hamas,Organization,-0.82,-0.79,0.0299999999999999,1
art_107,Israeli navy,Organization,-0.89,-0.68,0.2099999999999999,1
art_107,Thunberg,Person,-0.815,-0.68,0.1349999999999999,3
art_107,Flotilla,Organization,-0.5545454545454546,-0.68,0.1254545454545454,12
art_107,Saif Abukeshek,Person,-0.42,-0.68,0.26,1
art_107,Instagram,Organization,-0.01,-0.68,0.67,1
art_107,Israeli foreign ministry,Organization,-0.965,-0.68,0.2849999999999999,2
art_107,Thunberg,Person,-0.815,-0.68,0.1349999999999999,3
art_107,Greta,Person,-0.74,-0.68,0.0599999999999999,2
art_107,Hamas,Person,-0.43,-0.68,0.25,2
art_107,Israeli foreign ministry,Organization,-0.965,-0.68,0.2849999999999999,2
art_107,Israeli naval forces,Organization,-0.8200000000000001,-0.68,0.14,2
art_107,Israeli military,Organization,-0.38,-0.68,0.3,1
art_107,X,Organization,-0.3542857142857142,-0.68,0.3257142857142858,7
art_107,Gustavo Petro,Person,-0.07,-0.68,0.6100000000000001,1
art_107,Oscar Lopez,Person,-0.44,-0.68,0.24,1
art_107,Pedro Sanchez,Person,-0.14,-0.68,0.54,1
art_107,Benjamin Netanyahu,Person,-0.14,-0.68,0.54,1
art_108,Anwar,Person,-0.73,-0.74,0.01,1
art_108,Anwar,Person,-0.73,-0.74,0.01,1
art_108,Anwar Ibrahim,Person,-0.73,-0.74,0.01,1
art_108,United Nations,Organization,-0.98,-0.74,0.24,1
art_108,Malaysian Consultative Council of Islamic Organisations,Organization,-0.44,-0.74,0.3,1
art_108,Zizi Kirana,Person,-0.24,-0.74,0.5,1
art_108,Israeli forces,Organization,-0.485,-0.74,0.255,2
art_108,Voice,Organization,0.0,-0.74,0.74,1
art_109,Xinhua,Organization,0.01,-0.85,0.86,1
art_109,Global Sumud Flotilla,Organization,0.01,-0.85,0.86,1
art_109,GSF,Organization,-0.2666666666666666,-0.85,0.5833333333333333,3
art_109,GSF,Organization,-0.2666666666666666,-0.85,0.5833333333333333,3
art_109,Antonio Tajani,Person,-0.0199999999999999,-0.85,0.83,1
art_109,government,Organization,-0.135,-0.85,0.715,2
art_109,Guido Crosetto,Person,-0.03,-0.85,0.82,1
art_109,Rai News 24,Organization,0.0,-0.85,0.85,1
art_109,GSF,Organization,-0.2666666666666666,-0.85,0.5833333333333333,3
art_109,Marcelo Rebelo de Sousa,Person,-0.0099999999999999,-0.85,0.84,1
art_109,Portuguese foreign ministry,Organization,0.02,-0.85,0.87,1
art_109,consular,Organization,0.0066666666666666,-0.85,0.8566666666666667,3
art_110,Israeli naval forces,Organization,-0.19,-0.47,0.2799999999999999,1
art_110,Greta Thunberg,Person,-0.19,-0.47,0.2799999999999999,1
art_110,The Associated Press,Organization,-0.19,-0.47,0.2799999999999999,1
art_110,AP,Organization,-0.245,-0.47,0.2249999999999999,6
art_110,Global Sumud Flotilla,Organization,-0.5233333333333333,-0.47,0.0533333333333333,3
art_110,AP,Organization,-0.245,-0.47,0.2249999999999999,6
art_110,Israeli forces,Organization,-0.51,-0.47,0.04,1
art_110,Israel's foreign ministry,Organization,-0.1633333333333333,-0.47,0.3066666666666666,3
art_110,Thunberg,Person,-0.0866666666666666,-0.47,0.3833333333333333,3
art_110,Thunberg,Person,-0.0866666666666666,-0.47,0.3833333333333333,3
art_110,Ada Colau,Person,-0.05,-0.47,0.42,1
art_110,European Parliament,Organization,-0.05,-0.47,0.42,1
art_110,Rima Hassan,Person,-0.05,-0.47,0.42,1
art_110,AP,Organization,-0.245,-0.47,0.2249999999999999,6
art_110,foreign ministry,Organization,-0.1633333333333333,-0.47,0.3066666666666666,3
art_110,Hamas,Organization,-0.42,-0.47,0.0499999999999999,3
art_110,ministry,Organization,-0.1633333333333333,-0.47,0.3066666666666666,3
art_110,Hamas,Organization,-0.42,-0.47,0.0499999999999999,3
art_110,AP,Organization,-0.245,-0.47,0.2249999999999999,6
art_110,FOX NEWS,Organization,-0.435,-0.47,0.0349999999999999,2
art_110,Israel Defense Forces,Organization,-0.53,-0.47,0.06,1
art_110,IDF,Organization,-0.53,-0.47,0.06,1
art_110,Global Sumud Flotilla,Organization,-0.5233333333333333,-0.47,0.0533333333333333,3
art_110,Fox News Digital,Organization,-0.53,-0.47,0.06,1
art_111,Israeli Foreign Ministry,Organization,-0.295,-0.81,0.5150000000000001,2
art_111,Reuters,Organization,0.01,-0.81,0.8200000000000001,1
art_111,Greta Thunberg,Person,0.01,-0.81,0.8200000000000001,1
art_111,Hamas-Sumud,Organization,-0.6,-0.81,0.21,1
art_111,Israeli Foreign Ministry,Organization,-0.295,-0.81,0.5150000000000001,2
art_111,Greta,Person,0.315,-0.81,1.125,2
art_111,Global Sumud Flotilla,Organization,0.62,-0.81,1.4300000000000002,1
art_111,Foreign Ministry,Organization,-0.545,-0.81,0.265,4
art_111,foreign ministry,Organization,-0.545,-0.81,0.265,4
art_111,Gustavo Petro,Person,-0.25,-0.81,0.56,1
art_111,Petro,Person,-0.5,-0.81,0.31,2
art_111,Benjamin Netanyahu,Person,-0.75,-0.81,0.06,1
art_111,Anwar Ibrahim,Person,-0.77,-0.81,0.04,1
art_111,Anwar,Person,-0.505,-0.81,0.305,2
art_111,Israel’s navy,Organization,-0.9,-0.81,0.0899999999999999,1
art_111,Israeli Occupation Forces,Organization,-0.73,-0.81,0.08,1
art_112,Israeli navy,Organization,-0.8300000000000001,-0.63,0.2,3
art_112,Greta Thunberg,Person,0.0,-0.63,0.63,1
art_112,Global Sumud Flotilla,Organization,0.0,-0.63,0.63,1
art_112,Nelson Mandela,Person,-0.85,-0.63,0.2199999999999999,1
art_112,Mandla Mandela,Person,-0.85,-0.63,0.2199999999999999,1
art_112,Ada Colau,Person,-0.85,-0.63,0.2199999999999999,1
art_112,Greg Stoker,Person,-0.85,-0.63,0.2199999999999999,1
art_112,Instagram,Organization,-0.85,-0.63,0.2199999999999999,1
art_112,Stoker,Person,-0.425,-0.63,0.205,2
art_112,Israeli Foreign Ministry,Organization,-0.385,-0.63,0.245,2
art_112,Thunberg,Person,-0.03,-0.63,0.6,2
art_112,Greta,Person,0.31,-0.63,0.94,2
art_112,Antonio Tajani,Person,0.62,-0.63,1.25,1
art_112,TV Rai,Organization,-0.61,-0.63,0.02,1
art_112,Foreign Ministry,Organization,-0.5366666666666666,-0.63,0.0933333333333333,3
art_112,Israeli,Organization,-0.487,-0.63,0.143,10
art_112,Israeli navy,Organization,-0.8300000000000001,-0.63,0.2,3
art_112,Israeli military,Organization,-0.935,-0.63,0.305,2
art_112,Israeli navy,Organization,-0.8300000000000001,-0.63,0.2,3
art_112,Israeli foreign ministry,Organization,-0.385,-0.63,0.245,2
art_112,Gideon Saar,Person,-0.58,-0.63,0.05,1
art_112,Hamas,Organization,-0.58,-0.63,0.05,1
art_113,Israeli military,Organization,-0.97,-0.69,0.28,1
art_113,Sumud Flotilla,Organization,-0.46,-0.69,0.2299999999999999,1
art_113,United Nations,Organization,0.78,-0.69,1.47,1
art_113,Israeli government,Organization,-0.31,-0.69,0.3799999999999999,1
art_113,Israeli regime,Organization,-0.31,-0.69,0.3799999999999999,1
art_113,South African government,Organization,-0.99,-0.69,0.3,1
art_113,Israeli army,Organization,-0.99,-0.69,0.3,1
art_113,UN,Organization,-0.2444444444444444,-0.69,0.4455555555555555,9
art_114,Thunberg,Person,-0.752,-0.8,0.048,5
art_114,Greta Thunberg,Person,-0.675,-0.8,0.125,2
art_114,flotilla,Organization,-0.3625,-0.8,0.4375,4
art_114,Global Sumud Flotilla,Organization,-0.03,-0.8,0.77,1
art_114,Thunberg,Person,-0.752,-0.8,0.048,5
art_114,Thunberg,Person,-0.752,-0.8,0.048,5
art_114,Ersin Celik,Person,-0.47,-0.8,0.33,1
art_114,Greta Thunberg,Person,-0.675,-0.8,0.125,2
art_114,Thunberg,Person,-0.752,-0.8,0.048,5
art_114,government,Organization,-0.36,-0.8,0.44,1
art_114,Israeli Foreign Ministry,Organization,-0.07,-0.8,0.73,1
art_114,Thunberg,Person,-0.752,-0.8,0.048,5
art_115,Greta Thunberg,Person,-0.4599999999999999,-0.77,0.31,4
art_115,Israeli forces,Organization,-0.7633333333333333,-0.77,0.0066666666666667,3
art_115,Greta Thunberg,Person,-0.4599999999999999,-0.77,0.31,4
art_115,3Norman Finkelstein,Person,-0.51,-0.77,0.26,1
art_115,Trump,Person,-0.51,-0.77,0.26,1
art_115,Gaza Sumud Flotilla,Organization,-0.51,-0.77,0.26,1
art_115,Ersin Celik,Person,-0.51,-0.77,0.26,1
art_115,Greta Thunberg,Person,-0.4599999999999999,-0.77,0.31,4
art_115,Hazwani Helmi,Person,-0.51,-0.77,0.26,1
art_115,Windfield Beaver,Person,-0.51,-0.77,0.26,1
art_115,Thunberg,Person,-0.4516666666666666,-0.77,0.3183333333333333,6
art_115,Helmi,Person,-0.5549999999999999,-0.77,0.215,2
art_115,Beaver,Person,-0.6699999999999999,-0.77,0.1,2
art_115,Thunberg,Person,-0.4516666666666666,-0.77,0.3183333333333333,6
art_115,Itamar Ben-Gvir,Person,-0.83,-0.77,0.0599999999999999,1
art_115,Lorenzo Agostino,Person,-0.04,-0.77,0.73,1
art_115,Thunberg,Person,-0.4516666666666666,-0.77,0.3183333333333333,6
art_115,Greta Thunberg,Person,-0.4599999999999999,-0.77,0.31,4
art_115,Anadolu,Organization,-0.95,-0.77,0.1799999999999999,1
art_115,Ikbal Gurpinar,Person,-0.14,-0.77,0.63,1
art_115,Aycin Kantoglu,Person,-0.99,-0.77,0.2199999999999999,1
art_115,Antonio Tajani,Person,-0.78,-0.77,0.01,1
art_115,Arturo Scotto,Person,-0.77,-0.77,0.0,1
art_115,Adalah,Organization,-0.815,-0.77,0.0449999999999999,2
art_115,foreign ministry,Organization,-0.64,-0.77,0.13,1
art_115,Adalah,Person,-0.815,-0.77,0.0449999999999999,2
art_115,Ministry of Foreign Affairs,Organization,-0.11,-0.77,0.66,1
art_115,Reuters,Organization,-0.11,-0.77,0.66,1
art_116,Lorenzo D’Agostino,Person,-0.98,-0.82,0.16,1
art_116,CNN,Organization,-1.0,-0.82,0.18,1
art_116,D’Agostino,Person,-0.6328571428571428,-0.82,0.1871428571428571,7
art_116,D’Agostino,Person,-0.6328571428571428,-0.82,0.1871428571428571,7
art_116,foreign ministry,Organization,-0.63,-0.82,0.1899999999999999,2
art_116,D’Agostino,Person,-0.6328571428571428,-0.82,0.1871428571428571,7
art_116,Greta Thunberg,Person,-0.54,-0.82,0.2799999999999999,1
art_116,Global,Organization,-0.54,-0.82,0.2799999999999999,1
art_116,Flotilla,Organization,-0.587,-0.82,0.2329999999999999,10
art_116,Thunberg,Person,-0.7050000000000001,-0.82,0.1149999999999998,4
art_116,D’Agostino,Person,-0.6328571428571428,-0.82,0.1871428571428571,7
art_116,Lubna Tuma,Person,-0.72,-0.82,0.0999999999999999,1
art_116,Adalah Legal Centre,Organization,-0.72,-0.82,0.0999999999999999,1
art_116,Thunberg,Person,-0.7050000000000001,-0.82,0.1149999999999998,4
art_116,foreign ministry,Organization,-0.63,-0.82,0.1899999999999999,2
art_116,Thunberg,Person,-0.7050000000000001,-0.82,0.1149999999999998,4
art_116,Thunberg,Person,-0.7050000000000001,-0.82,0.1149999999999998,4
art_116,Israeli government,Organization,-0.94,-0.82,0.12,1
art_116,D’Agostino,Person,-0.6328571428571428,-0.82,0.1871428571428571,7
art_116,Itamar Ben Gvir,Person,-0.14,-0.82,0.6799999999999999,1
art_116,D’Agostino,Person,-0.6328571428571428,-0.82,0.1871428571428571,7
art_116,Ben Gvir,Person,-0.64,-0.82,0.1799999999999999,4
art_116,Ben Gvir,Person,-0.64,-0.82,0.1799999999999999,4
art_116,Benjamin Netanyahu,Person,-0.83,-0.82,0.01,1
art_116,X,Organization,-0.55,-0.82,0.2699999999999999,1
art_116,Ben Gvir,Person,-0.64,-0.82,0.1799999999999999,4
art_117,Greta Thunberg,Person,-0.8,-0.85,0.0499999999999999,1
art_117,Greta Thunberg,Person,-0.8,-0.85,0.0499999999999999,1
art_117,Thunberg,Person,-0.35,-0.85,0.4999999999999999,3
art_117,GSF,Organization,-0.7275,-0.85,0.1224999999999999,4
art_117,ministry,Organization,-0.7114285714285714,-0.85,0.1385714285714285,7
art_117,Thunberg,Person,-0.35,-0.85,0.4999999999999999,3
art_117,GSF,Organization,-0.7275,-0.85,0.1224999999999999,4
art_117,Rafael Borrego,Person,-0.81,-0.85,0.0399999999999999,1
art_117,Reuters news,Organization,-0.78,-0.85,0.0699999999999999,1
art_117,Israeli foreign ministry,Organization,0.07,-0.85,0.92,1
art_117,GSF,Organization,-0.7275,-0.85,0.1224999999999999,4
art_117,UN,Organization,-0.5866666666666667,-0.85,0.2633333333333333,15
art_117,Security,Organization,-0.88,-0.85,0.03,1
art_117,Classification,Organization,-0.88,-0.85,0.03,1
art_117,IPC,Organization,-0.925,-0.85,0.075,2
art_117,Hamas,Organization,-0.985,-0.85,0.135,2
art_117,ministry,Organization,-0.7114285714285714,-0.85,0.1385714285714285,7
art_117,UN,Organization,-0.5866666666666667,-0.85,0.2633333333333333,15
art_117,IPC,Organization,-0.925,-0.85,0.075,2
art_117,UN,Organization,-0.5866666666666667,-0.85,0.2633333333333333,15
art_117,Israeli military,Organization,-0.99,-0.85,0.14,1
art_117,Hamas,Organization,-0.985,-0.85,0.135,2
art_117,ministry,Organization,-0.7114285714285714,-0.85,0.1385714285714285,7
art_118,Reuters,Organization,-0.8833333333333333,-0.83,0.0533333333333333,3
art_118,Greta Thunberg,Person,-0.93,-0.83,0.1,1
art_118,foreign ministry,Organization,-0.9466666666666668,-0.83,0.1166666666666667,3
art_118,Turkish foreign ministry,Organization,-0.93,-0.83,0.1,1
art_118,THUNBERG,Person,-0.92,-0.83,0.09,2
art_118,Hazwani Helmi,Person,-0.93,-0.83,0.1,1
art_118,Windfield Beaver,Person,-0.93,-0.83,0.1,1
art_118,Reuters,Organization,-0.8833333333333333,-0.83,0.0533333333333333,3
art_118,Thunberg,Person,-0.92,-0.83,0.09,2
art_118,Helmi,Person,-0.885,-0.83,0.055,2
art_118,Beaver,Person,-0.92,-0.83,0.09,2
art_118,Itamar Ben-Gvir,Person,-0.91,-0.83,0.08,1
art_118,X,Organization,-0.7733333333333333,-0.83,0.0566666666666666,3
art_118,Reuters,Organization,-0.8833333333333333,-0.83,0.0533333333333333,3
art_118,Antonio Tajani,Person,-0.72,-0.83,0.1099999999999999,1
art_118,Turkish Airlines,Organization,-0.72,-0.83,0.1099999999999999,1
art_118,Embassy,Organization,-0.69,-0.83,0.14,1
art_118,Tajani,Person,-0.705,-0.83,0.125,2
art_118,Arturo Scotto,Person,-0.69,-0.83,0.14,1
art_118,Benedetta Scuderi,Person,-0.59,-0.83,0.24,1
art_118,Adalah,Organization,-0.725,-0.83,0.1049999999999999,2
art_118,Adalah,Person,-0.725,-0.83,0.1049999999999999,2
art_118,Adalah,Person,-0.725,-0.83,0.1049999999999999,2
art_118,Reuters,Organization,-0.8833333333333333,-0.83,0.0533333333333333,3
art_118,Hamas,Organization,-1.0,-0.83,0.17,1
art_119,Israeli,Organization,-0.4214285714285714,-0.7,0.2785714285714285,7
art_119,Hamas,Organization,-0.98,-0.7,0.28,1
art_119,Saverio Tommasi,Person,0.0,-0.7,0.7,1
art_119,Global Sumud flotilla,Organization,-0.7,-0.7,0.0,1
art_119,GSF,Organization,-0.7,-0.7,0.0,1
art_119,Greta Thunberg,Person,-0.7,-0.7,0.0,1
art_119,foreign ministry,Organization,-0.5133333333333333,-0.7,0.1866666666666666,3
art_119,Itamar Ben-Gvir,Person,-0.06,-0.7,0.6399999999999999,1
art_119,Rafael Borrego,Person,-0.85,-0.7,0.15,1
art_119,Reuters,Organization,-0.85,-0.7,0.15,1
art_119,Movement,Organization,-0.96,-0.7,0.26,1
art_119,Australian Department of Foreign Affairs and Trade,Organization,-0.96,-0.7,0.26,1
art_119,DFAT,Organization,-0.975,-0.7,0.275,2
art_119,DFAT,Organization,-0.975,-0.7,0.275,2
art_119,Ada Colau,Person,-0.17,-0.7,0.5299999999999999,1
art_119,Lorenzo D’Agostino,Person,0.01,-0.7,0.71,1
art_119,Guardian,Organization,-0.395,-0.7,0.3049999999999999,2
art_119,D’Agostino,Person,-0.26,-0.7,0.4399999999999999,3
art_119,Thunberg,Person,-0.67,-0.7,0.0299999999999999,5
art_119,Greta,Person,-0.365,-0.7,0.3349999999999999,2
art_119,D’Agostino,Person,-0.26,-0.7,0.4399999999999999,3
art_119,Swedish foreign ministry,Organization,-0.8,-0.7,0.1,1
art_119,Guardian,Organization,-0.395,-0.7,0.3049999999999999,2
art_119,Israeli foreign ministry,Organization,-0.68,-0.7,0.0199999999999999,1
art_119,Thunberg,Person,-0.67,-0.7,0.0299999999999999,5
art_119,Donald Trump,Person,-0.5,-0.7,0.1999999999999999,1
art_119,Thunberg,Person,-0.67,-0.7,0.0299999999999999,5
art_119,Thunberg,Person,-0.67,-0.7,0.0299999999999999,5
art_120,Greta Thunberg,Person,-0.07,-0.82,0.75,1
art_120,Agence France-Presse,Organization,-0.07,-0.82,0.75,1
art_120,AFP,Organization,-0.1166666666666666,-0.82,0.7033333333333333,3
art_120,United Nations,Organization,-0.85,-0.82,0.03,1
art_120,Thunberg,Person,-0.2249999999999999,-0.82,0.595,4
art_120,AFP,Organization,-0.1166666666666666,-0.82,0.7033333333333333,3
art_120,Thunberg,Person,-0.2249999999999999,-0.82,0.595,4
art_120,Thunberg,Person,-0.2249999999999999,-0.82,0.595,4
art_120,Greek foreign ministry,Organization,-0.0199999999999999,-0.82,0.7999999999999999,1
art_120,foreign ministry,Organization,-0.175,-0.82,0.645,4
art_120,foreign ministry,Organization,-0.175,-0.82,0.645,4
art_120,Israeli navy,Organization,-0.01,-0.82,0.8099999999999999,1
art_120,Hamas,Organization,-0.99,-0.82,0.17,1
art_120,Palestinian Islamist movement,Organization,-0.99,-0.82,0.17,1
art_120,Israeli police,Organization,-0.96,-0.82,0.14,1
art_120,AFP,Organization,-0.1166666666666666,-0.82,0.7033333333333333,3
art_121,Global Sumud Flotilla,Organization,-0.01,-0.95,0.94,1
art_121,Greta Thunberg,Person,-0.08,-0.95,0.87,1
art_121,Anwar Ibrahim,Person,-0.95,-0.95,0.0,1
art_121,Israeli forces,Organization,-0.93,-0.95,0.0199999999999999,2
art_121,Voice,Organization,0.0,-0.95,0.95,1
art_122,Global Times,Organization,0.07,-0.6,0.6699999999999999,2
art_122,Global Sumud Flotilla,Organization,0.0525,-0.6,0.6525,4
art_122,VCG,Organization,0.0,-0.6,0.6,1
art_122,Hamas,Person,-0.54,-0.6,0.0599999999999999,2
art_122,Global Times,Organization,0.07,-0.6,0.6699999999999999,2
art_122,Wang Wenwen,Person,0.01,-0.6,0.61,1
art_122,David Adler,Person,0.01,-0.6,0.61,1
art_122,Adler,Person,0.0775,-0.6,0.6775,4
art_122,Progressive International,Organization,0.01,-0.6,0.61,1
art_122,Adler,Person,0.0775,-0.6,0.6775,4
art_122,United Nations,Organization,-0.94,-0.6,0.3399999999999999,1
art_122,Israeli naval forces,Organization,-0.0649999999999999,-0.6,0.535,2
art_122,naval,Organization,-0.0649999999999999,-0.6,0.535,2
art_122,Global Sumud Flotilla,Organization,0.0525,-0.6,0.6525,4
art_122,Adler,Person,0.0775,-0.6,0.6775,4
art_122,Adler,Person,0.0775,-0.6,0.6775,4
art_123,Greta Thunberg,Person,-0.7933333333333333,-0.79,0.0033333333333332,3
art_123,Foreign Ministry,Organization,-0.7666666666666666,-0.79,0.0233333333333334,3
art_123,Swedish Foreign Ministry,Organization,-0.815,-0.79,0.0249999999999999,2
art_123,The Guardian,Organization,-0.79,-0.79,0.0,1
art_123,Thunberg,Person,-0.6719999999999999,-0.79,0.1180000000000001,5
art_123,Thunberg,Person,-0.6719999999999999,-0.79,0.1180000000000001,5
art_123,Israeli forces,Organization,-0.83,-0.79,0.0399999999999999,1
art_123,Global Sumud Flotilla,Organization,-0.875,-0.79,0.0849999999999999,2
art_123,GRETA THUNBERG,Person,-0.7933333333333333,-0.79,0.0033333333333332,3
art_123,Israeli Foreign Ministry,Organization,-0.755,-0.79,0.035,2
art_123,Thunberg,Person,-0.6719999999999999,-0.79,0.1180000000000001,5
art_123,Israeli Foreign Ministry,Organization,-0.755,-0.79,0.035,2
art_123,Population and Migration Tribunal,Organization,-0.64,-0.79,0.15,1
art_123,Flotilla,Organization,-0.682,-0.79,0.1079999999999999,5
art_123,GRETA THUNBERG FLOTILLA,Person,-0.92,-0.79,0.13,1
art_123,Itamar Ben-Gvir,Person,-0.92,-0.79,0.13,1
art_123,Thunberg,Person,-0.6719999999999999,-0.79,0.1180000000000001,5
art_123,Israeli navy,Organization,-0.92,-0.79,0.13,1
art_123,FOX NEWS,Organization,-0.84,-0.79,0.0499999999999999,1
art_123,Ersin Çelik,Person,-0.84,-0.79,0.0499999999999999,1
art_123,Anadolu Agency,Organization,-0.84,-0.79,0.0499999999999999,1
art_123,Greta,Person,-0.805,-0.79,0.015,4
art_123,Fox News Digital,Organization,-0.84,-0.79,0.0499999999999999,1
art_123,Swedish Foreign Ministry,Organization,-0.815,-0.79,0.0249999999999999,2
art_123,Israeli Foreign Ministry,Organization,-0.755,-0.79,0.035,2
art_124,Global Sumud Flotilla,Organization,-0.84,-0.68,0.1599999999999999,1
art_124,Paolo Romano,Person,-0.02,-0.68,0.66,1
art_124,AFP,Organization,0.05,-0.68,0.7300000000000001,2
art_124,Greta Thunberg,Person,-0.09,-0.68,0.5900000000000001,1
art_124,Romano,Person,-0.295,-0.68,0.385,2
art_124,Iylia Balqis,Person,-0.81,-0.68,0.13,1
art_124,Turkish Airlines,Organization,-0.01,-0.68,0.67,1
art_124,Israeli foreign ministry,Organization,-0.49,-0.68,0.19,1
art_124,Hamas-Sumud,Organization,-0.49,-0.68,0.19,1
art_124,Hakan Fidan,Person,0.19,-0.68,0.8700000000000001,1
art_124,Lorenzo D’Agostino,Person,-0.81,-0.68,0.13,1
art_124,Malik Qutait,Person,0.8200000000000001,-0.68,1.5,1
art_124,AFP,Organization,0.05,-0.68,0.7300000000000001,2
art_125,Global Sumud Flotilla,Organization,-0.88,-0.76,0.12,1
art_125,Paolo Romano,Person,-0.88,-0.76,0.12,1
art_125,AFP,Organization,-0.88,-0.76,0.12,1
art_125,Greta Thunberg,Person,-0.74,-0.76,0.02,1
art_125,Romano,Person,-0.655,-0.76,0.1049999999999999,2
art_125,Iylia Balqis,Person,-0.85,-0.76,0.0899999999999999,1
art_125,Turkish Airlines,Organization,-0.85,-0.76,0.0899999999999999,1
art_125,Israeli Foreign Ministry,Organization,-0.85,-0.76,0.0899999999999999,1
art_125,Hamas-Sumud,Organization,-0.85,-0.76,0.0899999999999999,1
art_125,Hakan Fidan,Person,-0.85,-0.76,0.0899999999999999,1
art_125,Lorenzo D'Agostino,Person,-0.85,-0.76,0.0899999999999999,1
art_125,Malik Qutait,Person,0.35,-0.76,1.11,1
art_126,Reaaz Moola,Person,0.13,-0.77,0.9,1
art_126,Zukiswa Wanner,Person,-0.41,-0.77,0.36,2
art_126,Fatima Hendricks,Person,-0.265,-0.77,0.505,2
art_126,Zaheera Soomar,Person,-0.415,-0.77,0.355,2
art_126,Carrie Shelver,Person,0.13,-0.77,0.9,1
art_126,Nelson Mandela,Person,0.04,-0.77,0.81,2
art_126,Mandla Mandela,Person,0.13,-0.77,0.9,1
art_126,Mandela,Person,-0.416,-0.77,0.354,5
art_126,Itamar Ben Gvir,Person,-0.05,-0.77,0.72,1
art_126,Nelson Mandela,Person,0.04,-0.77,0.81,2
art_126,Mandela,Person,-0.416,-0.77,0.354,5
art_126,International Court of Justice,Organization,-0.46,-0.77,0.31,1
art_126,ICJ,Organization,-0.46,-0.77,0.31,1
art_126,Mandela,Person,-0.416,-0.77,0.354,5
art_126,Fatima Hendricks,Person,-0.265,-0.77,0.505,2
art_126,Zukiswa Wanner,Person,-0.41,-0.77,0.36,2
art_126,Wanner,Person,-0.2833333333333333,-0.77,0.4866666666666667,3
art_126,Zaheera Soomar,Person,-0.415,-0.77,0.355,2
art_126,Australian Broadcasting Corporation,Organization,-0.86,-0.77,0.0899999999999999,1
art_126,ABC,Organization,-0.86,-0.77,0.0899999999999999,1
art_126,UN,Organization,-0.504,-0.77,0.266,10
art_126,Human Rights Watch,Organization,-0.59,-0.77,0.18,1
art_126,Israeli government,Organization,-0.59,-0.77,0.18,1
art_126,Greta Thunberg,Person,-0.98,-0.77,0.2099999999999999,1
art_126,Israeli Foreign Ministry,Organization,-0.52,-0.77,0.25,1
art_126,ministry,Organization,-0.72,-0.77,0.05,2
art_127,Narendra Modi,Person,-0.06,-0.61,0.5499999999999999,1
art_127,Reuters,Organization,-0.89,-0.61,0.28,1
art_127,Indian government,Organization,-0.96,-0.61,0.35,1
art_127,Kashmir Resistance,Organization,-0.92,-0.61,0.31,1
art_127,TRUMP,Person,-0.44,-0.61,0.1699999999999999,3
art_127,National Security Committee,Organization,-0.67,-0.61,0.06,1
art_127,Donald Trump,Person,-0.67,-0.61,0.06,1
art_127,FOX NEWS,Organization,-0.39,-0.61,0.2199999999999999,1
art_127,Trump,Person,-0.44,-0.61,0.1699999999999999,3
art_127,TRUTH Social,Organization,-0.39,-0.61,0.2199999999999999,1
art_127,Modi,Person,0.435,-0.61,1.045,2
art_128,navy,Organization,-0.12,-0.88,0.76,1
art_128,Narendra Modi,Person,0.1,-0.88,0.98,1
art_128,United Nations,Organization,0.1,-0.88,0.98,1
art_128,Modi,Person,-0.34,-0.88,0.54,4
art_128,Modi,Person,-0.34,-0.88,0.54,4
art_128,security,Organization,-1.0,-0.88,0.12,1
art_128,Modi,Person,-0.34,-0.88,0.54,4
art_128,Kashmir Resistance,Organization,-0.04,-0.88,0.84,1
art_128,The Resistance Front,Organization,-0.04,-0.88,0.84,1
art_128,TRF,Organization,-0.43,-0.88,0.45,2
art_128,CNN,Organization,-0.14,-0.88,0.74,1
art_128,Indian army,Organization,-0.14,-0.88,0.74,1
art_128,TRF,Organization,-0.43,-0.88,0.45,2
art_128,Lashkar-e-Tayyiba,Organization,-0.82,-0.88,0.06,1
art_128,LeT,Organization,-0.845,-0.88,0.035,2
art_128,Pakistani High Commission,Organization,-0.29,-0.88,0.5900000000000001,1
art_129,BBC,Organization,-0.8833333333333333,-0.85,0.0333333333333333,3
art_129,Omar Abdullah,Person,-0.2299999999999999,-0.85,0.62,1
art_129,Donald Trump,Person,-0.57,-0.85,0.28,1
art_129,Vladimir Putin,Person,-0.57,-0.85,0.28,1
art_129,Ursula Von der Leyen,Person,-0.57,-0.85,0.28,1
art_129,Trump,Person,-0.2649999999999999,-0.85,0.585,2
art_129,Von der Leyen,Person,-0.75,-0.85,0.0999999999999999,2
art_129,Putin,Person,-0.75,-0.85,0.0999999999999999,2
art_129,Narendra Modi,Person,-0.71,-0.85,0.14,1
art_129,Modi,Person,-0.5966666666666667,-0.85,0.2533333333333333,3
art_129,foreign ministry,Organization,-0.8,-0.85,0.0499999999999999,1
art_129,Amit Shah,Person,0.01,-0.85,0.86,1
art_129,Manoj Sinha,Person,-0.01,-0.85,0.84,1
art_129,Jammu and Kashmir Police,Organization,-0.46,-0.85,0.3899999999999999,2
art_129,Vidi Kumar Birdi,Person,-0.89,-0.85,0.04,1
art_129,BBC Hindi,Organization,-0.89,-0.85,0.04,1
art_129,BBC,Organization,-0.8833333333333333,-0.85,0.0333333333333333,3
art_129,Indian army,Organization,-0.03,-0.85,0.82,1
art_129,Jammu and Kashmir police,Organization,-0.46,-0.85,0.3899999999999999,2
art_129,Modi,Person,-0.5966666666666667,-0.85,0.2533333333333333,3
art_129,Kashmir,Person,-0.6000000000000001,-0.85,0.2499999999999999,9
art_130,Reuters,Organization,-0.94,-0.83,0.1099999999999999,1
art_130,Kashmiri police,Organization,-0.7,-0.83,0.13,1
art_131,The Resistance Front,Organization,-0.73,-0.82,0.0899999999999999,1
art_131,TRF,Organization,-0.73,-0.82,0.0899999999999999,1
art_131,Lashkar-e-Taiba,Organization,-0.73,-0.82,0.0899999999999999,1
art_131,LeT,Organization,-0.73,-0.82,0.0899999999999999,1
art_131,Indian police,Organization,-0.955,-0.82,0.1350000000000001,2
art_131,Narendra Modi,Person,-0.07,-0.82,0.75,2
art_131,Narendra Modi,Person,-0.07,-0.82,0.75,2
art_131,narendramodi,Person,-0.04,-0.82,0.7799999999999999,1
art_131,Modi,Person,-0.1266666666666666,-0.82,0.6933333333333332,3
art_131,Amit Shah,Person,-0.04,-0.82,0.7799999999999999,1
art_131,Indian government,Organization,-0.24,-0.82,0.58,1
art_131,Modi,Person,-0.1266666666666666,-0.82,0.6933333333333332,3
art_131,Omar Abdullah,Person,-0.19,-0.82,0.6299999999999999,2
art_131,sakinaitoo,Person,-0.41,-0.82,0.41,1
art_131,Omar Abdullah,Person,-0.19,-0.82,0.6299999999999999,2
art_131,OmarAbdullah,Person,-0.41,-0.82,0.41,1
art_131,Vladimir Putin,Person,-0.74,-0.82,0.0799999999999999,1
art_131,Kremlin,Organization,0.2799999999999999,-0.82,1.1,1
art_131,Putin,Person,-0.525,-0.82,0.2949999999999999,2
art_132,Amit Shah,Person,-0.0399999999999999,-0.81,0.77,1
art_132,Narendra Modi,Person,-0.0399999999999999,-0.81,0.77,1
art_132,JD Vance,Person,-0.42,-0.81,0.39,1
art_132,Al Jazeera,Organization,-0.7000000000000001,-0.81,0.1099999999999999,3
art_132,Simran Chandani,Person,-0.43,-0.81,0.38,1
art_132,God,Person,0.0,-0.81,0.81,1
art_132,Chandani,Person,-0.215,-0.81,0.5950000000000001,2
art_132,Indian Navy,Organization,-0.99,-0.81,0.1799999999999999,1
art_132,The Resistance Front,Organization,-0.7,-0.81,0.1100000000000001,1
art_132,TRF,Organization,-0.7,-0.81,0.1100000000000001,1
art_132,Lashkar-e-Taiba,Organization,-0.7,-0.81,0.1100000000000001,1
art_132,Al Jazeera,Organization,-0.7000000000000001,-0.81,0.1099999999999999,3
art_132,Indian government,Organization,-0.285,-0.81,0.525,2
art_132,Indian government,Organization,-0.285,-0.81,0.525,2
art_132,Al Jazeera,Organization,-0.7000000000000001,-0.81,0.1099999999999999,3
art_133,Shehbaz Sharif,Person,0.0,-0.84,0.84,1
art_133,Ishaq Dar,Person,-0.24,-0.84,0.6,1
art_133,Dunya News TV,Organization,-0.24,-0.84,0.6,1
art_133,Dar,Person,-0.41,-0.84,0.43,2
art_133,Indus,Organization,-0.0866666666666666,-0.84,0.7533333333333333,3
art_133,Indus,Organization,-0.0866666666666666,-0.84,0.7533333333333333,3
art_133,Indira Gandhi,Person,-0.99,-0.84,0.15,1
art_133,Zulfikar Ali Bhutto,Person,-0.99,-0.84,0.15,1
art_133,Narendra Modi,Person,-0.29,-0.84,0.55,1
art_133,Modi,Person,-0.1266666666666666,-0.84,0.7133333333333333,3
art_133,Saad Ahmad Warraich,Person,0.0,-0.84,0.84,1
art_133,ministry of external affairs,Organization,0.0,-0.84,0.84,1
art_133,Modi,Person,-0.1266666666666666,-0.84,0.7133333333333333,3
art_133,World Bank,Organization,-0.01,-0.84,0.83,1
art_133,Vikram Misri,Person,0.0,-0.84,0.84,1
art_134,Indian security forces,Organization,-0.95,-0.84,0.1099999999999999,1
art_134,Narendra Modi,Person,-0.07,-0.84,0.77,1
art_134,Modi,Person,-0.5,-0.84,0.3399999999999999,2
art_134,Rajnath Singh,Person,0.04,-0.84,0.88,1
art_134,Singh,Person,0.26,-0.84,1.1,2
art_134,Khawaja Mohammad,Person,-0.81,-0.84,0.0299999999999999,1
art_134,Vikram Misri,Person,-0.14,-0.84,0.7,1
art_134,Misri,Person,-0.345,-0.84,0.4949999999999999,2
art_134,Michael Kugelman,Person,-0.92,-0.84,0.08,1
art_134,Foreign Ministry,Organization,-0.26,-0.84,0.58,1
art_134,National Security Committee,Organization,-0.26,-0.84,0.58,1
art_135,VCG,Organization,-0.96,-0.78,0.1799999999999999,1
art_135,Guardian,Organization,-0.85,-0.78,0.0699999999999999,2
art_135,United Nations,Organization,0.5,-0.78,1.28,1
art_135,UN,Organization,-0.176,-0.78,0.6040000000000001,5
art_135,AP,Organization,-0.2719999999999999,-0.78,0.508,5
art_135,Guardian,Organization,-0.85,-0.78,0.0699999999999999,2
art_135,AP,Organization,-0.2719999999999999,-0.78,0.508,5
art_135,AP,Organization,-0.2719999999999999,-0.78,0.508,5
art_135,Indian government,Organization,-0.2066666666666666,-0.78,0.5733333333333334,3
art_135,Xinhua News Agency,Organization,-0.06,-0.78,0.72,1
art_135,Indian government,Organization,-0.2066666666666666,-0.78,0.5733333333333334,3
art_135,Times of India,Organization,-0.36,-0.78,0.42,1
art_135,Al Jazeera,Organization,-0.2,-0.78,0.5800000000000001,1
art_135,Indian government,Organization,-0.2066666666666666,-0.78,0.5733333333333334,3
art_135,Xinhua,Organization,-0.0099999999999999,-0.78,0.77,2
art_135,Shehbaz Sharif,Person,0.04,-0.78,0.8200000000000001,1
art_135,National Security Committee,Organization,0.04,-0.78,0.8200000000000001,1
art_135,Indian Defence,Organization,-0.67,-0.78,0.1099999999999999,1
art_135,Sky News,Organization,-0.7,-0.78,0.08,1
art_135,Khawaja Asif,Person,-0.7,-0.78,0.08,1
art_135,Global Times,Organization,0.06,-0.78,0.8400000000000001,1
art_136,Indian security forces,Organization,-0.93,-0.93,0.0,1
art_136,Narendra Modi,Person,-0.15,-0.93,0.78,1
art_137,Vikram Misri,Person,0.03,-0.96,0.99,1
art_137,Narendra Modi,Person,-0.98,-0.96,0.02,1
art_137,Cabinet Committee on Security,Organization,-0.98,-0.96,0.02,1
art_137,CCS,Organization,-0.98,-0.96,0.02,1
art_137,Resistant Front,Organization,-0.25,-0.96,0.71,1
art_137,Lashkar-e-Taiba,Organization,-0.25,-0.96,0.71,1
art_137,Union government,Organization,-0.97,-0.96,0.01,1
art_138,Cabinet Committee on Security,Organization,-0.47,-0.81,0.3400000000000001,1
art_138,CCS,Organization,-0.235,-0.81,0.5750000000000001,2
art_138,Pakistani Military AdvisorsIndia,Organization,-0.29,-0.81,0.52,1
art_138,Pakistani military,Organization,-0.29,-0.81,0.52,1
art_138,Indian High Commission,Organization,-0.035,-0.81,0.775,2
art_138,Indian High Commission,Organization,-0.035,-0.81,0.775,2
art_138,CCS,Organization,-0.235,-0.81,0.5750000000000001,2
art_138,Amit Shah,Person,0.0,-0.81,0.81,1
art_138,Rajnath Singh,Person,0.0,-0.81,0.81,1
art_138,S Jaishankar,Person,0.0,-0.81,0.81,1
art_138,Ajit Doval,Person,0.0,-0.81,0.81,1
art_138,Indian Army,Organization,-0.74,-0.81,0.07,1
art_138,Shah,Person,-0.42,-0.81,0.39,2
art_138,Indian government,Organization,-0.84,-0.81,0.0299999999999999,1
art_139,Faran Jeffery,Person,-0.48,-0.85,0.37,1
art_139,Islamic Theology of Counter Terrorism,Organization,-0.48,-0.85,0.37,1
art_139,Pakistani military,Organization,-0.16,-0.85,0.69,1
art_139,Srinath Raghavan,Person,-0.2,-0.85,0.6499999999999999,1
art_139,Raghavan,Person,-0.29,-0.85,0.5599999999999999,2
art_139,The Straits Times,Organization,-0.38,-0.85,0.47,1
art_139,Narendra Modi,Person,-0.21,-0.85,0.64,1
art_139,government,Organization,-0.205,-0.85,0.645,2
art_139,Shiraz Ahmad Mir,Person,-0.75,-0.85,0.0999999999999999,1
art_140,Indian security forces,Organization,-0.96,-0.87,0.0899999999999999,1
art_140,Narendra Modi,Person,-0.96,-0.87,0.0899999999999999,1
art_140,Omar Abdullah,Person,-0.96,-0.87,0.0899999999999999,1
art_140,Abdullah,Person,-0.835,-0.87,0.035,2
art_140,AFP,Organization,-0.7749999999999999,-0.87,0.095,2
art_140,Indian army,Organization,-0.71,-0.87,0.16,1
art_140,AFP,Organization,-0.7749999999999999,-0.87,0.095,2
art_140,Waheed,Person,-0.84,-0.87,0.03,1
art_140,Modi,Person,-0.8966666666666666,-0.87,0.0266666666666666,3
art_140,JD Vance,Person,-0.84,-0.87,0.03,1
art_140,Modi,Person,-0.8966666666666666,-0.87,0.0266666666666666,3
art_140,Bill Clinton,Person,-0.89,-0.87,0.02,1
art_140,Donald Trump,Person,-0.89,-0.87,0.02,1
art_140,Modi,Person,-0.8966666666666666,-0.87,0.0266666666666666,3
art_140,Ursula von der Leyen,Person,-0.89,-0.87,0.02,1
art_140,Modi,Person,-0.8966666666666666,-0.87,0.0266666666666666,3
art_140,Air India,Organization,-0.93,-0.87,0.06,1
art_140,Michael Kugelman,Person,-0.82,-0.87,0.05,1
art_140,Indian Express,Organization,-0.82,-0.87,0.05,1
art_141,Narendra Modi,Person,-0.975,-0.85,0.125,2
art_141,Times of India,Organization,0.0,-0.85,0.85,1
art_141,Modi,Person,-0.4977777777777778,-0.85,0.3522222222222221,9
art_141,Modi,Person,-0.4977777777777778,-0.85,0.3522222222222221,9
art_141,Cabinet Committee on Security,Organization,-0.22,-0.85,0.63,1
art_141,CCS,Organization,-0.22,-0.85,0.63,1
art_141,Modi,Person,-0.4977777777777778,-0.85,0.3522222222222221,9
art_141,Modi,Person,-0.4977777777777778,-0.85,0.3522222222222221,9
art_141,Reuters,Organization,0.0,-0.85,0.85,3
art_141,Khawaja Muhammad Asif,Person,0.01,-0.85,0.86,1
art_141,Reuters,Organization,0.0,-0.85,0.85,3
art_141,Resistance Front,Organization,-0.61,-0.85,0.24,1
art_141,TRF,Organization,-0.61,-0.85,0.24,1
art_141,Lashkar-e-Taiba,Organization,-0.69,-0.85,0.16,2
art_141,Lashkar-e-Taiba,Person,-0.69,-0.85,0.16,2
art_141,Pakistani military,Organization,-0.77,-0.85,0.0799999999999999,1
art_141,Directorate for Inter-Services Intelligence,Organization,-0.77,-0.85,0.0799999999999999,1
art_141,ISI,Organization,-0.2566666666666666,-0.85,0.5933333333333333,3
art_141,military,Organization,-0.5183333333333334,-0.85,0.3316666666666665,6
art_141,Modi government,Organization,-0.56,-0.85,0.2899999999999999,1
art_141,Chietigj Bajpaee,Person,-0.56,-0.85,0.2899999999999999,1
art_141,Fox News Digital,Organization,-0.29,-0.85,0.5599999999999999,2
art_141,KASHMIR,Person,-0.6885714285714285,-0.85,0.1614285714285714,7
art_141,Bajpaee,Person,-0.76,-0.85,0.0899999999999999,2
art_141,Modi,Person,-0.4977777777777778,-0.85,0.3522222222222221,9
art_141,Sadanand Dhume,Person,-0.02,-0.85,0.83,1
art_141,American Enterprise Institute,Organization,-0.02,-0.85,0.83,1
art_141,Fox News Digital,Organization,-0.29,-0.85,0.5599999999999999,2
art_141,Modi,Person,-0.4977777777777778,-0.85,0.3522222222222221,9
art_141,Narendra Modi,Person,-0.975,-0.85,0.125,2
art_141,Dhume,Person,-0.49,-0.85,0.36,2
art_141,Reuters,Organization,0.0,-0.85,0.85,3
art_141,World Bank,Organization,-0.01,-0.85,0.84,1
art_141,FOX NEWS,Organization,-0.1966666666666666,-0.85,0.6533333333333333,3
art_141,Arms Control Association,Organization,-0.01,-0.85,0.84,1
art_142,Attaullah Tarar,Person,-0.03,-0.8,0.77,1
art_142,Tarar,Person,-0.255,-0.8,0.545,4
art_142,CNN,Organization,0.0,-0.8,0.8,1
art_142,defense ministry,Organization,0.0,-0.8,0.8,1
art_142,Tarar,Person,-0.255,-0.8,0.545,4
art_142,Narendra Modi,Person,-0.95,-0.8,0.1499999999999999,1
art_142,Modi,Person,-0.825,-0.8,0.0249999999999999,2
art_142,Tarar,Person,-0.255,-0.8,0.545,4
art_142,Marco Rubio,Person,0.0,-0.8,0.8,1
art_142,State Department,Organization,0.0,-0.8,0.8,1
art_142,Shehbaz Sharif,Person,-0.06,-0.8,0.74,1
art_142,Rubio,Person,-0.0099999999999999,-0.8,0.79,3
art_142,Rubio,Person,-0.0099999999999999,-0.8,0.79,3
art_142,Sharif,Person,-0.0149999999999999,-0.8,0.785,2
art_142,Wang Yi,Person,-0.61,-0.8,0.19,1
art_142,Ishaq Dar,Person,-0.61,-0.8,0.19,1
art_142,CGTN,Organization,-0.61,-0.8,0.19,1
art_143,Attaullah Tarar,Person,-0.99,-0.84,0.15,1
art_143,Tarar,Person,-0.895,-0.84,0.055,2
art_143,BBC,Organization,0.0,-0.84,0.84,1
art_143,Indian foreign ministry,Organization,0.0,-0.84,0.84,1
art_143,Resistance Front,Organization,-0.77,-0.84,0.0699999999999999,1
art_143,Lashkar-e-Taiba,Organization,-0.03,-0.84,0.8099999999999999,1
art_143,police,Organization,-0.95,-0.84,0.1099999999999999,1
art_143,Narendra Modi,Person,-0.95,-0.84,0.1099999999999999,1
art_144,Reuters,Organization,-0.615,-0.78,0.165,2
art_144,Khawaja Muhammad Asif,Person,-0.3,-0.78,0.48,1
art_144,Reuters,Organization,-0.615,-0.78,0.165,2
art_144,Asif,Person,-0.378,-0.78,0.402,5
art_144,Narendra Modi,Person,-0.64,-0.78,0.14,1
art_144,Asif,Person,-0.378,-0.78,0.402,5
art_144,Pakistan Muslim League-Nawaz party,Organization,-0.64,-0.78,0.14,1
art_144,Asif,Person,-0.378,-0.78,0.402,5
art_144,Asif,Person,-0.378,-0.78,0.402,5
art_144,Donald Trump,Person,-0.78,-0.78,0.0,1
art_144,State Department,Organization,-0.78,-0.78,0.0,1
art_144,British colonial administration,Organization,-0.78,-0.78,0.0,1
art_144,Indian airlines,Organization,-0.77,-0.78,0.01,1
art_144,Asif,Person,-0.378,-0.78,0.402,5
art_144,World Bank,Organization,-0.77,-0.78,0.01,1
art_145,Modi,Person,-0.595,-0.8,0.205,4
art_145,Narendra Modi,Person,-0.93,-0.8,0.13,1
art_145,Modi,Person,-0.595,-0.8,0.205,4
art_145,Modi,Person,-0.595,-0.8,0.205,4
art_145,Modi,Person,-0.595,-0.8,0.205,4
art_146,Attaullah Tarar,Person,-0.89,-0.86,0.03,1
art_146,Modi,Person,-0.955,-0.86,0.095,2
art_146,Indian government,Organization,-0.93,-0.86,0.07,1
art_146,Tarar,Person,-0.43,-0.86,0.43,3
art_146,Khawaja Muhammad Asif,Person,-0.0199999999999999,-0.86,0.84,1
art_146,Reuters news,Organization,-0.255,-0.86,0.605,2
art_146,Asif,Person,-0.245,-0.86,0.615,2
art_146,Ministry of External Affairs,Organization,-0.49,-0.86,0.37,1
art_146,Reuters news,Organization,-0.255,-0.86,0.605,2
art_146,Tarar,Person,-0.43,-0.86,0.43,3
art_146,Narendra Modi,Person,-0.98,-0.86,0.12,1
art_146,The Resistance Front,Organization,-0.7,-0.86,0.16,1
art_146,TRF,Organization,-0.7,-0.86,0.16,1
art_146,Lashkar-e-Taiba,Organization,-0.7,-0.86,0.16,1
art_146,Indian airlines,Organization,-0.91,-0.86,0.05,1
art_146,Pakistani government,Organization,-0.02,-0.86,0.84,1
art_146,Department of,Organization,-0.02,-0.86,0.84,1
art_146,Marco Rubio,Person,-0.02,-0.86,0.84,1
art_146,Rubio,Person,0.095,-0.86,0.955,2
art_146,United Nations,Organization,-0.13,-0.86,0.73,1
art_146,Antonio Guterres,Person,-0.13,-0.86,0.73,1
art_146,Shehbaz Sharif,Person,-0.13,-0.86,0.73,1
art_146,Subrahmanyam Jaishankar,Person,-0.13,-0.86,0.73,1
art_147,India’s military,Organization,-0.78,-0.83,0.0499999999999999,1
art_147,Indian forces,Organization,-0.78,-0.83,0.0499999999999999,1
art_147,Kashmir Resistance,Organization,-0.24,-0.83,0.59,1
art_147,Lashkar-e-Taiba,Organization,-0.54,-0.83,0.2899999999999999,1
art_147,Shehbaz Sharif,Person,-0.07,-0.83,0.76,1
art_147,Narendra Modi,Person,-0.81,-0.83,0.0199999999999999,1
art_147,Sharif,Person,-0.13,-0.83,0.7,2
art_147,C R Patil,Person,-0.01,-0.83,0.82,1
art_147,Pakistan People’s party,Organization,-0.71,-0.83,0.12,1
art_147,Bilawal Bhutto Zardari,Person,-0.71,-0.83,0.12,1
art_147,Brahma Chellaney,Person,-0.87,-0.83,0.04,1
art_148,World Bank,Organization,-0.92,-0.83,0.09,1
art_148,Shehbaz Sharif,Person,-0.95,-0.83,0.12,1
art_148,Raja Mohan,Person,-0.86,-0.83,0.03,1
art_148,The Indian Express,Organization,-0.86,-0.83,0.03,1
art_148,Pakistani government,Organization,-0.86,-0.83,0.03,1
art_148,Narendra Modi,Person,-0.86,-0.83,0.03,1
art_148,Khawaja Muhammad Asif,Person,-0.47,-0.83,0.36,1
art_148,Modi,Organization,-0.5299999999999999,-0.83,0.3,3
art_148,Modi,Person,-0.5299999999999999,-0.83,0.3,3
art_148,Maharaja Hari Singh,Person,-0.16,-0.83,0.6699999999999999,1
art_148,Indian army,Organization,-0.3,-0.83,0.53,1
art_148,United Nations,Organization,-0.98,-0.83,0.15,1
art_149,India’s Cabinet Committee on Security,Organization,-0.05,-0.76,0.71,1
art_149,Permanent Commission,Organization,-0.63,-0.76,0.13,1
art_149,The Resistance Force,Organization,-0.49,-0.76,0.27,1
art_149,TRF,Organization,-0.49,-0.76,0.27,1
art_149,LeT,Organization,-0.49,-0.76,0.27,1
art_149,Narendra Modi,Person,-0.88,-0.76,0.12,1
art_149,Vikram Misri,Person,0.0,-0.76,0.76,1
art_149,Jammu-Kashmir government,Organization,0.13,-0.76,0.89,1
art_150,Attaullah Tarar,Person,-0.01,-0.79,0.78,1
art_150,Narendra Modi,Person,-0.01,-0.79,0.78,1
art_150,AFP,Organization,0.055,-0.79,0.8450000000000001,2
art_150,Tarar,Person,-0.2066666666666666,-0.79,0.5833333333333334,3
art_150,Tarar,Person,-0.2066666666666666,-0.79,0.5833333333333334,3
art_150,military,Organization,-0.5700000000000001,-0.79,0.2199999999999999,5
art_150,Modi,Person,-0.15,-0.79,0.64,2
art_150,US State Department,Organization,0.02,-0.79,0.81,1
art_150,Marco Rubio,Person,0.02,-0.79,0.81,1
art_150,Antonio Guterres,Person,0.15,-0.79,0.94,1
art_150,Shehbaz Sharif,Person,0.15,-0.79,0.94,1
art_150,Subrahmanyam Jaishankar,Person,0.15,-0.79,0.94,1
art_150,Sharif,Person,-0.02,-0.79,0.77,2
art_150,Guterres,Person,-0.02,-0.79,0.77,2
art_150,Indian police,Organization,-0.92,-0.79,0.13,1
art_150,Lashkar-e-Taiba group,Organization,-0.92,-0.79,0.13,1
art_150,UN,Organization,-0.3816666666666666,-0.79,0.4083333333333334,12
art_150,Donald Trump,Person,-0.43,-0.79,0.36,1
art_150,AFP,Organization,0.055,-0.79,0.8450000000000001,2
art_151,Indian army,Organization,-0.445,-0.88,0.435,2
art_151,Pakistani forces,Organization,-0.88,-0.88,0.0,1
art_151,Pakistan Army,Organization,-0.64,-0.88,0.24,1
art_151,Indian army,Organization,-0.445,-0.88,0.435,2
art_151,Lashkar-e-Taiba group,Organization,-0.92,-0.88,0.04,1
art_151,UN,Organization,-0.796,-0.88,0.0839999999999999,5
art_151,UN,Organization,-0.796,-0.88,0.0839999999999999,5
art_151,Donald Trump,Person,-0.55,-0.88,0.3299999999999999,1
art_152,Trump,Person,-0.0399999999999999,-0.9,0.8600000000000001,3
art_152,Qassem Soleimani,Person,0.0,-0.9,0.9,1
art_152,Islamic Revolutionary Guard Corps,Organization,0.0,-0.9,0.9,1
art_152,Quds Force,Organization,-0.14,-0.9,0.76,2
art_152,Pentagon,Organization,0.0,-0.9,0.9,1
art_152,Soleimani,Person,-0.42,-0.9,0.48,10
art_152,Mike Pompeo,Person,-0.94,-0.9,0.0399999999999999,1
art_152,Abu Bakr al-Baghdadi,Person,-0.94,-0.9,0.0399999999999999,1
art_152,Baghdadi,Person,-0.965,-0.9,0.0649999999999999,2
art_152,ISIS,Organization,-0.9733333333333332,-0.9,0.0733333333333332,3
art_152,Javad Zarif,Person,-1.0,-0.9,0.0999999999999999,1
art_152,Soleimani,Person,-0.42,-0.9,0.48,10
art_152,Daesh,Organization,-1.0,-0.9,0.0999999999999999,1
art_152,ISIS,Organization,-0.9733333333333332,-0.9,0.0733333333333332,3
art_152,Al Nusrah,Organization,-1.0,-0.9,0.0999999999999999,1
art_152,Al Qaeda,Organization,-1.0,-0.9,0.0999999999999999,1
art_152,State Department,Organization,-0.7849999999999999,-0.9,0.1150000000000001,2
art_152,Soleimani,Person,-0.42,-0.9,0.48,10
art_152,State Department,Organization,-0.7849999999999999,-0.9,0.1150000000000001,2
art_152,United Nations Security Council,Organization,-0.67,-0.9,0.2299999999999999,1
art_152,Soleimani,Person,-0.42,-0.9,0.48,10
art_152,Abu Mahdi al-Muhandis,Person,-0.95,-0.9,0.0499999999999999,1
art_152,Popular Mobilization Forces,Organization,-0.935,-0.9,0.035,2
art_152,Fox News,Organization,-0.95,-0.9,0.0499999999999999,1
art_152,Associated Press,Organization,-0.5,-0.9,0.4,2
art_152,Popular Mobilization Forces,Organization,-0.935,-0.9,0.035,2
art_152,Mohammed Reda,Person,-0.92,-0.9,0.02,1
art_152,Trump,Person,-0.0399999999999999,-0.9,0.8600000000000001,3
art_152,Soleimani,Person,-0.42,-0.9,0.48,10
art_152,Quds Force,Organization,-0.14,-0.9,0.76,2
art_152,Soleimani,Person,-0.42,-0.9,0.48,10
art_152,The Associated Press,Organization,-0.5,-0.9,0.4,2
art_152,Muhandis,Person,-0.65,-0.9,0.25,3
art_152,Soleimani,Person,-0.42,-0.9,0.48,10
art_152,Muhandis,Person,-0.65,-0.9,0.25,3
art_152,Soleimani,Person,-0.42,-0.9,0.48,10
art_152,Security Media Cell,Organization,-0.29,-0.9,0.6100000000000001,1
art_152,Trump,Person,-0.0399999999999999,-0.9,0.8600000000000001,3
art_152,Obama administration,Organization,-0.04,-0.9,0.86,1
art_152,Kataeb Hezbollah,Organization,-0.96,-0.9,0.0599999999999999,1
art_152,Mark Esper,Person,0.02,-0.9,0.92,1
art_152,Embassy,Organization,-0.66,-0.9,0.24,6
art_153,Qasem Soleimani,Person,-0.86,-0.9,0.04,1
art_153,Abu Mahdi al-Muhamdis,Person,-0.86,-0.9,0.04,1
art_153,Hashd Shaabi,Organization,-0.9066666666666666,-0.9,0.0066666666666665,3
art_153,Xinhua,Organization,-0.8833333333333333,-0.9,0.0166666666666667,3
art_153,Abu Mahdi al-Muhandis,Person,-0.92,-0.9,0.02,1
art_153,militia,Organization,-0.89,-0.9,0.01,2
art_153,Xinhua,Organization,-0.8833333333333333,-0.9,0.0166666666666667,3
art_153,Soleimani,Person,-0.9175,-0.9,0.0174999999999999,4
art_153,Islamic Revolution Guards Corps,Organization,-0.98,-0.9,0.0799999999999999,1
art_153,IRGC,Organization,-0.92,-0.9,0.0199999999999999,2
art_153,Pentagon,Organization,-0.97,-0.9,0.0699999999999999,1
art_153,al-Muhandis,Person,-0.945,-0.9,0.045,2
art_153,Soleimani,Person,-0.9175,-0.9,0.0174999999999999,4
art_153,Soleimani,Person,-0.9175,-0.9,0.0174999999999999,4
art_153,IRGC forces,Organization,-0.86,-0.9,0.04,1
art_153,Mish'aan al-Jubouri,Person,-0.86,-0.9,0.04,1
art_153,al-Muhamdis,Person,-0.86,-0.9,0.04,2
art_153,Hashd Shaabi,Organization,-0.9066666666666666,-0.9,0.0066666666666665,3
art_153,Hashd Shaabi,Person,-0.9066666666666666,-0.9,0.0066666666666665,3
art_154,Trump,Person,-0.88,-0.87,0.01,4
art_154,Qassem Soleimani,Person,-0.94,-0.87,0.0699999999999999,1
art_154,Qassem Soleimani,Person,-0.94,-0.87,0.0699999999999999,1
art_154,YouTube,Organization,0.0,-0.87,0.87,1
art_154,Pentagon,Organization,-0.805,-0.87,0.0649999999999999,2
art_154,Donald Trump,Person,-0.81,-0.87,0.0599999999999999,1
art_154,Soleimani,Person,-0.7683333333333334,-0.87,0.1016666666666665,6
art_154,Ayatollah Ali Khamenei,Person,-0.95,-0.87,0.0799999999999999,1
art_154,Soleimani,Person,-0.7683333333333334,-0.87,0.1016666666666665,6
art_154,Trump,Person,-0.88,-0.87,0.01,4
art_154,Hashed al-Shaabi,Organization,-0.46,-0.87,0.41,1
art_154,Iraqi,Organization,-0.7766666666666667,-0.87,0.0933333333333332,3
art_154,Revolutionary Guard Corps,Organization,-0.5549999999999999,-0.87,0.315,2
art_154,Soleimani,Person,-0.7683333333333334,-0.87,0.1016666666666665,6
art_154,Soleimani,Person,-0.7683333333333334,-0.87,0.1016666666666665,6
art_154,Abu Mahdi al-Muhandis,Person,-0.83,-0.87,0.04,1
art_154,Hashed,Organization,-0.58,-0.87,0.29,4
art_154,Islamic State group,Organization,-0.985,-0.87,0.1149999999999999,2
art_154,Muhandis,Person,-0.4549999999999999,-0.87,0.415,2
art_154,Hashed,Organization,-0.58,-0.87,0.29,4
art_154,Soleimani,Person,-0.7683333333333334,-0.87,0.1016666666666665,6
art_154,Islamic Revolutionary Guard Corps,Organization,-0.28,-0.87,0.59,1
art_154,Quds Force,Organization,-0.28,-0.87,0.59,1
art_154,Pentagon,Organization,-0.805,-0.87,0.0649999999999999,2
art_154,Soleimani,Person,-0.7683333333333334,-0.87,0.1016666666666665,6
art_154,Qasem Soleimani,Person,-0.8,-0.87,0.0699999999999999,1
art_154,Mohammad Javad Zarif,Person,-0.94,-0.87,0.0699999999999999,1
art_154,Mohsen Rezai,Person,-0.94,-0.87,0.0699999999999999,1
art_154,Phillip Smyth,Person,-0.33,-0.87,0.54,1
art_154,AFP,Organization,-0.98,-0.87,0.1099999999999999,1
art_154,Al-Qaeda,Organization,-0.98,-0.87,0.1099999999999999,1
art_154,Osama bin Laden,Person,-0.98,-0.87,0.1099999999999999,1
art_154,Islamic State,Organization,-0.985,-0.87,0.1149999999999999,2
art_154,Abu Bakr al-Baghdadi,Person,-0.98,-0.87,0.1099999999999999,1
art_154,Fanar Haddad,Person,-0.06,-0.87,0.81,1
art_154,Singapore University,Organization,-0.06,-0.87,0.81,1
art_154,Middle East Institute,Organization,-0.06,-0.87,0.81,1
art_154,Kataeb Hezbollah,Organization,-0.95,-0.87,0.0799999999999999,1
art_154,Trump,Person,-0.88,-0.87,0.01,4
art_154,forces,Organization,-0.8733333333333334,-0.87,0.0033333333333334,3
art_154,House Foreign Affairs Committee,Organization,-0.62,-0.87,0.25,1
art_154,Eliot Engel,Person,-0.62,-0.87,0.25,1
art_154,Brent,Organization,-0.15,-0.87,0.72,1
art_155,Qasem Soleimani,Person,-0.86,-0.86,0.0,2
art_155,Qasem Soleimani,Person,-0.86,-0.86,0.0,2
art_155,Quds Force,Organization,-0.5733333333333334,-0.86,0.2866666666666666,3
art_155,Donald Trump,Person,-0.97,-0.86,0.1099999999999999,1
art_155,Trump,Person,-0.8025,-0.86,0.0574999999999999,4
art_155,Soleimani,Person,-0.5863636363636364,-0.86,0.2736363636363635,11
art_155,Hezbollah,Organization,-0.9666666666666668,-0.86,0.1066666666666666,3
art_155,Ali Khamenei,Person,-0.84,-0.86,0.02,1
art_155,Soleimani,Person,-0.5863636363636364,-0.86,0.2736363636363635,11
art_155,Khamenei,Person,-0.385,-0.86,0.475,2
art_155,Quds Force,Organization,-0.5733333333333334,-0.86,0.2866666666666666,3
art_155,Iranian Revolutionary Guards,Organization,-0.01,-0.86,0.85,1
art_155,Soleimani,Person,-0.5863636363636364,-0.86,0.2736363636363635,11
art_155,Trump,Person,-0.8025,-0.86,0.0574999999999999,4
art_155,Trump,Person,-0.8025,-0.86,0.0574999999999999,4
art_155,Soleimani,Person,-0.5863636363636364,-0.86,0.2736363636363635,11
art_155,Pentagon,Organization,-0.3466666666666667,-0.86,0.5133333333333333,3
art_155,US Department of Defense,Organization,-0.27,-0.86,0.59,1
art_155,Soleimani,Person,-0.5863636363636364,-0.86,0.2736363636363635,11
art_155,Revolutionary Guards,Organization,-0.49,-0.86,0.37,2
art_155,Iraqi militia,Organization,-0.97,-0.86,0.1099999999999999,1
art_155,Abu Mahdi al-Muhandis,Person,-0.97,-0.86,0.1099999999999999,1
art_155,Muhandis,Person,-0.97,-0.86,0.1099999999999999,2
art_155,Kataib Hezbollah,Organization,-0.97,-0.86,0.1099999999999999,1
art_155,Popular Mobilisation units,Organization,-0.72,-0.86,0.14,1
art_155,PM,Organization,-0.415,-0.86,0.445,2
art_155,Soleimani,Person,-0.5863636363636364,-0.86,0.2736363636363635,11
art_155,Lebanese Hezbollah,Organization,-0.96,-0.86,0.0999999999999999,1
art_155,Pentagon,Organization,-0.3466666666666667,-0.86,0.5133333333333333,3
art_155,Qasem Soleimani,Person,-0.86,-0.86,0.0,2
art_155,Pentagon,Organization,-0.3466666666666667,-0.86,0.5133333333333333,3
art_155,Soleimani,Person,-0.5863636363636364,-0.86,0.2736363636363635,11
art_155,Bashar al-Assad,Person,-0.98,-0.86,0.12,1
art_155,Islamic State,Organization,-0.93,-0.86,0.0699999999999999,2
art_155,Islamic State,Organization,-0.93,-0.86,0.0699999999999999,2
art_156,Donald Trump,Person,-0.88,-0.83,0.05,1
art_156,Trump,Person,-0.6183333333333333,-0.83,0.2116666666666666,6
art_156,Qasem Soleimani,Person,-0.88,-0.83,0.05,1
art_156,United Nations,Organization,-0.8600000000000001,-0.83,0.0300000000000001,2
art_156,Majid Takht Ravanchi,Person,-0.6699999999999999,-0.83,0.16,1
art_156,UN,Organization,-0.66875,-0.83,0.16125,8
art_156,CNN,Organization,-0.4125,-0.83,0.4175,4
art_156,CNN,Organization,-0.4125,-0.83,0.4175,4
art_156,United Nations,Organization,-0.8600000000000001,-0.83,0.0300000000000001,2
art_156,Pentagon,Organization,-0.8800000000000001,-0.83,0.0500000000000001,5
art_156,Soleimani,Person,-0.5855555555555555,-0.83,0.2444444444444444,9
art_156,Islamic Revolutionary Guards Corps,Organization,-0.86,-0.83,0.03,1
art_156,IRGC,Organization,-0.86,-0.83,0.03,1
art_156,Abu Mahdi al-Muhandis,Person,-0.98,-0.83,0.15,1
art_156,Iraqi Popular Mobilization Forces,Organization,-0.98,-0.83,0.15,1
art_156,PMF,Organization,-0.495,-0.83,0.3349999999999999,2
art_156,PMF,Organization,-0.495,-0.83,0.3349999999999999,2
art_156,PMF,Organization,-0.495,-0.83,0.3349999999999999,2
art_156,PMF,Organization,-0.495,-0.83,0.3349999999999999,2
art_156,Trump administration,Organization,-0.94,-0.83,0.1099999999999999,1
art_156,Soleimani,Person,-0.5855555555555555,-0.83,0.2444444444444444,9
art_156,Pentagon,Organization,-0.8800000000000001,-0.83,0.0500000000000001,5
art_156,Soleimani,Person,-0.5855555555555555,-0.83,0.2444444444444444,9
art_156,Soleimani,Person,-0.5855555555555555,-0.83,0.2444444444444444,9
art_156,Pentagon,Organization,-0.8800000000000001,-0.83,0.0500000000000001,5
art_156,Pentagon,Organization,-0.8800000000000001,-0.83,0.0500000000000001,5
art_156,Soleimani,Person,-0.5855555555555555,-0.83,0.2444444444444444,9
art_156,Quds Force,Organization,-0.925,-0.83,0.095,2
art_156,Pentagon,Organization,-0.8800000000000001,-0.83,0.0500000000000001,5
art_156,Mike Pompeo,Person,-0.2,-0.83,0.6299999999999999,1
art_156,State Department,Organization,-0.2,-0.83,0.6299999999999999,1
art_156,Brian Hook,Person,-0.2,-0.83,0.6299999999999999,1
art_156,Pompeo,Person,-0.155,-0.83,0.6749999999999999,2
art_156,CNN,Organization,-0.4125,-0.83,0.4175,4
art_156,Hook,Person,-0.165,-0.83,0.6649999999999999,2
art_156,Al Arabiya,Organization,-0.13,-0.83,0.7,1
art_156,CNN,Organization,-0.4125,-0.83,0.4175,4
art_156,Trump,Person,-0.6183333333333333,-0.83,0.2116666666666666,6
art_156,Trump,Person,-0.6183333333333333,-0.83,0.2116666666666666,6
art_156,Soleimani,Person,-0.5855555555555555,-0.83,0.2444444444444444,9
art_156,Trump,Person,-0.6183333333333333,-0.83,0.2116666666666666,6
art_156,Robert O’Brien,Person,-0.03,-0.83,0.7999999999999999,1
art_156,O’Brien,Person,-0.04,-0.83,0.7899999999999999,3
art_156,O’Brien,Person,-0.04,-0.83,0.7899999999999999,3
art_156,Soleimani,Person,-0.5855555555555555,-0.83,0.2444444444444444,9
art_156,Soleimani,Person,-0.5855555555555555,-0.83,0.2444444444444444,9
art_156,IRNA news,Organization,0.0,-0.83,0.83,1
art_157,Pentagon,Organization,-0.5675,-0.85,0.2825,4
art_157,Trump,Person,-0.66,-0.85,0.1899999999999999,1
art_157,Quds Force,Organization,-0.66,-0.85,0.1899999999999999,1
art_157,Soleimani,Person,-0.5,-0.85,0.35,5
art_157,Donald Trump,Person,-0.66,-0.85,0.1899999999999999,1
art_157,Force,Organization,-0.8266666666666667,-0.85,0.0233333333333333,3
art_157,Qassem Soleimani,Person,-0.66,-0.85,0.1899999999999999,1
art_157,Pentagon,Organization,-0.5675,-0.85,0.2825,4
art_157,US military,Organization,-0.68,-0.85,0.1699999999999999,3
art_157,Qasem Soleimani,Person,-0.52,-0.85,0.3299999999999999,1
art_157,Pentagon,Organization,-0.5675,-0.85,0.2825,4
art_157,Pentagon,Organization,-0.5675,-0.85,0.2825,4
art_157,Soleimani,Person,-0.5,-0.85,0.35,5
art_157,Pentagon,Organization,-0.5675,-0.85,0.2825,4
art_157,Soleimani,Person,-0.5,-0.85,0.35,5
art_157,Kataib Hezbollah,Organization,-0.97,-0.85,0.12,1
art_157,Popular Mobilization Units,Organization,-0.97,-0.85,0.12,1
art_157,PMU,Organization,-0.97,-0.85,0.12,1
art_157,Pompeo,Person,-0.95,-0.85,0.0999999999999999,1
art_157,Mike Pompeo,Person,-0.95,-0.85,0.0999999999999999,1
art_157,US military,Organization,-0.68,-0.85,0.1699999999999999,3
art_157,Soleimani,Person,-0.5,-0.85,0.35,5
art_157,Iranian Revolutionary Guards Corps,Organization,-0.23,-0.85,0.62,1
art_157,Popular Mobilization Forces,Organization,-0.91,-0.85,0.0599999999999999,2
art_157,Popular Mobilization Forces,Organization,-0.91,-0.85,0.0599999999999999,2
art_158,Qassem Soleimani,Person,-0.975,-0.85,0.125,2
art_158,Qassem Soleimani,Person,-0.975,-0.85,0.125,2
art_158,Soleimani,Person,-0.776,-0.85,0.0739999999999999,10
art_158,Islamic Revolutionary Guard Corps,Organization,-0.91,-0.85,0.06,1
art_158,IRGC,Organization,-0.65,-0.85,0.1999999999999999,2
art_158,Soleimani,Person,-0.776,-0.85,0.0739999999999999,10
art_158,Abu Mahdi al-Muhandis,Person,-0.97,-0.85,0.12,1
art_158,Hashd al-Shaabi,Organization,-0.97,-0.85,0.12,1
art_158,Popular Mobilisation Forces,Organization,-0.97,-0.85,0.12,1
art_158,PMF,Organization,-0.6799999999999999,-0.85,0.17,2
art_158,PMF,Organization,-0.6799999999999999,-0.85,0.17,2
art_158,IRGC,Organization,-0.65,-0.85,0.1999999999999999,2
art_158,White House,Organization,-0.91,-0.85,0.06,1
art_158,Pentagon,Organization,-0.91,-0.85,0.06,1
art_158,Soleimani,Person,-0.776,-0.85,0.0739999999999999,10
art_158,Donald Trump,Person,-0.91,-0.85,0.06,1
art_158,Ali Khamenei,Person,-0.93,-0.85,0.08,1
art_158,Soleimani,Person,-0.776,-0.85,0.0739999999999999,10
art_158,Mohammad Marandi,Person,-0.81,-0.85,0.0399999999999999,1
art_158,Al Jazeera,Organization,-0.2125,-0.85,0.6375,4
art_158,Marandi,Person,-0.4559999999999999,-0.85,0.394,5
art_158,Soleimani,Person,-0.776,-0.85,0.0739999999999999,10
art_158,Islamic State,Organization,-0.85,-0.85,0.0,1
art_158,Iraq and the Levant,Organization,-0.85,-0.85,0.0,1
art_158,ISIL,Organization,-0.85,-0.85,0.0,1
art_158,ISIS,Organization,-0.85,-0.85,0.0,1
art_158,Foad Izadi,Person,0.0,-0.85,0.85,1
art_158,Tehran University,Organization,0.0,-0.85,0.85,1
art_158,Al Jazeera,Organization,-0.2125,-0.85,0.6375,4
art_158,Marandi,Person,-0.4559999999999999,-0.85,0.394,5
art_158,Soleimani,Person,-0.776,-0.85,0.0739999999999999,10
art_158,Marandi,Person,-0.4559999999999999,-0.85,0.394,5
art_158,Abas Aslani,Person,0.01,-0.85,0.86,1
art_158,Al Jazeera,Organization,-0.2125,-0.85,0.6375,4
art_158,Soleimani,Person,-0.776,-0.85,0.0739999999999999,10
art_158,CIA,Organization,-0.8119999999999999,-0.85,0.038,5
art_158,Bob Baer,Person,-0.83,-0.85,0.02,1
art_158,Soleimani,Person,-0.776,-0.85,0.0739999999999999,10
art_158,CIA,Organization,-0.8119999999999999,-0.85,0.038,5
art_158,Trump,Person,-0.765,-0.85,0.0849999999999999,2
art_158,Baer,Person,-0.5,-0.85,0.35,3
art_158,US embassy,Organization,-0.95,-0.85,0.0999999999999999,1
art_158,Baer,Person,-0.5,-0.85,0.35,3
art_158,Al Jazeera,Organization,-0.2125,-0.85,0.6375,4
art_158,Marandi,Person,-0.4559999999999999,-0.85,0.394,5
art_158,Ali Younes,Person,0.0,-0.85,0.85,1
art_158,Twitter,Organization,0.0,-0.85,0.85,1
art_159,Donald Trump,Person,-0.99,-0.81,0.1799999999999999,1
art_159,Qassem Suleimani,Person,-0.93,-0.81,0.12,1
art_159,Popular Mobilisation Forces,Organization,-0.93,-0.81,0.12,1
art_159,PMF,Organization,-0.9575,-0.81,0.1474999999999999,4
art_159,PMF,Organization,-0.9575,-0.81,0.1474999999999999,4
art_159,Abu Mahdi al-Muhandis,Person,-0.97,-0.81,0.1599999999999999,1
art_159,Suleimani,Person,-0.5027272727272728,-0.81,0.3072727272727272,11
art_159,Suleimani,Person,-0.5027272727272728,-0.81,0.3072727272727272,11
art_159,Pentagon,Organization,-0.5033333333333333,-0.81,0.3066666666666667,3
art_159,Trump,Person,-0.4975,-0.81,0.3125,4
art_159,White House,Organization,-0.06,-0.81,0.75,1
art_159,Hassan Rouhani,Person,-0.64,-0.81,0.17,1
art_159,Suleimani,Person,-0.5027272727272728,-0.81,0.3072727272727272,11
art_159,Mohammad Javad Zarif,Person,-0.92,-0.81,0.1099999999999999,1
art_159,Twitter,Organization,-0.92,-0.81,0.1099999999999999,1
art_159,Suleimani,Person,-0.5027272727272728,-0.81,0.3072727272727272,11
art_159,Daesh,Organization,-0.92,-0.81,0.1099999999999999,1
art_159,ISIS,Organization,-0.92,-0.81,0.1099999999999999,1
art_159,Al Nusrah,Organization,-0.92,-0.81,0.1099999999999999,1
art_159,Al Qaeda,Organization,-0.92,-0.81,0.1099999999999999,1
art_159,Hezbollah,Organization,-0.95,-0.81,0.1399999999999999,1
art_159,Hadi al-Ameri,Person,-0.18,-0.81,0.6300000000000001,1
art_159,Badr Organization,Organization,-0.18,-0.81,0.6300000000000001,1
art_159,Joe Biden,Person,0.0199999999999999,-0.81,0.8300000000000001,1
art_159,Trump,Person,-0.4975,-0.81,0.3125,4
art_159,Elizabeth Warren,Person,-0.72,-0.81,0.09,1
art_159,Bernie Sanders,Person,-0.72,-0.81,0.09,1
art_159,Suleimani,Person,-0.5027272727272728,-0.81,0.3072727272727272,11
art_159,Quds force,Organization,-0.71,-0.81,0.1,2
art_159,Revolutionary Guards,Organization,-0.49,-0.81,0.32,1
art_159,Trump administration,Organization,-0.49,-0.81,0.32,1
art_159,Pentagon,Organization,-0.5033333333333333,-0.81,0.3066666666666667,3
art_159,Suleimani,Person,-0.5027272727272728,-0.81,0.3072727272727272,11
art_159,Khamenei,Person,0.0399999999999999,-0.81,0.8500000000000001,1
art_159,Rouhani,Person,-0.3,-0.81,0.51,2
art_159,Suleimani,Person,-0.5027272727272728,-0.81,0.3072727272727272,11
art_159,Esmail Ghaani,Person,-0.17,-0.81,0.64,1
art_159,Suleimani,Person,-0.5027272727272728,-0.81,0.3072727272727272,11
art_159,Barack Obama,Person,-0.37,-0.81,0.44,1
art_159,PMF,Organization,-0.9575,-0.81,0.1474999999999999,4
art_159,Pentagon,Organization,-0.5033333333333333,-0.81,0.3066666666666667,3
art_159,Suleimani,Person,-0.5027272727272728,-0.81,0.3072727272727272,11
art_159,PMF,Organization,-0.9575,-0.81,0.1474999999999999,4
art_159,affiliated,Organization,-0.97,-0.81,0.1599999999999999,1
art_159,Mark Esper,Person,-0.01,-0.81,0.8,1
art_159,Esper,Person,-0.02,-0.81,0.79,2
art_159,Mike Pompeo,Person,-0.5,-0.81,0.31,1
art_159,Suleimani,Person,-0.5027272727272728,-0.81,0.3072727272727272,11
art_160,Qassem Soleimani,Person,-0.6599999999999999,-0.85,0.19,2
art_160,Trump,Person,-0.975,-0.85,0.125,2
art_160,Soleimani,Person,-0.8175,-0.85,0.0324999999999999,4
art_160,Soleimani,Person,-0.8175,-0.85,0.0324999999999999,4
art_160,Qassem Soleimani,Person,-0.6599999999999999,-0.85,0.19,2
art_160,Quds Force,Organization,-0.96,-0.85,0.1099999999999999,1
art_160,Soleimani,Person,-0.8175,-0.85,0.0324999999999999,4
art_160,Donald Trump,Person,-0.99,-0.85,0.14,1
art_160,Iraqi militia,Organization,-0.96,-0.85,0.1099999999999999,1
art_160,Abu Mahdi al-Muhandis,Person,-0.96,-0.85,0.1099999999999999,1
art_160,Soleimani,Person,-0.8175,-0.85,0.0324999999999999,4
art_160,Kataib Hezbollah militia,Organization,-0.84,-0.85,0.01,1
art_160,Muhandis,Person,-0.8999999999999999,-0.85,0.0499999999999999,2
art_160,US military,Organization,-0.36,-0.85,0.49,1
art_160,Qassem Soleimani,Person,-0.6599999999999999,-0.85,0.19,2
art_160,Pentagon,Organization,-0.36,-0.85,0.49,1
art_160,Voice,Organization,0.0,-0.85,0.85,1
art_161,ANC,Organization,-0.8049999999999999,-0.81,0.0050000000000001,4
art_161,Quds Force,Organization,-0.9366666666666666,-0.81,0.1266666666666666,3
art_161,Qassem Soleimani,Person,-0.95,-0.81,0.1399999999999999,1
art_161,Ace Magashule,Person,-0.95,-0.81,0.1399999999999999,1
art_161,ANC,Organization,-0.8049999999999999,-0.81,0.0050000000000001,4
art_161,department of international relations and cooperation,Organization,-0.95,-0.81,0.1399999999999999,1
art_161,Naledi Pandor,Person,-0.93,-0.81,0.12,1
art_161,ANC,Organization,-0.8049999999999999,-0.81,0.0050000000000001,4
art_161,UN,Organization,-0.8140000000000001,-0.81,0.004,5
art_161,African Union,Organization,-0.93,-0.81,0.12,1
art_161,al-Shabaab,Organization,-0.93,-0.81,0.12,1
art_161,US Africa Command,Organization,-0.93,-0.81,0.12,1
art_161,al-Shabaab,Organization,-0.93,-0.81,0.12,1
art_161,Soleimani,Person,-0.9366666666666666,-0.81,0.1266666666666666,3
art_161,Iraqi parliament,Organization,-0.93,-0.81,0.12,1
art_161,Soleimani,Person,-0.9366666666666666,-0.81,0.1266666666666666,3
art_161,Soleimani,Person,-0.9366666666666666,-0.81,0.1266666666666666,3
art_161,Quds Force,Organization,-0.9366666666666666,-0.81,0.1266666666666666,3
art_161,Abu Mahdi al-Muhandis,Person,-0.93,-0.81,0.12,1
art_161,Popular Mobilisation Forces,Organization,-0.93,-0.81,0.12,1
art_161,PMF,Organization,-0.93,-0.81,0.12,1
art_161,Hashd al-Shaabi,Organization,-0.93,-0.81,0.12,1
art_161,Ali Hosseini Khamenei,Person,-0.93,-0.81,0.12,1
art_161,Trump,Person,-0.78,-0.81,0.03,4
art_161,US President Donald Trump threatened to hit,Person,-0.93,-0.81,0.12,1
art_161,Esmail Qaani,Person,-0.93,-0.81,0.12,1
art_161,Soleimani,Person,-0.9366666666666666,-0.81,0.1266666666666666,3
art_161,Soleimani,Person,-0.9366666666666666,-0.81,0.1266666666666666,3
art_161,Qaani,Person,-0.47,-0.81,0.34,2
art_161,Trump,Person,-0.78,-0.81,0.03,4
art_161,US military,Organization,-0.78,-0.81,0.03,1
art_161,Trump,Person,-0.78,-0.81,0.03,4
art_161,Trump,Person,-0.78,-0.81,0.03,4
art_161,parliament,Organization,-0.825,-0.81,0.0149999999999999,2
art_161,Trump,Person,-0.78,-0.81,0.03,4
art_161,Nader Hashemi,Person,-0.69,-0.81,0.1200000000000001,1
art_161,Center for Middle East Studies,Organization,-0.69,-0.81,0.1200000000000001,1
art_161,Al Jazeera,Organization,-0.69,-0.81,0.1200000000000001,1
art_161,Trump,Person,-0.78,-0.81,0.03,4
art_161,Hashemi,Person,-0.69,-0.81,0.1200000000000001,1
art_162,AP,Organization,-0.3666666666666666,-0.75,0.3833333333333333,6
art_162,AFP,Organization,-0.98,-0.75,0.2299999999999999,1
art_162,Qassem Soleimani,Person,-0.98,-0.75,0.2299999999999999,1
art_162,military,Organization,-0.6433333333333333,-0.75,0.1066666666666666,3
art_162,Soleimani,Person,-0.68,-0.75,0.0699999999999999,9
art_162,Defence Department,Organization,-0.16,-0.75,0.59,1
art_162,Soleimani,Person,-0.68,-0.75,0.0699999999999999,9
art_162,Soleimani,Person,-0.68,-0.75,0.0699999999999999,9
art_162,Revolutionary Guards,Organization,-0.575,-0.75,0.175,2
art_162,Donald Trump,Person,-0.07,-0.75,0.6799999999999999,1
art_162,Ali Khamenei,Person,-0.81,-0.75,0.06,1
art_162,Khamenei,Person,-0.885,-0.75,0.135,2
art_162,Soleimani,Person,-0.68,-0.75,0.0699999999999999,9
art_162,Khamenei,Person,-0.885,-0.75,0.135,2
art_162,Hassan Rouhani,Person,-0.87,-0.75,0.12,1
art_162,Trump,Person,-0.63,-0.75,0.12,5
art_162,Trump,Person,-0.63,-0.75,0.12,5
art_162,Hessameddin Ashena,Person,-0.31,-0.75,0.44,1
art_162,Trump,Person,-0.63,-0.75,0.12,5
art_162,Soleimani,Person,-0.68,-0.75,0.0699999999999999,9
art_162,Mike Pompeo,Person,-0.71,-0.75,0.04,1
art_162,Twitter,Organization,-0.6399999999999999,-0.75,0.1100000000000001,2
art_162,Soleimani,Person,-0.68,-0.75,0.0699999999999999,9
art_162,Soleimani,Person,-0.68,-0.75,0.0699999999999999,9
art_162,Pompeo,Person,-0.375,-0.75,0.375,2
art_162,Iraqi militia,Organization,-0.97,-0.75,0.2199999999999999,1
art_162,Abu Mahdi al-Muhandis,Person,-0.97,-0.75,0.2199999999999999,1
art_162,"Paul Pillar,",Person,-0.28,-0.75,0.47,1
art_162,Central Intelligence Agency officer,Organization,-0.28,-0.75,0.47,1
art_162,Georgetown University in,Organization,-0.28,-0.75,0.47,1
art_162,Soleimani,Person,-0.68,-0.75,0.0699999999999999,9
art_162,Islamic State,Organization,-0.62,-0.75,0.13,1
art_162,ISIS,Organization,-0.62,-0.75,0.13,1
art_162,Revolutionary Guards Corp,Organization,-0.37,-0.75,0.38,1
art_162,Trump,Person,-0.63,-0.75,0.12,5
art_162,Marco Rubio,Person,-0.57,-0.75,0.18,1
art_162,Chris Murphy,Person,-0.57,-0.75,0.18,1
art_162,Twitter,Organization,-0.6399999999999999,-0.75,0.1100000000000001,2
art_162,Soleimani,Person,-0.68,-0.75,0.0699999999999999,9
art_163,Qassim Soleimani,Person,-0.95,-0.92,0.0299999999999999,1
art_163,Quds Force,Organization,-0.97,-0.92,0.0499999999999999,2
art_163,Abu Mahdi al-Muhandis,Person,-0.9,-0.92,0.02,1
art_163,Popular Mobilisation Forces,Organization,-0.9,-0.92,0.02,1
art_163,PMF,Organization,-0.825,-0.92,0.095,2
art_163,PMF,Organization,-0.825,-0.92,0.095,2
art_163,Pentagon,Organization,-0.14,-0.92,0.78,2
art_163,Pentagon,Organization,-0.14,-0.92,0.78,2
art_163,Qassem Soleimani,Person,-0.99,-0.92,0.0699999999999999,1
art_163,Trump,Person,-0.99,-0.92,0.0699999999999999,1
art_163,Pentagon,Organization,-0.14,-0.92,0.78,2
art_163,Associated Press,Organization,-0.77,-0.92,0.15,1
art_163,Soleimani,Person,-0.6757142857142856,-0.92,0.2442857142857144,7
art_163,al-Muhandis,Person,-0.6625,-0.92,0.2575,4
art_163,Kataeb Hezbollah,Organization,-0.88,-0.92,0.04,1
art_163,al-Muhandis,Person,-0.6625,-0.92,0.2575,4
art_163,Soleimani,Person,-0.6757142857142856,-0.92,0.2442857142857144,7
art_163,al-Muhandis,Person,-0.6625,-0.92,0.2575,4
art_163,Soleimani,Person,-0.6757142857142856,-0.92,0.2442857142857144,7
art_163,Soleimani,Person,-0.6757142857142856,-0.92,0.2442857142857144,7
art_163,Bashar Assad,Person,-1.0,-0.92,0.0799999999999999,1
art_163,Soleimani,Person,-0.6757142857142856,-0.92,0.2442857142857144,7
art_163,Assad,Person,-0.995,-0.92,0.0749999999999999,2
art_163,Security Media Cell,Organization,-0.98,-0.92,0.0599999999999999,1
art_164,Reuters,Organization,-0.935,-0.8,0.135,2
art_164,administration,Organization,-0.5499999999999999,-0.8,0.2500000000000001,3
art_164,U.N.,Organization,-0.296,-0.8,0.504,5
art_164,Qassem Soleimani,Person,-0.99,-0.8,0.1899999999999999,1
art_164,Quds Force,Organization,-0.99,-0.8,0.1899999999999999,1
art_164,Donald Trump,Person,-0.97,-0.8,0.1699999999999999,1
art_164,Trump,Person,-0.82,-0.8,0.0199999999999999,6
art_164,U.N.,Organization,-0.296,-0.8,0.504,5
art_164,Yale Law School,Organization,-0.78,-0.8,0.02,1
art_164,Oona Hathaway,Person,-0.78,-0.8,0.02,1
art_164,Twitter,Organization,-0.78,-0.8,0.02,1
art_164,Pentagon,Organization,-0.78,-0.8,0.02,1
art_164,Soleimani,Person,-0.8171428571428571,-0.8,0.017142857142857,7
art_164,Trump,Person,-0.82,-0.8,0.0199999999999999,6
art_164,Robert Chesney,Person,0.22,-0.8,1.02,1
art_164,University of Texas at Austin School of Law,Organization,0.22,-0.8,1.02,1
art_164,U.N.,Organization,-0.296,-0.8,0.504,5
art_164,Scott Anderson,Person,0.03,-0.8,0.8300000000000001,1
art_164,Trump,Person,-0.82,-0.8,0.0199999999999999,6
art_164,Barack Obama,Person,-0.6,-0.8,0.2,1
art_164,Trump,Person,-0.82,-0.8,0.0199999999999999,6
art_164,Iraqi government,Organization,-0.6,-0.8,0.2,1
art_164,Soleimani,Person,-0.8171428571428571,-0.8,0.017142857142857,7
art_164,U.N.,Organization,-0.296,-0.8,0.504,5
art_164,Islamic State,Organization,-0.5,-0.8,0.3,2
art_164,Islamic State,Organization,-0.5,-0.8,0.3,2
art_164,Agnes Callamard,Person,-0.12,-0.8,0.68,1
art_164,U.N.,Organization,-0.296,-0.8,0.504,5
art_164,Soleimani,Organization,-0.8171428571428571,-0.8,0.017142857142857,7
art_164,Trump,Person,-0.82,-0.8,0.0199999999999999,6
art_164,Soleimani,Person,-0.8171428571428571,-0.8,0.017142857142857,7
art_164,Mark Warner,Person,-0.99,-0.8,0.1899999999999999,1
art_164,Senate Intelligence Committee,Organization,-0.99,-0.8,0.1899999999999999,1
art_164,Reuters,Organization,-0.935,-0.8,0.135,2
art_164,Trump,Person,-0.82,-0.8,0.0199999999999999,6
art_164,Soleimani,Person,-0.8171428571428571,-0.8,0.017142857142857,7
art_164,Congress,Organization,-0.585,-0.8,0.215,2
art_164,Soleimani,Person,-0.8171428571428571,-0.8,0.017142857142857,7
art_164,Congress,Organization,-0.585,-0.8,0.215,2
art_164,Chesney,Person,-0.385,-0.8,0.415,2
art_165,Malian government,Organization,0.0199999999999999,-0.78,0.8,1
art_165,Emmanuel Macron,Person,0.0199999999999999,-0.78,0.8,1
art_165,Abdoulaye Maiga,Person,0.01,-0.78,0.79,1
art_165,Maiga,Person,-0.195,-0.78,0.585,2
art_165,Macron,Person,-0.0033333333333333,-0.78,0.7766666666666667,3
art_165,junta,Organization,-0.7633333333333333,-0.78,0.0166666666666667,3
art_165,Macron,Person,-0.0033333333333333,-0.78,0.7766666666666667,3
art_165,Takuba,Organization,-0.34,-0.78,0.44,1
art_166,Emmanuel Macron,Person,-0.945,-0.73,0.215,2
art_166,Emmanuel Macron,Person,-0.945,-0.73,0.215,2
art_166,Macron,Person,-0.37,-0.73,0.36,7
art_166,Abdoulaye Diop,Person,0.0,-0.73,0.73,1
art_166,Sadio Camara,Person,0.0,-0.73,0.73,1
art_166,Diop,Person,0.39,-0.73,1.12,2
art_166,Delina Goxho,Person,-0.1,-0.73,0.63,1
art_166,Al Jazeera,Organization,-0.1,-0.73,0.63,1
art_166,Olivier Salgado,Person,0.0499999999999999,-0.73,0.78,1
art_166,UN,Organization,-0.2475,-0.73,0.4825,8
art_166,MINUSMA,Organization,0.0499999999999999,-0.73,0.78,1
art_166,AFP news agency,Organization,0.0499999999999999,-0.73,0.78,1
art_166,UN,Organization,-0.2475,-0.73,0.4825,8
art_166,Barkhane,Organization,-0.7233333333333333,-0.73,0.0066666666666667,3
art_166,Macron,Person,-0.37,-0.73,0.36,7
art_166,Macron,Person,-0.37,-0.73,0.36,7
art_166,Macron,Person,-0.37,-0.73,0.36,7
art_166,Macron,Person,-0.37,-0.73,0.36,7
art_167,Emmanuel Macron,Person,-0.08,-0.86,0.78,1
art_167,Macron,Person,-0.37,-0.86,0.49,5
art_167,Macron,Person,-0.37,-0.86,0.49,5
art_167,Takuba Task Force,Organization,-0.73,-0.86,0.13,1
art_167,François Hollande,Person,-0.03,-0.86,0.83,1
art_167,Wagner,Organization,-0.99,-0.86,0.13,1
art_167,Macron,Person,-0.37,-0.86,0.49,5
art_167,Macron,Person,-0.37,-0.86,0.49,5
art_168,Macron,Person,-0.4125,-0.82,0.4075,4
art_168,Emmanuel Macron,Person,-0.16,-0.82,0.6599999999999999,1
art_168,Macron,Person,-0.4125,-0.82,0.4075,4
art_168,Macron,Person,-0.4125,-0.82,0.4075,4
art_168,Takuba Task Force,Organization,0.0,-0.82,0.82,1
art_168,Souleymane Dembélé,Person,-0.69,-0.82,0.13,1
art_168,Wagner,Person,-0.83,-0.82,0.01,2
art_168,BBC,Organization,-0.4525,-0.82,0.3674999999999999,4
art_168,Macron,Person,-0.4125,-0.82,0.4075,4
art_168,BBC,Organization,-0.4525,-0.82,0.3674999999999999,4
art_168,Wagner,Person,-0.83,-0.82,0.01,2
art_168,BBC,Organization,-0.4525,-0.82,0.3674999999999999,4
art_168,Beverly Ochieng,Person,-0.52,-0.82,0.2999999999999999,1
art_168,BBC,Organization,-0.4525,-0.82,0.3674999999999999,4
art_168,al-Qaeda,Organization,-0.6799999999999999,-0.82,0.14,2
art_168,Islamic State,Organization,-0.95,-0.82,0.13,1
art_168,al-Qaeda,Organization,-0.6799999999999999,-0.82,0.14,2
art_168,Alassane Ouattara,Person,-0.8,-0.82,0.0199999999999999,1
art_168,Ouattara,Person,-0.38,-0.82,0.4399999999999999,2
art_169,Reuters,Organization,-0.88,-0.89,0.01,1
art_169,al Qaeda,Organization,-0.99,-0.89,0.0999999999999999,1
art_169,Islamic State,Organization,-0.99,-0.89,0.0999999999999999,1
art_169,Emmanuel Macron,Person,-0.99,-0.89,0.0999999999999999,1
art_169,Macron,Person,-0.49,-0.89,0.4,2
art_169,Souleymane Dembele,Person,-0.93,-0.89,0.04,1
art_169,Sidiki Bagayoko,Person,-0.74,-0.89,0.15,1
art_169,Housseini Guindo,Person,-0.74,-0.89,0.15,1
art_169,Abdoulaye Diop,Person,-0.98,-0.89,0.0899999999999999,1
art_169,Diop,Person,-0.98,-0.89,0.0899999999999999,1
art_169,U.N.,Organization,-0.99,-0.89,0.0999999999999999,1
art_169,MINUSMA,Organization,-0.66,-0.89,0.2299999999999999,1
art_169,European Union,Organization,-0.66,-0.89,0.2299999999999999,1
art_169,EUTM,Organization,-0.66,-0.89,0.2299999999999999,1
art_169,EUCAP,Organization,-0.66,-0.89,0.2299999999999999,1
art_169,Pascal Ianni,Person,-0.66,-0.89,0.2299999999999999,1
art_170,Emmanuel Macron,Person,-0.44,-0.81,0.37,1
art_170,Macron,Person,-0.55875,-0.81,0.2512500000000001,8
art_170,François Hollande,Person,-0.66,-0.81,0.15,1
art_170,Macron,Person,-0.55875,-0.81,0.2512500000000001,8
art_170,Macron,Person,-0.55875,-0.81,0.2512500000000001,8
art_170,Le Monde,Organization,-0.58,-0.81,0.2300000000000001,1
art_170,Russian mercenary forces,Organization,-0.81,-0.81,0.0,1
art_170,Wagner group,Organization,-0.81,-0.81,0.0,1
art_170,EU,Organization,-0.56,-0.81,0.25,8
art_170,Souleymane Dembele,Person,-0.95,-0.81,0.1399999999999999,1
art_170,Macron,Person,-0.55875,-0.81,0.2512500000000001,8
art_170,al-Qaida,Organization,-0.19,-0.81,0.6200000000000001,2
art_170,Islamic State,Organization,0.01,-0.81,0.8200000000000001,1
art_170,al-Qaida,Organization,-0.19,-0.81,0.6200000000000001,2
art_170,IS,Organization,-0.4404545454545454,-0.81,0.3695454545454546,22
art_170,Macron,Person,-0.55875,-0.81,0.2512500000000001,8
art_170,Macky Sall,Person,-0.68,-0.81,0.13,1
art_170,Macron,Person,-0.55875,-0.81,0.2512500000000001,8
art_170,Macron,Person,-0.55875,-0.81,0.2512500000000001,8
art_170,United Nations,Organization,-0.5,-0.81,0.31,1
art_170,UN,Organization,-0.426,-0.81,0.384,10
art_170,European Union,Organization,-0.01,-0.81,0.8,1
art_170,EUTM,Organization,-0.01,-0.81,0.8,1
art_170,EUCAP,Organization,-0.01,-0.81,0.8,1
art_170,Pascal Ianni,Person,0.11,-0.81,0.92,1
art_171,Xinhua,Organization,-0.03,-0.76,0.73,1
art_171,French presidential office,Organization,-0.03,-0.76,0.73,1
art_171,Malian transitional,Organization,-0.78,-0.76,0.02,1
art_171,Operation Barkhane,Organization,-0.455,-0.76,0.305,2
art_171,Task Force Takuba,Organization,-0.455,-0.76,0.305,2
art_171,Task Force Takuba,Organization,-0.455,-0.76,0.305,2
art_171,Emmanuel Macron,Person,-0.02,-0.76,0.74,1
art_171,Macron,Person,-0.145,-0.76,0.615,2
art_172,Takuba,Organization,-0.74,-0.83,0.0899999999999999,2
art_172,Emmanuel Macron,Person,-0.92,-0.83,0.09,1
art_172,Macron,Person,-0.5628571428571428,-0.83,0.2671428571428571,7
art_172,Macron,Person,-0.5628571428571428,-0.83,0.2671428571428571,7
art_172,Le Monde.Mr,Organization,-0.95,-0.83,0.12,1
art_172,Macron,Person,-0.5628571428571428,-0.83,0.2671428571428571,7
art_172,Francois Hollande,Person,-0.5599999999999999,-0.83,0.27,1
art_172,Macron,Person,-0.5628571428571428,-0.83,0.2671428571428571,7
art_172,Al-Qaeda,Organization,-0.56,-0.83,0.2699999999999999,1
art_172,Islamic State,Organization,-0.56,-0.83,0.2699999999999999,1
art_172,Macron,Person,-0.5628571428571428,-0.83,0.2671428571428571,7
art_172,Macky Sall,Person,-0.66,-0.83,0.1699999999999999,1
art_172,EU,Organization,-0.8200000000000001,-0.83,0.0099999999999998,4
art_172,Pascal Ianni,Person,-0.66,-0.83,0.1699999999999999,1
art_172,United Nations,Organization,-0.66,-0.83,0.1699999999999999,1
art_172,EU,Organization,-0.8200000000000001,-0.83,0.0099999999999998,4
art_172,Malian army,Organization,-0.66,-0.83,0.1699999999999999,1
art_172,Macron,Person,-0.5628571428571428,-0.83,0.2671428571428571,7
art_172,MINUSMA,Organization,-0.7050000000000001,-0.83,0.1249999999999998,2
art_172,Olivier Salgado,Person,-0.75,-0.83,0.0799999999999999,1
art_172,MINUSMA,Organization,-0.7050000000000001,-0.83,0.1249999999999998,2
art_172,AFP,Organization,-0.75,-0.83,0.0799999999999999,1
art_172,UN,Organization,-0.768,-0.83,0.0619999999999999,5
art_172,Christine Lambrecht,Person,-0.75,-0.83,0.0799999999999999,1
art_172,EUTM,Organization,-0.7050000000000001,-0.83,0.1249999999999998,2
art_172,Josep Borrell,Person,-0.75,-0.83,0.0799999999999999,1
art_172,Assimi Goita,Person,-0.75,-0.83,0.0799999999999999,1
art_173,Operation Barkhane,Organization,-0.82,-0.77,0.0499999999999999,1
art_173,Task Force Takuba,Organization,-0.82,-0.77,0.0499999999999999,1
art_173,Barkhane counterterrorism,Organization,-0.82,-0.77,0.0499999999999999,1
art_174,Trump,Person,-0.169090909090909,-0.37,0.2009090909090909,11
art_174,Donald Trump,Person,0.64,-0.37,1.01,1
art_174,UN,Organization,-0.1436363636363636,-0.37,0.2263636363636363,11
art_174,Barack Obama,Person,0.64,-0.37,1.01,1
art_174,Trump,Person,-0.169090909090909,-0.37,0.2009090909090909,11
art_174,Trump,Person,-0.169090909090909,-0.37,0.2009090909090909,11
art_174,Trump,Person,-0.169090909090909,-0.37,0.2009090909090909,11
art_174,Trumphttps,Person,-0.0099999999999999,-0.37,0.36,1
art_174,RT,Organization,-0.2766666666666666,-0.37,0.0933333333333333,6
art_174,Trump,Person,-0.169090909090909,-0.37,0.2009090909090909,11
art_174,Emmanuel Macron,Person,-0.01,-0.37,0.36,1
art_174,Angela Merkel,Person,0.1649999999999999,-0.37,0.5349999999999999,2
art_174,Paolo Gentiloni,Person,-0.01,-0.37,0.36,1
art_174,Reuters,Organization,0.0099999999999999,-0.37,0.38,2
art_174,Trump,Person,-0.169090909090909,-0.37,0.2009090909090909,11
art_174,Trump administration,Organization,0.39,-0.37,0.76,1
art_174,Trump,Person,-0.169090909090909,-0.37,0.2009090909090909,11
art_174,RT,Organization,-0.2766666666666666,-0.37,0.0933333333333333,6
art_174,Walsh,Person,-0.12,-0.37,0.25,2
art_174,Trump,Person,-0.169090909090909,-0.37,0.2009090909090909,11
art_174,Washington Post,Organization,-0.01,-0.37,0.36,1
art_174,Trump,Person,-0.169090909090909,-0.37,0.2009090909090909,11
art_174,UN,Organization,-0.1436363636363636,-0.37,0.2263636363636363,11
art_174,Reuters,Organization,0.0099999999999999,-0.37,0.38,2
art_174,Li Keqiang,Person,0.3399999999999999,-0.37,0.71,1
art_174,Angela Merkel,Person,0.1649999999999999,-0.37,0.5349999999999999,2
art_174,Merkel,Person,0.1099999999999999,-0.37,0.48,3
art_175,Donald Trump,Person,-0.12,-0.67,0.55,3
art_175,Donald Trump,Person,-0.12,-0.67,0.55,3
art_175,Trump,Person,-0.1999999999999999,-0.67,0.4700000000000001,14
art_175,Congress,Organization,-0.03,-0.67,0.64,1
art_175,Trump,Person,-0.1999999999999999,-0.67,0.4700000000000001,14
art_175,Trump,Person,-0.1999999999999999,-0.67,0.4700000000000001,14
art_175,Green Climate Fund,Organization,-0.03,-0.67,0.64,1
art_175,Trump,Person,-0.1999999999999999,-0.67,0.4700000000000001,14
art_175,Trump,Person,-0.1999999999999999,-0.67,0.4700000000000001,14
art_175,Trump,Person,-0.1999999999999999,-0.67,0.4700000000000001,14
art_175,Trump,Person,-0.1999999999999999,-0.67,0.4700000000000001,14
art_175,Barack Obama,Person,-0.64,-0.67,0.03,1
art_175,Trump,Person,-0.1999999999999999,-0.67,0.4700000000000001,14
art_175,Obama,Person,-0.4649999999999999,-0.67,0.205,2
art_175,Jean-Claude Juncker,Person,-0.77,-0.67,0.0999999999999999,1
art_175,European Commission,Organization,-0.77,-0.67,0.0999999999999999,1
art_175,Trump,Person,-0.1999999999999999,-0.67,0.4700000000000001,14
art_175,Angela Merkel,Person,-0.175,-0.67,0.495,2
art_175,Catherine McKenna,Person,-0.98,-0.67,0.3099999999999999,1
art_175,Anne Hidalgo,Person,-0.66,-0.67,0.01,1
art_175,Trump,Person,-0.1999999999999999,-0.67,0.4700000000000001,14
art_175,Li Keqiang,Person,0.1,-0.67,0.77,1
art_175,EU,Organization,-0.375,-0.67,0.295,4
art_175,Angela Merkel,Person,-0.175,-0.67,0.495,2
art_175,Li,Person,-0.1952631578947368,-0.67,0.4747368421052632,19
art_175,Donald Trump,Person,-0.12,-0.67,0.55,3
art_175,Trump,Person,-0.1999999999999999,-0.67,0.4700000000000001,14
art_176,Trump,Person,-0.2405882352941176,-0.4,0.1594117647058824,17
art_176,Donald Trump,Person,-0.56,-0.4,0.16,1
art_176,Trump,Person,-0.2405882352941176,-0.4,0.1594117647058824,17
art_176,Trump,Person,-0.2405882352941176,-0.4,0.1594117647058824,17
art_176,Trump,Person,-0.2405882352941176,-0.4,0.1594117647058824,17
art_176,Trump,Person,-0.2405882352941176,-0.4,0.1594117647058824,17
art_176,Trump,Person,-0.2405882352941176,-0.4,0.1594117647058824,17
art_176,Ivanka,Person,-0.97,-0.4,0.57,1
art_176,Trump,Person,-0.2405882352941176,-0.4,0.1594117647058824,17
art_176,White House,Organization,-0.0049999999999999,-0.4,0.395,4
art_176,Trump,Person,-0.2405882352941176,-0.4,0.1594117647058824,17
art_176,Trump,Person,-0.2405882352941176,-0.4,0.1594117647058824,17
art_176,Trump,Person,-0.2405882352941176,-0.4,0.1594117647058824,17
art_176,UN,Organization,-0.335,-0.4,0.065,16
art_176,White House,Organization,-0.0049999999999999,-0.4,0.395,4
art_176,Trump,Person,-0.2405882352941176,-0.4,0.1594117647058824,17
art_176,White House,Organization,-0.0049999999999999,-0.4,0.395,4
art_176,Trump,Person,-0.2405882352941176,-0.4,0.1594117647058824,17
art_176,Obama,Person,-0.0199999999999999,-0.4,0.38,1
art_176,Trump,Person,-0.2405882352941176,-0.4,0.1594117647058824,17
art_176,United Nations,Organization,-0.5,-0.4,0.0999999999999999,1
art_176,Trump,Person,-0.2405882352941176,-0.4,0.1594117647058824,17
art_176,Trump,Person,-0.2405882352941176,-0.4,0.1594117647058824,17
art_176,Trump,Person,-0.2405882352941176,-0.4,0.1594117647058824,17
art_176,Trump,Person,-0.2405882352941176,-0.4,0.1594117647058824,17
art_176,Trump,Person,-0.2405882352941176,-0.4,0.1594117647058824,17
art_176,Trump,Person,-0.2405882352941176,-0.4,0.1594117647058824,17
art_176,Trump,Person,-0.2405882352941176,-0.4,0.1594117647058824,17
art_177,Trump,Person,-0.3558333333333334,-0.77,0.4141666666666666,12
art_177,Donald Trump,Person,-0.1,-0.77,0.67,1
art_177,Trump,Person,-0.3558333333333334,-0.77,0.4141666666666666,12
art_177,Trump,Person,-0.3558333333333334,-0.77,0.4141666666666666,12
art_177,Trump,Person,-0.3558333333333334,-0.77,0.4141666666666666,12
art_177,BBC,Organization,-0.4,-0.77,0.37,2
art_177,Rajini Vaidyanathan,Person,0.09,-0.77,0.86,1
art_177,Trump,Person,-0.3558333333333334,-0.77,0.4141666666666666,12
art_177,Trump,Person,-0.3558333333333334,-0.77,0.4141666666666666,12
art_177,White House,Organization,-0.315,-0.77,0.455,2
art_177,Barack Obama,Person,-0.79,-0.77,0.02,1
art_177,Trump administration,Organization,-0.515,-0.77,0.255,2
art_177,Mitch McConnell,Person,-0.1,-0.77,0.67,1
art_177,Trump,Person,-0.3558333333333334,-0.77,0.4141666666666666,12
art_177,Obama administration,Organization,-0.1,-0.77,0.67,1
art_177,Senate,Organization,-0.505,-0.77,0.265,2
art_177,Chuck Schumer,Person,-0.91,-0.77,0.14,1
art_177,Trump,Person,-0.3558333333333334,-0.77,0.4141666666666666,12
art_177,Catherine McKenna,Person,-0.79,-0.77,0.02,1
art_177,Theresa May,Person,-0.96,-0.77,0.1899999999999999,1
art_177,Trump,Person,-0.3558333333333334,-0.77,0.4141666666666666,12
art_177,United Nations,Organization,-0.95,-0.77,0.1799999999999999,1
art_177,Hilda Heine,Person,-0.65,-0.77,0.12,1
art_177,Elon Musk,Person,-0.24,-0.77,0.53,1
art_177,Trump,Person,-0.3558333333333334,-0.77,0.4141666666666666,12
art_177,administration,Organization,-0.3766666666666667,-0.77,0.3933333333333333,3
art_177,BBC,Organization,-0.4,-0.77,0.37,2
art_177,Matt McGrath,Person,-0.89,-0.77,0.12,1
art_177,Trump,Person,-0.3558333333333334,-0.77,0.4141666666666666,12
art_178,Trump,Person,-0.2206666666666666,-0.2,0.0206666666666666,15
art_178,Trump,Person,-0.2206666666666666,-0.2,0.0206666666666666,15
art_178,Trump,Person,-0.2206666666666666,-0.2,0.0206666666666666,15
art_178,Trump,Person,-0.2206666666666666,-0.2,0.0206666666666666,15
art_178,Barack Obama,Person,0.0099999999999999,-0.2,0.21,1
art_178,Trump,Person,-0.2206666666666666,-0.2,0.0206666666666666,15
art_178,Obama,Person,0.0049999999999999,-0.2,0.205,2
art_178,Bernie Sanders,Person,-0.1599999999999999,-0.2,0.04,1
art_178,Trump,Person,-0.2206666666666666,-0.2,0.0206666666666666,15
art_178,Al Gore,Person,-0.1599999999999999,-0.2,0.04,1
art_178,Republican National Committee,Organization,-0.1599999999999999,-0.2,0.04,1
art_178,Ronna McDaniel,Person,-0.1599999999999999,-0.2,0.04,1
art_178,Trump,Person,-0.2206666666666666,-0.2,0.0206666666666666,15
art_178,Trump,Person,-0.2206666666666666,-0.2,0.0206666666666666,15
art_178,Twitter,Organization,-0.19,-0.2,0.01,1
art_178,Li Keqiang,Person,-0.15,-0.2,0.0499999999999999,1
art_178,Miguel Canete,Person,-0.93,-0.2,0.73,1
art_178,European Union,Organization,-0.93,-0.2,0.73,1
art_178,EU,Organization,-0.93,-0.2,0.73,1
art_178,Trump,Person,-0.2206666666666666,-0.2,0.0206666666666666,15
art_178,Trump,Person,-0.2206666666666666,-0.2,0.0206666666666666,15
art_178,United Nations,Organization,-0.22,-0.2,0.0199999999999999,1
art_178,Trump,Person,-0.2206666666666666,-0.2,0.0206666666666666,15
art_178,Trump,Person,-0.2206666666666666,-0.2,0.0206666666666666,15
art_178,Trump,Person,-0.2206666666666666,-0.2,0.0206666666666666,15
art_178,Steve Bannon,Person,-0.04,-0.2,0.16,1
art_178,EPA,Organization,-0.04,-0.2,0.16,1
art_178,Scott Pruitt,Person,-0.04,-0.2,0.16,1
art_178,Trump,Person,-0.2206666666666666,-0.2,0.0206666666666666,15
art_178,Ivanka,Person,0.2199999999999999,-0.2,0.42,1
art_178,Apple,Organization,-0.08,-0.2,0.12,1
art_178,Tim Cook,Person,-0.08,-0.2,0.12,1
art_178,Tesla,Organization,-0.08,-0.2,0.12,1
art_178,Elon Musk,Person,-0.08,-0.2,0.12,1
art_178,Trump,Person,-0.2206666666666666,-0.2,0.0206666666666666,15
art_178,Tom Steyer,Person,-0.85,-0.2,0.6499999999999999,1
art_178,Trump,Person,-0.2206666666666666,-0.2,0.0206666666666666,15
art_179,Reuters,Organization,-0.6799999999999999,-0.8,0.1200000000000001,1
art_179,Donald Trump,Person,-0.6799999999999999,-0.8,0.1200000000000001,1
art_179,Trump,Person,-0.1871428571428571,-0.8,0.612857142857143,7
art_179,Trump,Person,-0.1871428571428571,-0.8,0.612857142857143,7
art_179,Trump,Person,-0.1871428571428571,-0.8,0.612857142857143,7
art_179,Trump,Person,-0.1871428571428571,-0.8,0.612857142857143,7
art_179,Trump,Person,-0.1871428571428571,-0.8,0.612857142857143,7
art_179,Senate,Organization,0.64,-0.8,1.44,1
art_179,Mitch McConnell,Person,0.64,-0.8,1.44,1
art_179,Trump,Person,-0.1871428571428571,-0.8,0.612857142857143,7
art_179,Obama,Person,-0.0399999999999999,-0.8,0.76,2
art_179,Trump,Person,-0.1871428571428571,-0.8,0.612857142857143,7
art_179,Barack Obama,Person,-0.72,-0.8,0.08,1
art_179,Obama,Person,-0.0399999999999999,-0.8,0.76,2
art_179,Trump,Person,-0.1871428571428571,-0.8,0.612857142857143,7
art_179,Trump,Person,-0.1871428571428571,-0.8,0.612857142857143,7
art_179,Koichi Yamamoto,Person,-0.94,-0.8,0.1399999999999999,1
art_179,Angela Merkel,Person,-0.94,-0.8,0.1399999999999999,1
art_179,Emmanuel Macron,Person,-0.94,-0.8,0.1399999999999999,1
art_179,Paolo Gentiloni,Person,-0.94,-0.8,0.1399999999999999,1
art_179,Justin Trudeau,Person,-0.14,-0.8,0.66,1
art_179,Li Keqiang,Person,-0.14,-0.8,0.66,1
art_179,European,Organization,-0.14,-0.8,0.66,1
art_179,EU,Organization,-0.41,-0.8,0.39,2
art_180,Trump,Person,-0.2211111111111111,-0.75,0.5288888888888889,9
art_180,Donald Trump,Person,0.03,-0.75,0.78,1
art_180,UN,Organization,-0.2284615384615384,-0.75,0.5215384615384615,13
art_180,YouTube,Organization,0.0,-0.75,0.75,3
art_180,Trump,Person,-0.2211111111111111,-0.75,0.5288888888888889,9
art_180,Trump,Person,-0.2211111111111111,-0.75,0.5288888888888889,9
art_180,YouTube,Organization,0.0,-0.75,0.75,3
art_180,UN,Organization,-0.2284615384615384,-0.75,0.5215384615384615,13
art_180,Trump,Person,-0.2211111111111111,-0.75,0.5288888888888889,9
art_180,Trump,Person,-0.2211111111111111,-0.75,0.5288888888888889,9
art_180,Trump,Person,-0.2211111111111111,-0.75,0.5288888888888889,9
art_180,Emmanuel Macron,Person,-0.24,-0.75,0.51,1
art_180,YouTube,Organization,0.0,-0.75,0.75,3
art_180,Trump,Person,-0.2211111111111111,-0.75,0.5288888888888889,9
art_180,Theresa May,Person,-0.93,-0.75,0.18,1
art_180,Justin Trudeau,Person,-0.93,-0.75,0.18,1
art_180,Trump,Person,-0.2211111111111111,-0.75,0.5288888888888889,9
art_180,Trudeau,Person,-0.54,-0.75,0.2099999999999999,2
art_180,Bill De Blasio,Person,0.03,-0.75,0.78,1
art_180,Trump,Person,-0.2211111111111111,-0.75,0.5288888888888889,9
art_180,Bill Peduto,Person,0.13,-0.75,0.88,1
art_181,Donald Trump,Person,-0.68,-0.52,0.16,1
art_181,Trump,Person,-0.5057142857142857,-0.52,0.0142857142857143,7
art_181,Trump,Person,-0.5057142857142857,-0.52,0.0142857142857143,7
art_181,Trump,Person,-0.5057142857142857,-0.52,0.0142857142857143,7
art_181,Trump,Person,-0.5057142857142857,-0.52,0.0142857142857143,7
art_181,Barack Obama,Person,-0.74,-0.52,0.2199999999999999,1
art_181,Al Gore,Person,-0.3999999999999999,-0.52,0.12,1
art_181,Jeff Immelt,Person,-0.3999999999999999,-0.52,0.12,1
art_181,General Electric,Organization,-0.3999999999999999,-0.52,0.12,1
art_181,Trump,Person,-0.5057142857142857,-0.52,0.0142857142857143,7
art_181,George Gershwin,Person,-0.97,-0.52,0.4499999999999999,1
art_181,Trump,Person,-0.5057142857142857,-0.52,0.0142857142857143,7
art_181,Climate Interactive,Organization,-0.13,-0.52,0.39,1
art_181,Christiana Figueres,Person,-0.09,-0.52,0.43,1
art_181,UN,Organization,-0.3263636363636363,-0.52,0.1936363636363636,11
art_181,"John Schellnhuber,",Person,-0.78,-0.52,0.26,1
art_181,Angela Merkel and,Person,-0.78,-0.52,0.26,1
art_181,Trump,Person,-0.5057142857142857,-0.52,0.0142857142857143,7
art_181,Trump,Person,-0.5057142857142857,-0.52,0.0142857142857143,7
art_181,Laurence Tubiana,Person,-0.55,-0.52,0.03,1
art_182,Trump,Person,-0.3415384615384615,-0.45,0.1084615384615384,13
art_182,Agencies,Organization,0.0,-0.45,0.45,1
art_182,Donald Trump,Person,0.0,-0.45,0.45,1
art_182,Trump,Person,-0.3415384615384615,-0.45,0.1084615384615384,13
art_182,Trump,Person,-0.3415384615384615,-0.45,0.1084615384615384,13
art_182,Trump,Person,-0.3415384615384615,-0.45,0.1084615384615384,13
art_182,Trump,Person,-0.3415384615384615,-0.45,0.1084615384615384,13
art_182,Trump,Person,-0.3415384615384615,-0.45,0.1084615384615384,13
art_182,Jerry Brown,Person,-0.03,-0.45,0.42,1
art_182,Brown,Person,-0.39,-0.45,0.06,2
art_182,Trump,Person,-0.3415384615384615,-0.45,0.1084615384615384,13
art_182,Trump,Person,-0.3415384615384615,-0.45,0.1084615384615384,13
art_182,Barack Obama,Person,-0.46,-0.45,0.01,1
art_182,Trump administration,Organization,-0.41,-0.45,0.0399999999999999,2
art_182,Trump,Person,-0.3415384615384615,-0.45,0.1084615384615384,13
art_182,Trump,Person,-0.3415384615384615,-0.45,0.1084615384615384,13
art_182,Apple,Organization,0.5,-0.45,0.95,1
art_182,Google,Organization,0.5,-0.45,0.95,1
art_182,Facebook,Organization,0.5,-0.45,0.95,1
art_182,Gap,Organization,0.5,-0.45,0.95,1
art_182,Microsoft,Organization,0.5,-0.45,0.95,1
art_182,Unilever,Organization,0.5,-0.45,0.95,1
art_182,US Congress,Organization,0.29,-0.45,0.74,1
art_182,Trump,Person,-0.3415384615384615,-0.45,0.1084615384615384,13
art_182,Paul Ryan,Person,-0.14,-0.45,0.31,1
art_182,Senate,Organization,-0.14,-0.45,0.31,1
art_182,Mitch McConnell,Person,-0.14,-0.45,0.31,1
art_182,Trump,Person,-0.3415384615384615,-0.45,0.1084615384615384,13
art_182,Trump,Person,-0.3415384615384615,-0.45,0.1084615384615384,13
art_182,Obama,Person,-0.3,-0.45,0.1499999999999999,2
art_182,Michael Swaine,Person,-0.01,-0.45,0.44,1
art_182,Carnegie Endowment for International Peace,Organization,-0.01,-0.45,0.44,1
art_182,Xinhua,Organization,-0.2699999999999999,-0.45,0.18,3
art_182,Swaine said,Person,-0.85,-0.45,0.3999999999999999,1
art_182,Trump,Person,-0.3415384615384615,-0.45,0.1084615384615384,13
art_182,Trump administration,Organization,-0.41,-0.45,0.0399999999999999,2
art_182,Xinhua,Organization,-0.2699999999999999,-0.45,0.18,3
art_182,John Sterman,Person,-0.85,-0.45,0.3999999999999999,1
art_182,MIT Sloan School of Management,Organization,-0.85,-0.45,0.3999999999999999,1
art_182,Sterman,Person,-0.645,-0.45,0.195,2
art_182,Xinhua,Organization,-0.2699999999999999,-0.45,0.18,3
art_182,Trump,Person,-0.3415384615384615,-0.45,0.1084615384615384,13
art_182,Trump,Person,-0.3415384615384615,-0.45,0.1084615384615384,13
art_182,Benedictine University,Organization,0.05,-0.45,0.5,1
art_183,AFP,Organization,-0.25,-0.71,0.4599999999999999,1
art_183,White House,Organization,-0.365,-0.71,0.345,4
art_183,Donald Trump,Person,-0.25,-0.71,0.4599999999999999,1
art_183,Trump,Person,-0.5269230769230769,-0.71,0.183076923076923,13
art_183,Scott Pruitt,Person,-0.02,-0.71,0.69,1
art_183,Pruitt,Person,-0.546,-0.71,0.1639999999999999,5
art_183,Trump,Person,-0.5269230769230769,-0.71,0.183076923076923,13
art_183,Environment Protection Agency,Organization,-0.5,-0.71,0.2099999999999999,1
art_183,Trump,Person,-0.5269230769230769,-0.71,0.183076923076923,13
art_183,Trump,Person,-0.5269230769230769,-0.71,0.183076923076923,13
art_183,Trump,Person,-0.5269230769230769,-0.71,0.183076923076923,13
art_183,Pruitt,Person,-0.546,-0.71,0.1639999999999999,5
art_183,White House,Organization,-0.365,-0.71,0.345,4
art_183,Sean Spicer,Person,-0.77,-0.71,0.06,1
art_183,Pruitt,Person,-0.546,-0.71,0.1639999999999999,5
art_183,Trump,Person,-0.5269230769230769,-0.71,0.183076923076923,13
art_183,Republican,Organization,-0.79,-0.71,0.08,2
art_183,Pruitt,Person,-0.546,-0.71,0.1639999999999999,5
art_183,Trump,Person,-0.5269230769230769,-0.71,0.183076923076923,13
art_183,Michael Bloomberg,Person,0.22,-0.71,0.93,1
art_183,Angela Merkel,Person,-0.2799999999999999,-0.71,0.43,1
art_183,EU,Organization,-0.2066666666666666,-0.71,0.5033333333333333,6
art_183,Trump,Person,-0.5269230769230769,-0.71,0.183076923076923,13
art_183,European Council,Organization,-0.0399999999999999,-0.71,0.6699999999999999,1
art_183,Donald Tusk,Person,-0.0399999999999999,-0.71,0.6699999999999999,1
art_183,EU,Organization,-0.2066666666666666,-0.71,0.5033333333333333,6
art_183,Li Keqiang,Person,-0.0399999999999999,-0.71,0.6699999999999999,1
art_183,Harsh Vardhan,Person,-0.41,-0.71,0.3,1
art_183,Trump,Person,-0.5269230769230769,-0.71,0.183076923076923,13
art_183,UN,Organization,-0.4325,-0.71,0.2774999999999999,16
art_183,Trump,Person,-0.5269230769230769,-0.71,0.183076923076923,13
art_183,EU,Organization,-0.2066666666666666,-0.71,0.5033333333333333,6
art_183,Miguel Arias Canete,Person,0.0,-0.71,0.71,1
art_183,White House,Organization,-0.365,-0.71,0.345,4
art_183,Trump,Person,-0.5269230769230769,-0.71,0.183076923076923,13
art_183,Trump,Person,-0.5269230769230769,-0.71,0.183076923076923,13
art_183,Trump,Person,-0.5269230769230769,-0.71,0.183076923076923,13
art_183,Ivanka,Person,-0.7,-0.71,0.01,1
art_184,Donald Trump,Person,0.06,-0.01,0.07,1
art_184,Trump,Person,-0.3533333333333333,-0.01,0.3433333333333333,3
art_184,Trump,Person,-0.3533333333333333,-0.01,0.3433333333333333,3
art_184,Barack Obama,Person,-0.98,-0.01,0.97,1
art_185,Donald Trump,Person,-0.0999999999999999,-0.34,0.24,1
art_185,Trump,Person,-0.1657142857142857,-0.34,0.1742857142857143,7
art_185,Barack Obama,Person,0.0,-0.34,0.34,1
art_185,Trump,Person,-0.1657142857142857,-0.34,0.1742857142857143,7
art_185,Trump,Person,-0.1657142857142857,-0.34,0.1742857142857143,7
art_185,Trump,Person,-0.1657142857142857,-0.34,0.1742857142857143,7
art_185,Trump administration,Organization,-0.36,-0.34,0.0199999999999999,1
art_185,G-7,Organization,-0.13,-0.34,0.21,1
art_185,Trump,Person,-0.1657142857142857,-0.34,0.1742857142857143,7
art_185,American,Organization,-0.09,-0.34,0.25,6
art_185,Climate,Organization,-0.0375,-0.34,0.3025,4
art_185,Obama administration,Organization,-0.01,-0.34,0.33,1
art_185,Obama,Person,-0.15,-0.34,0.19,4
art_185,Obama,Person,-0.15,-0.34,0.19,4
art_186,Donald Trump,Person,-0.69,-0.56,0.1299999999999999,1
art_186,Trump,Person,-0.83,-0.56,0.2699999999999999,2
art_186,Harshvardhan,Person,-0.0199999999999999,-0.56,0.54,1
art_186,Twitter,Organization,-0.0199999999999999,-0.56,0.54,1
art_187,Donald Trump,Person,0.44,-0.98,1.42,1
art_187,Barack Obama,Person,0.4,-0.98,1.38,1
art_187,Xi Jinping,Person,0.4,-0.98,1.38,1
art_188,United States Geological Survey,Organization,-0.03,-0.86,0.83,1
art_188,Min Aung Hlaing,Person,0.0,-0.86,0.86,1
art_188,Associated Press,Organization,0.0,-0.86,0.86,1
art_188,Phumtham Wechayachai,Person,-0.85,-0.86,0.01,1
art_188,April Kanichawanakul,Person,-0.7,-0.86,0.16,1
art_188,AP,Organization,-0.6444444444444444,-0.86,0.2155555555555556,9
art_188,Fraser Morton,Person,-0.98,-0.86,0.12,1
art_188,GFZ center for geosciences,Organization,-0.07,-0.86,0.79,1
art_188,Paetongtarn Shinawatra,Person,-0.1,-0.86,0.76,1
art_188,Department of Disaster Prevention,Organization,-0.1,-0.86,0.76,1
art_188,Facebook,Organization,-0.91,-0.86,0.05,1
art_188,FOX NEWS,Organization,-0.93,-0.86,0.07,1
art_188,Xinhua News Agency,Organization,-0.93,-0.86,0.07,1
art_189,National Centre for Seismology,Organization,-0.95,-0.9,0.0499999999999999,1
art_189,NCS,Organization,-0.91,-0.9,0.0099999999999998,4
art_189,NCS,Organization,-0.91,-0.9,0.0099999999999998,4
art_189,Mishra,Person,-0.85,-0.9,0.05,2
art_189,NCS,Organization,-0.91,-0.9,0.0099999999999998,4
art_189,NCS,Organization,-0.91,-0.9,0.0099999999999998,4
art_189,NCS,Organization,-0.91,-0.9,0.0099999999999998,4
art_190,Min Aung Hlaing said,Person,-0.03,-0.95,0.92,1
art_191,VCG,Organization,-0.55,-0.71,0.1599999999999999,1
art_191,China Earthquake Networks Center,Organization,-0.55,-0.71,0.1599999999999999,1
art_191,Chinese Foreign Ministry,Organization,0.5,-0.71,1.21,1
art_191,Chinese Foreign Ministry,Organization,0.5,-0.71,1.21,1
art_191,Guo Jiakun,Person,0.5,-0.71,1.21,1
art_191,Chinese Embassy,Organization,0.215,-0.71,0.925,2
art_191,China Media Group,Organization,-0.94,-0.71,0.2299999999999999,1
art_191,Xinhua News Agency,Organization,-0.97,-0.71,0.26,1
art_191,Khit Thit,Organization,-0.97,-0.71,0.26,1
art_191,Xinhua,Organization,-0.6733333333333333,-0.71,0.0366666666666666,3
art_191,Wu Yutong,Person,-0.03,-0.71,0.6799999999999999,1
art_191,Global Times,Organization,-0.125,-0.71,0.585,4
art_191,Wu,Person,-0.02,-0.71,0.69,2
art_191,Kyaw Zay Yar Myat,Person,-0.03,-0.71,0.6799999999999999,2
art_191,Global Times,Organization,-0.125,-0.71,0.585,4
art_191,Kyaw Zay Yar Myat,Person,-0.03,-0.71,0.6799999999999999,2
art_191,CMG,Organization,-0.01,-0.71,0.7,1
art_191,China Earthquake Administration,Organization,0.01,-0.71,0.72,1
art_191,Ruili,Person,-0.1924999999999999,-0.71,0.5175,4
art_191,Global Times,Organization,-0.125,-0.71,0.585,4
art_191,Ruili immigration border inspection station,Organization,-0.59,-0.71,0.12,1
art_191,Global Times,Organization,-0.125,-0.71,0.585,4
art_191,National Early Warning Center,Organization,-0.73,-0.71,0.02,1
art_191,Paetongtarn Shinawatra,Person,-0.06,-0.71,0.6499999999999999,1
art_191,Xinhua,Organization,-0.6733333333333333,-0.71,0.0366666666666666,3
art_191,Reuters,Organization,-0.6,-0.71,0.1099999999999999,1
art_191,Chinese Embassy,Organization,0.215,-0.71,0.925,2
art_192,US Geological Survey,Organization,-0.2,-0.84,0.6399999999999999,1
art_192,Reuters,Organization,-0.87,-0.84,0.03,1
art_192,kokomdy,Person,-0.47,-0.84,0.37,1
art_192,AFP,Organization,-0.36,-0.84,0.48,2
art_192,sudhakar,Person,-0.96,-0.84,0.12,1
art_192,naidusudhakar,Person,-0.96,-0.84,0.12,1
art_192,RT,Organization,-0.520909090909091,-0.84,0.319090909090909,11
art_192,BNO News,Organization,-0.25,-0.84,0.59,1
art_192,BNONews,Organization,-0.25,-0.84,0.59,1
art_192,Paetongtarn Shinawatra,Person,-0.25,-0.84,0.59,1
art_192,AFP,Organization,-0.36,-0.84,0.48,2
art_192,RT,Organization,-0.520909090909091,-0.84,0.319090909090909,11
art_192,China Earthquake Administration,Organization,-0.25,-0.84,0.59,1
art_192,CEA,Organization,-0.25,-0.84,0.59,1
art_192,Narendra Modi,Person,0.15,-0.84,0.99,1
art_192,Modi,Person,-0.03,-0.84,0.8099999999999999,2
art_193,United States Geological Survey,Organization,-0.97,-0.81,0.1599999999999999,1
art_193,USGS,Organization,-0.51,-0.81,0.3,2
art_193,Min Aung Hlaing,Person,-0.97,-0.81,0.1599999999999999,1
art_193,Bangkok Metropolitan Administration,Organization,-0.92,-0.81,0.1099999999999999,1
art_193,BBC,Organization,-0.25,-0.81,0.56,6
art_193,military government,Organization,-0.69,-0.81,0.1200000000000001,1
art_193,USGS,Organization,-0.51,-0.81,0.3,2
art_193,BBC,Organization,-0.25,-0.81,0.56,6
art_193,BBC,Organization,-0.25,-0.81,0.56,6
art_193,Montse Ferrer,Person,-0.17,-0.81,0.64,1
art_193,Amnesty International,Organization,-0.17,-0.81,0.64,1
art_193,BBC,Organization,-0.25,-0.81,0.56,6
art_193,Bui Thu,Person,0.05,-0.81,0.8600000000000001,1
art_193,BBC,Organization,-0.25,-0.81,0.56,6
art_193,BBC World Service,Organization,0.05,-0.81,0.8600000000000001,1
art_193,Paetongtarn Shinawatra,Person,-0.78,-0.81,0.03,1
art_193,BBC Burmese,Organization,0.19,-0.81,1.0,1
art_194,Min Aung Hlaing,Person,-0.0199999999999999,-0.88,0.86,1
art_194,Sai,Person,-0.4821428571428571,-0.88,0.3978571428571428,14
art_194,Sai,Person,-0.4821428571428571,-0.88,0.3978571428571428,14
art_194,Agence France-Presse,Organization,0.2,-0.88,1.08,1
art_194,Mohamed Riyas,Person,-0.6,-0.88,0.28,1
art_194,International Rescue Committee,Organization,-0.6,-0.88,0.28,1
art_194,UN,Organization,-0.6925,-0.88,0.1875,12
art_194,António Guterres,Person,-0.13,-0.88,0.75,1
art_194,state TV,Organization,-0.59,-0.88,0.29,1
art_194,junta,Organization,-0.435,-0.88,0.445,4
art_194,people’s defence forces,Organization,-0.0199999999999999,-0.88,0.86,1
art_194,Khit Thit Media,Organization,-0.92,-0.88,0.04,1
art_195,United Nations,Organization,-0.99,-0.94,0.05,1
art_195,Will Yeck,Person,-0.23,-0.94,0.71,1
art_195,US Geological Survey,Organization,-0.23,-0.94,0.71,1
art_195,USGS,Organization,-0.6566666666666666,-0.94,0.2833333333333333,3
art_195,USGS,Organization,-0.6566666666666666,-0.94,0.2833333333333333,3
art_195,Rebecca Bell,Person,-0.99,-0.94,0.05,1
art_195,Imperial College London,Organization,-0.99,-0.94,0.05,1
art_195,Science Media Centre,Organization,-0.985,-0.94,0.045,2
art_195,USGS,Organization,-0.6566666666666666,-0.94,0.2833333333333333,3
art_195,Ian Watkinson,Person,-0.98,-0.94,0.04,1
art_195,Department of Earth Sciences,Organization,-0.98,-0.94,0.04,1
art_195,Holloway,Organization,-0.98,-0.94,0.04,1
art_195,University of London,Organization,-0.98,-0.94,0.04,1
art_195,Science Media Centre,Organization,-0.985,-0.94,0.045,2
art_195,Watkinson,Person,-0.505,-0.94,0.4349999999999999,2
art_196,CNN,Organization,-0.8033333333333333,-0.88,0.0766666666666666,3
art_196,CNN,Organization,-0.8033333333333333,-0.88,0.0766666666666666,3
art_196,CNN,Organization,-0.8033333333333333,-0.88,0.0766666666666666,3
art_196,Nang Aye Yin,Person,-0.47,-0.88,0.41,1
art_196,military government,Organization,-0.925,-0.88,0.045,2
art_196,Reuters,Organization,-0.4,-0.88,0.48,1
art_196,Min Aung Hlaing,Person,0.0499999999999999,-0.88,0.93,1
art_197,Red Cross,Organization,-0.385,-0.85,0.4649999999999999,2
art_197,Red Cross,Organization,-0.385,-0.85,0.4649999999999999,2
art_197,Songwut Wangpon,Person,-0.97,-0.85,0.12,1
art_197,Phumtham Wechayachai,Person,-0.99,-0.85,0.14,1
art_197,US Geological Survey,Organization,-0.06,-0.85,0.79,1
art_197,GFZ center for geosciences,Organization,-0.06,-0.85,0.79,1
art_197,Facebook,Organization,-0.91,-0.85,0.06,1
art_197,The Paper,Organization,-0.43,-0.85,0.42,1
art_197,Department of Disaster Prevention,Organization,-0.53,-0.85,0.3199999999999999,1
art_197,Paetongtarn Shinawatra,Person,-0.01,-0.85,0.84,1
art_198,MRTV,Organization,-0.425,-0.86,0.435,2
art_198,AHA Centre,Organization,0.1,-0.86,0.96,1
art_198,Asean disaster response,Organization,0.1,-0.86,0.96,1
art_198,Min Aung Hlaing,Person,0.1,-0.86,0.96,1
art_198,MRTV,Organization,-0.425,-0.86,0.435,2
art_198,United States Geological Survey,Organization,0.0,-0.86,0.86,1
art_198,USGS,Organization,0.0,-0.86,0.86,1
art_198,Zaw Min Tun,Person,0.01,-0.86,0.87,1
art_198,US government,Organization,-0.99,-0.86,0.13,1
art_198,Kyi Shwin,Person,-0.59,-0.86,0.27,2
art_198,Kyi Shwin,Person,-0.59,-0.86,0.27,2
art_198,Phumtham Wechayachai,Person,-0.95,-0.86,0.0899999999999999,1
art_198,Worapat Sukthai,Person,0.01,-0.86,0.87,1
art_198,Yangon Times,Organization,-0.9,-0.86,0.04,1
art_198,Foreign Ministry,Organization,-0.99,-0.86,0.13,1
art_198,Ministry of Labour,Organization,-0.99,-0.86,0.13,1
art_198,Ministry of Labour,Organization,-0.99,-0.86,0.13,1
art_199,Department of International Relations and Cooperation,Organization,-0.38,-0.54,0.16,1
art_199,Clayson Monyela,Person,0.04,-0.54,0.5800000000000001,1
art_199,AFP,Organization,-0.99,-0.54,0.4499999999999999,1
art_199,Monyela,Person,-0.3299999999999999,-0.54,0.21,2
art_199,South African Embassy,Organization,-0.7,-0.54,0.1599999999999999,1
art_199,South African government,Organization,0.05,-0.54,0.5900000000000001,1
art_199,International Relations and Cooperation,Organization,-0.38,-0.54,0.16,2
art_199,Ronald Lamola,Person,-0.38,-0.54,0.16,1
art_200,Reuters,Organization,-0.895,-0.82,0.075,2
art_200,Joanna Faure Walker,Person,-0.04,-0.82,0.7799999999999999,1
art_200,University College London,Organization,-0.04,-0.82,0.7799999999999999,1
art_200,Bill McGuire,Person,-0.88,-0.82,0.06,1
art_200,UCL,Organization,-0.88,-0.82,0.06,1
art_200,Roger Musson,Person,-0.88,-0.82,0.06,1
art_200,British Geological Survey,Organization,-0.88,-0.82,0.06,1
art_200,Reuters,Organization,-0.895,-0.82,0.075,2
art_200,United States Geological Survey,Organization,0.0,-0.82,0.82,1
art_200,USGS,Organization,-0.9,-0.82,0.08,1
art_200,Musson,Person,-0.82,-0.82,0.0,3
art_200,Musson,Person,-0.82,-0.82,0.0,3
art_201,U.N,Organization,-0.975,-0.91,0.0649999999999999,2
art_201,World Health Organization,Organization,-1.0,-0.91,0.0899999999999999,1
art_201,Reuters,Organization,-0.37,-0.91,0.54,1
art_201,Elena Vuolo,Person,-0.12,-0.91,0.79,1
art_201,WHO,Organization,-0.12,-0.91,0.79,1
art_201,Titon Mitra,Person,0.01,-0.91,0.92,1
art_201,United Nations Development Program,Organization,0.01,-0.91,0.92,1
art_201,military,Organization,-0.66,-0.91,0.25,3
art_201,Aung San Suu Kyi,Person,-0.97,-0.91,0.0599999999999999,1
art_201,U.N,Organization,-0.975,-0.91,0.0649999999999999,2
art_201,Chadchart Sittipunt,Person,-0.01,-0.91,0.9,1
art_201,FOX NEWS,Organization,-0.99,-0.91,0.0799999999999999,1
art_203,Min Aung Hlaing,Person,-0.97,-0.87,0.0999999999999999,2
art_203,Association of Southeast Asian Nations,Organization,-0.95,-0.87,0.0799999999999999,1
art_203,Min Aung Hlaing,Person,-0.97,-0.87,0.0999999999999999,2
art_203,junta,Organization,-0.8366666666666666,-0.87,0.0333333333333334,3
art_204,Guixing Rescue Team,Organization,0.01,-0.78,0.79,1
art_204,China International Development Cooperation Agency,Organization,0.01,-0.78,0.79,1
art_204,CIDCA,Organization,0.1233333333333333,-0.78,0.9033333333333332,3
art_204,Xinhua News Agency,Organization,0.04,-0.78,0.8200000000000001,1
art_204,Golden Country,Organization,-0.41,-0.78,0.37,1
art_204,Li Ming,Person,0.35,-0.78,1.13,1
art_204,CIDCA,Organization,0.1233333333333333,-0.78,0.9033333333333332,3
art_204,Li,Person,-0.1477777777777777,-0.78,0.6322222222222222,9
art_204,Li,Person,-0.1477777777777777,-0.78,0.6322222222222222,9
art_204,China Foundation for Rural Development,Organization,0.0,-0.78,0.78,1
art_204,CFRD,Organization,0.0,-0.78,0.78,1
art_204,Global Times,Organization,0.05,-0.78,0.8300000000000001,2
art_204,Global Times,Organization,0.05,-0.78,0.8300000000000001,2
art_204,CIDCA,Organization,0.1233333333333333,-0.78,0.9033333333333332,3
art_204,Red Cross Society of China,Organization,-0.91,-0.78,0.13,1
art_204,Li,Person,-0.1477777777777777,-0.78,0.6322222222222222,9
art_205,MRTV,Organization,-0.415,-0.77,0.355,2
art_205,Myanmar Now,Organization,-0.94,-0.77,0.1699999999999999,1
art_205,Min Aung Hlaing,Person,-0.93,-0.77,0.16,1
art_205,MRTV,Organization,-0.415,-0.77,0.355,2
art_205,Emergencies Ministry,Organization,-0.66,-0.77,0.1099999999999999,1
art_205,Chinese embassy,Organization,0.0,-0.77,0.77,1
art_205,Vladimir Putin,Person,-0.51,-0.77,0.26,1
art_205,Kremlin,Organization,-0.51,-0.77,0.26,1
art_206,J,Person,-0.53,-0.78,0.25,8
art_206,J,Person,-0.53,-0.78,0.25,8
art_206,J,Person,-0.53,-0.78,0.25,8
art_206,Min Aung Hlaing,Person,-0.32,-0.78,0.46,1
art_206,US Geological Survey,Organization,-0.32,-0.78,0.46,1
art_206,J,Person,-0.53,-0.78,0.25,8
art_211,Reuters,Organization,0.11,-0.74,0.85,3
art_211,Reuters,Organization,0.11,-0.74,0.85,3
art_211,REUTERS,Organization,0.11,-0.74,0.85,3
art_207,Aye Moe,Person,-0.6775,-0.85,0.1725,4
art_207,US Geological Survey,Organization,-0.25,-0.85,0.6,1
art_207,Aye Moe,Person,-0.6775,-0.85,0.1725,4
art_207,Aye Moe,Person,-0.6775,-0.85,0.1725,4
art_207,Aye Moe,Person,-0.6775,-0.85,0.1725,4
art_207,Aung Gyi,Person,-0.1,-0.85,0.75,1
art_207,World Health Organization,Organization,-0.79,-0.85,0.05999999999999994,1
art_207,WHO,Organization,-0.395,-0.85,0.45499999999999996,2
art_207,Nang Win,Person,0.0,-0.85,0.85,1
art_208,Myanmar military,Organization,-0.19,-0.89,0.7,1
art_208,MRTV,Organization,-0.45999999999999996,-0.89,0.43000000000000005,2
art_208,MRTV,Organization,-0.45999999999999996,-0.89,0.43000000000000005,2
art_208,Chinese Red Cross,Organization,-0.985,-0.89,0.09499999999999997,2
art_208,Chinese Ministry of Foreign Affairs,Organization,0.09,-0.89,0.98,1
art_208,Guo Jiakun,Person,-0.01,-0.89,0.88,1
art_208,Guo,Person,0.004999999999999998,-0.89,0.895,2
art_208,Zaw Min Tun,Person,-0.99,-0.89,0.09999999999999998,1
art_208,Chinese Red Cross,Organization,-0.985,-0.89,0.09499999999999997,2
art_208,Aung San Suu Kyi,Person,-0.99,-0.89,0.09999999999999998,1
art_208,United Nations,Organization,-0.01,-0.89,0.88,1
art_208,Human Rights Watch,Organization,-0.35500000000000004,-0.89,0.5349999999999999,2
art_208,Bryony Lau,Person,-0.67,-0.89,0.21999999999999997,1
art_208,Human Rights Watch,Organization,-0.35500000000000004,-0.89,0.5349999999999999,2
art_209,s,Organization,-0.4564285714285714,-0.85,0.39357142857142857,28
art_209,junta,Organization,-0.6679999999999999,-0.85,0.18200000000000005,5
art_209,Myanmar Fire Services Department,Organization,0.34,-0.85,1.19,1
art_209,Michael Dunford,Person,-0.13,-0.85,0.72,1
art_209,United Nations World Food Programme,Organization,-0.13,-0.85,0.72,1
art_209,Amnesty International,Organization,-0.28,-0.85,0.57,2
art_209,Amnesty,Organization,-0.22,-0.85,0.63,3
art_209,Human Rights Watch,Organization,-0.41,-0.85,0.44,1
art_209,Bryony Lau,Person,-0.41,-0.85,0.44,1
art_209,Amnesty International,Organization,-0.28,-0.85,0.57,2
art_209,Myanmar’s military,Organization,-0.755,-0.85,0.09499999999999997,2
art_209,Three Brotherhood Alliance,Organization,0.05,-0.85,0.9,1
art_209,Ta’ang National Liberation Army,Organization,0.0,-0.85,0.85,1
art_209,Myanmar National Democratic Alliance Army,Organization,0.0,-0.85,0.85,1
art_209,Arakan Army,Organization,0.0,-0.85,0.85,1
art_209,Chinese Red Cross,Organization,-0.7,-0.85,0.15000000000000002,1
art_209,Zaw Min Tun,Person,-0.04,-0.85,0.8099999999999999,1
art_209,Guo Jiakun,Person,-0.79,-0.85,0.05999999999999994,1
art_209,Red Cross Society of China,Organization,-0.79,-0.85,0.05999999999999994,1
art_209,Guo,Person,-0.315,-0.85,0.5349999999999999,2
art_210,military government,Organization,-0.85,-0.72,0.13,1
art_210,Min Aung Hlaing,Person,-0.98,-0.72,0.26,1
art_210,Agence France-Presse,Organization,-0.91,-0.72,0.19000000000000006,1
art_210,AFP,Organization,-0.3166666666666667,-0.72,0.40333333333333327,3
art_210,Cho Cho Mar,Person,-0.07,-0.72,0.6499999999999999,1
art_210,AFP,Organization,-0.3166666666666667,-0.72,0.40333333333333327,3
art_210,World Health Organization,Organization,-0.98,-0.72,0.26,1
art_210,WHO,Organization,-0.985,-0.72,0.265,2
art_210,Aye Thi Kar,Person,-0.44,-0.72,0.27999999999999997,1
art_210,AFP,Organization,-0.3166666666666667,-0.72,0.40333333333333327,3
art_210,WHO,Organization,-0.985,-0.72,0.265,2
art_212,Reuters,Organization,-0.88,-0.88,0.0,2
art_212,World Health Organization,Organization,-0.83,-0.88,0.050000000000000044,1
art_212,Elena Vuolo,Person,-0.83,-0.88,0.050000000000000044,1
art_212,Vuolo,Person,-0.83,-0.88,0.050000000000000044,1
art_212,Reuters,Organization,-0.88,-0.88,0.0,2
art_212,Titon Mitra,Person,-0.83,-0.88,0.050000000000000044,1
art_212,United Nations Development Programme,Organization,-0.83,-0.88,0.050000000000000044,1
art_212,Reuters,Organization,-0.88,-0.88,0.0,2
art_212,UN,Organization,-0.88,-0.88,0.0,3
art_212,Min Aung Hlaing,Person,-0.88,-0.88,0.0,1
art_212,International Criminal Court,Organization,-0.88,-0.88,0.0,1
art_212,Aung San Suu Kyi,Person,-0.88,-0.88,0.0,1
art_212,MRTV,Organization,-0.88,-0.88,0.0,1
art_213,Los Angeles Fire Department,Organization,-0.9,-0.85,0.050000000000000044,1
art_213,X,Organization,-0.53,-0.85,0.31999999999999995,3
art_213,Donald Trump Jr.,Person,0.015,-0.85,0.865,2
art_213,Trump Jr.,Person,-0.06666666666666667,-0.85,0.7833333333333333,3
art_213,Donald Trump Jr.,Person,0.015,-0.85,0.865,2
art_213,DonaldJTrumpJr,Person,-0.62,-0.85,0.22999999999999998,1
art_213,DEI,Organization,-0.6466666666666666,-0.85,0.20333333333333337,6
art_213,Matt Walsh,Person,-0.8049999999999999,-0.85,0.04500000000000004,2
art_213,Matt Walsh,Person,-0.8049999999999999,-0.85,0.04500000000000004,2
art_213,Joe Biden,Person,-0.69,-0.85,0.16000000000000003,1
art_213,Biden,Person,-0.84,-0.85,0.010000000000000009,2
art_213,Gavin Newsom,Person,-0.15,-0.85,0.7,1
art_213,Donald Trump,Person,-0.19999999999999998,-0.85,0.65,3
art_213,Newsom,Person,-0.39,-0.85,0.45999999999999996,2
art_213,Karen Bass,Person,-0.79,-0.85,0.05999999999999994,1
art_214,California Department of Forestry and Fire Protection,Organization,-0.1,-0.8,0.7000000000000001,1
art_214,Cal Fire,Organization,-0.1,-0.8,0.7000000000000001,1
art_214,US Drought Monitor,Organization,0.08,-0.8,0.88,1
art_214,US Environmental Protection Agency,Organization,-0.2,-0.8,0.6000000000000001,1
art_214,EPA,Organization,-0.15000000000000002,-0.8,0.65,2
art_214,AccuWeather,Organization,0.03,-0.8,0.8300000000000001,1
art_214,Danielle Ehresman,Person,0.03,-0.8,0.8300000000000001,1
art_214,Daniel Swain,Person,0.03,-0.8,0.8300000000000001,1
art_214,University of California,Organization,0.03,-0.8,0.8300000000000001,1
art_214,Stephen Pyne,Person,0.03,-0.8,0.8300000000000001,1
art_214,Arizona State University,Organization,0.03,-0.8,0.8300000000000001,1
art_214,School of Life Sciences,Organization,0.03,-0.8,0.8300000000000001,1
art_215,Reuters,Organization,-0.74,-0.8,0.06000000000000005,1
art_215,Kimberley Simpson,Person,-0.89,-0.8,0.08999999999999997,1
art_215,School of Biosciences,Organization,-0.89,-0.8,0.08999999999999997,1
art_215,University of Sheffield,Organization,-0.89,-0.8,0.08999999999999997,1
art_215,Brent Walker,Person,0.04000000000000001,-0.8,0.8400000000000001,1
art_215,Met Office,Organization,0.04000000000000001,-0.8,0.8400000000000001,1
art_215,Paul Schlatter,Person,-0.49,-0.8,0.31000000000000005,1
art_215,National Weather Service,Organization,-0.6599999999999999,-0.8,0.14000000000000012,2
art_215,Schlatter,Person,-0.11333333333333333,-0.8,0.6866666666666668,3
art_215,Schlatter,Person,-0.11333333333333333,-0.8,0.6866666666666668,3
art_215,Lindon Pronto,Person,-0.83,-0.8,0.029999999999999916,1
art_215,European Forest Institute,Organization,-0.83,-0.8,0.029999999999999916,1
art_215,Pronto,Person,-0.83,-0.8,0.029999999999999916,1
art_216,CNN,Organization,-0.5933333333333334,-0.85,0.2566666666666666,3
art_216,CNN,Organization,-0.5933333333333334,-0.85,0.2566666666666666,3
art_216,Karen Bass,Person,0.01,-0.85,0.86,1
art_216,CNN,Organization,-0.5933333333333334,-0.85,0.2566666666666666,3
art_216,Greg Pierce,Person,0.01,-0.85,0.86,1
art_216,UCLA,Organization,0.01,-0.85,0.86,1
art_216,Janisse Quiñones,Person,-0.56,-0.85,0.2899999999999999,1
art_216,Los Angeles Department of Water and Power,Organization,-0.56,-0.85,0.2899999999999999,1
art_216,Quiñones,Person,-0.3175,-0.85,0.5325,4
art_216,Quiñones,Person,-0.3175,-0.85,0.5325,4
art_216,Los Angeles Times,Organization,-0.98,-0.85,0.13,1
art_216,Gavin Newsom,Person,-0.17,-0.85,0.6799999999999999,1
art_216,Newsom,Person,-0.575,-0.85,0.275,2
art_216,X,Organization,-0.5516666666666666,-0.85,0.29833333333333334,6
art_216,Los Angeles County Public Works,Organization,0.0,-0.85,0.85,1
art_216,Mark Pestrella,Person,0.0,-0.85,0.85,1
art_216,Quiñones,Person,-0.3175,-0.85,0.5325,4
art_216,Bob Gomperz,Person,-0.99,-0.85,0.14,1
art_217,Daniel Swain,Person,-0.8,-0.58,0.22000000000000008,1
art_217,UCLA,Organization,-0.8,-0.58,0.22000000000000008,1
art_217,Brian Hoskins,Person,-0.36,-0.58,0.21999999999999997,1
art_217,Grantham Institute for Climate Change,Organization,-0.36,-0.58,0.21999999999999997,1
art_217,Imperial College London,Organization,-0.36,-0.58,0.21999999999999997,1
art_217,Stefan Doerr,Person,0.0,-0.58,0.58,1
art_217,Centre for Wildfire Research,Organization,0.0,-0.58,0.58,1
art_217,Swansea University,Organization,0.0,-0.58,0.58,1
art_217,Earth,Organization,-0.01,-0.58,0.57,1
art_217,BBC,Organization,-0.01,-0.58,0.57,1
art_217,Justin Rowlatt,Person,-0.01,-0.58,0.57,1
art_218,Bernie Sanders,Person,-0.26,-0.48,0.21999999999999997,1
art_218,Sanders,Person,-0.2733333333333334,-0.48,0.2066666666666666,6
art_218,Trump,Person,-0.19,-0.48,0.29,5
art_218,Donald Trump,Person,0.09999999999999999,-0.48,0.58,1
art_218,Sanders,Person,-0.2733333333333334,-0.48,0.2066666666666666,6
art_218,Mike Solana,Person,-0.27,-0.48,0.20999999999999996,1
art_218,Pirate Wires,Organization,-0.27,-0.48,0.20999999999999996,1
art_218,fire department,Organization,-1.0,-0.48,0.52,1
art_218,ELON MUSK,Person,-0.20500000000000002,-0.48,0.27499999999999997,2
art_218,SPACEX,Organization,-1.0,-0.48,0.52,1
art_218,Justin Haskins,Person,-1.0,-0.48,0.52,1
art_218,Socialism Research Center,Organization,-1.0,-0.48,0.52,1
art_218,Nicole Shanahan,Person,-1.0,-0.48,0.52,1
art_218,Trump,Person,-0.19,-0.48,0.29,5
art_218,Sanders,Person,-0.2733333333333334,-0.48,0.2066666666666666,6
art_218,Bernie,Person,-0.14,-0.48,0.33999999999999997,2
art_218,Sanders,Person,-0.2733333333333334,-0.48,0.2066666666666666,6
art_218,Elon Musk,Person,-0.20500000000000002,-0.48,0.27499999999999997,2
art_218,Musk,Person,-0.33666666666666667,-0.48,0.1433333333333333,3
art_218,X,Organization,-0.28900000000000003,-0.48,0.19099999999999995,10
art_218,Sanders,Person,-0.2733333333333334,-0.48,0.2066666666666666,6
art_218,Jasmine Crockett,Person,-0.18,-0.48,0.3,1
art_218,FOX NEWS,Organization,0.62,-0.48,1.1,1
art_218,Sarah McBride,Person,-0.7,-0.48,0.21999999999999997,1
art_218,Congress,Organization,-0.7,-0.48,0.21999999999999997,1
art_218,McBride,Person,-0.35,-0.48,0.13,2
art_218,X,Organization,-0.28900000000000003,-0.48,0.19099999999999995,10
art_218,Trump,Person,-0.19,-0.48,0.29,5
art_218,Gavin Newsom,Person,-0.58,-0.48,0.09999999999999998,1
art_218,Gavin Newscum,Person,-0.47,-0.48,0.010000000000000009,1
art_218,Trump,Person,-0.19,-0.48,0.29,5
art_218,Newsom,Person,-0.5449999999999999,-0.48,0.06499999999999995,2
art_218,California Department of Forestry and Fire Protection,Organization,-0.06,-0.48,0.42,1
art_219,VCG,Organization,-1.0,-0.61,0.39,1
art_219,Los Angeles Times,Organization,-0.425,-0.61,0.185,2
art_219,LA County Fire Department,Organization,-1.0,-0.61,0.39,1
art_219,NBC news,Organization,-0.76,-0.61,0.15000000000000002,1
art_219,Associated Press,Organization,-0.43,-0.61,0.18,1
art_219,Joe Biden,Person,-0.205,-0.61,0.405,2
art_219,Newsom,Person,-0.415,-0.61,0.195,2
art_219,California government,Organization,-0.01,-0.61,0.6,1
art_219,Los Angeles Times,Organization,-0.425,-0.61,0.185,2
art_219,Biden,Person,-0.02799999999999998,-0.61,0.582,5
art_219,Biden,Person,-0.02799999999999998,-0.61,0.582,5
art_219,Biden,Person,-0.02799999999999998,-0.61,0.582,5
art_219,New York Times,Organization,-0.635,-0.61,0.025000000000000022,2
art_219,Donald J Trump,Person,-0.71,-0.61,0.09999999999999998,1
art_219,New York Times,Organization,-0.635,-0.61,0.025000000000000022,2
art_219,Trump,Person,0.10000000000000003,-0.61,0.71,2
art_219,Gavin Newsom,Person,-0.82,-0.61,0.20999999999999996,1
art_219,New York Post,Organization,-0.495,-0.61,0.11499999999999999,2
art_219,Karen Bass,Person,-0.97,-0.61,0.36,1
art_219,Fire Department,Organization,-0.985,-0.61,0.375,2
art_219,Bass,Person,-0.535,-0.61,0.07499999999999996,2
art_219,LAFD,Organization,-0.02,-0.61,0.59,1
art_219,New York Post,Organization,-0.495,-0.61,0.11499999999999999,2
art_219,Joe Biden,Person,-0.205,-0.61,0.405,2
art_219,Reuters,Organization,0.019999999999999997,-0.61,0.63,1
art_219,US federal government,Organization,-0.07,-0.61,0.54,1
art_219,Li Haidong,Person,-0.07,-0.61,0.54,1
art_219,China Foreign Affairs University,Organization,-0.07,-0.61,0.54,1
art_219,Global Times,Organization,-0.07,-0.61,0.54,1
art_219,Li,Person,-0.41333333333333333,-0.61,0.19666666666666666,15
art_220,Karen Bass,Person,-0.13,-0.87,0.74,1
art_220,Kristin Crowley,Person,-0.8,-0.87,0.06999999999999995,1
art_220,California Department of Forestry and Fire Protection,Organization,-0.16,-0.87,0.71,1
art_220,Los Angeles Fire Department,Organization,-0.01,-0.87,0.86,1
art_220,LA Fire Department,Organization,-0.03,-0.87,0.84,1
art_220,KTLA,Organization,-0.9,-0.87,0.030000000000000027,1
art_220,AccuWeather,Organization,-0.92,-0.87,0.050000000000000044,1
art_220,Kevin McGowan,Person,-0.08,-0.87,0.79,1
art_220,Jaye Riedinger,Person,-0.01,-0.87,0.86,1
art_220,Anthony Marrone,Person,-0.21,-0.87,0.66,1
art_220,Janisse Quinones,Person,-0.06,-0.87,0.81,1
art_220,Los Angeles Department of Water and Power,Organization,-0.06,-0.87,0.81,1
art_221,Los Angeles Times,Organization,-0.11,-0.96,0.85,1
art_221,LA Fire Department,Organization,0.01,-0.96,0.97,1
art_221,Erik Scott,Person,0.01,-0.96,0.97,1
art_221,KTLA,Organization,0.01,-0.96,0.97,1
art_221,LA Times,Organization,0.01,-0.96,0.97,1
art_221,Cal Fire,Organization,-0.11,-0.96,0.85,1
art_222,Joe Biden,Person,0.01,-0.87,0.88,1
art_222,Department of Defense,Organization,0.01,-0.87,0.88,1
art_222,Biden,Person,0.01,-0.87,0.88,2
art_223,Palisades Charter High School,Organization,-0.04,-0.65,0.61,1
art_223,Chet Hanks,Person,-0.92,-0.65,0.27,1
art_223,Tom Hanks,Person,-0.92,-0.65,0.27,1
art_223,Billy Crystal,Person,-0.92,-0.65,0.27,1
art_223,Paris Hilton,Person,-0.92,-0.65,0.27,1
art_223,Mike Rogers,Person,-0.71,-0.65,0.05999999999999994,1
art_223,Karen Bass,Person,-0.21,-0.65,0.44000000000000006,1
art_223,Chad Augustin,Person,-0.21,-0.65,0.44000000000000006,1
art_223,Anthony Marrone,Person,-0.74,-0.65,0.08999999999999997,1
art_223,Roya,Person,-0.48,-0.65,0.17000000000000004,1
art_223,Coco,Person,0.01,-0.65,0.66,1
art_224,Paris Hilton,Person,-0.1,-0.83,0.73,1
art_224,Billy Crystal,Person,-0.1,-0.83,0.73,1
art_224,Eugene Levy,Person,-0.55,-0.83,0.2799999999999999,2
art_224,Anna Faris,Person,-0.1,-0.83,0.73,1
art_224,Anthony Hopkins,Person,-0.1,-0.83,0.73,1
art_224,Spencer Pratt,Person,-0.1,-0.83,0.73,1
art_224,Heidi Montag,Person,-0.1,-0.83,0.73,1
art_224,Diane Warren,Person,-0.1,-0.83,0.73,1
art_224,James Woods,Person,-0.1,-0.83,0.73,1
art_224,Melissa Rivers,Person,-0.035,-0.83,0.7949999999999999,2
art_224,Hilton,Person,-0.22499999999999998,-0.83,0.605,2
art_224,Hilton,Person,-0.22499999999999998,-0.83,0.605,2
art_224,Kim Kardashian,Person,-0.94,-0.83,0.10999999999999999,1
art_224,Ben  Affleck,Person,-0.94,-0.83,0.10999999999999999,1
art_224,Cindy Crawford,Person,-0.94,-0.83,0.10999999999999999,1
art_224,Kardashian,Person,-0.52,-0.83,0.30999999999999994,2
art_224,Eugene Levy,Person,-0.55,-0.83,0.2799999999999999,2
art_224,LA Times,Organization,0.0,-0.83,0.83,1
art_224,Harry,Person,-0.815,-0.83,0.015000000000000013,2
art_224,Meghan Markle,Person,-0.87,-0.83,0.040000000000000036,1
art_224,Southern California Edison,Organization,-0.76,-0.83,0.06999999999999995,1
art_224,SCE,Organization,-0.76,-0.83,0.06999999999999995,1
art_224,People,Organization,-0.796,-0.83,0.03399999999999992,5
art_224,Harry,Person,-0.815,-0.83,0.015000000000000013,2
art_224,Meghan,Person,-0.815,-0.83,0.015000000000000013,2
art_224,Archewell Foundation,Organization,-0.76,-0.83,0.06999999999999995,1
art_224,Melissa Rivers,Person,-0.035,-0.83,0.7949999999999999,2
art_224,Joan Rivers,Person,-0.95,-0.83,0.12,1
art_224,CNN,Organization,-0.95,-0.83,0.12,1
art_224,Kaitlan Collins,Person,-0.95,-0.83,0.12,1
art_225,Karen Bass,Person,-0.79,-0.82,0.029999999999999916,1
art_225,Will Rogers,Person,0.01,-0.82,0.83,1
art_225,AccuWeather,Organization,-0.8,-0.82,0.019999999999999907,1
art_225,Kathryn Barger,Person,-0.64,-0.82,0.17999999999999994,1
art_225,Barbara Bruderlin,Person,-0.88,-0.82,0.06000000000000005,1
art_225,Malibu Pacific Palisades Chamber of Commerce,Organization,-0.88,-0.82,0.06000000000000005,1
art_225,Bruderlin,Person,-0.88,-0.82,0.06000000000000005,1
art_225,Kristin Crowley,Person,-0.88,-0.82,0.06000000000000005,1
art_225,Robert Luna,Person,-0.89,-0.82,0.07000000000000006,1
art_225,Anthony Mitchell,Person,-0.89,-0.82,0.07000000000000006,1
art_225,Justin,Person,-0.89,-0.82,0.07000000000000006,1
art_225,Mitchell,Person,-0.89,-0.82,0.07000000000000006,1
art_225,Hajime White,Person,-0.89,-0.82,0.07000000000000006,1
art_225,The Washington Post,Organization,-0.89,-0.82,0.07000000000000006,1
art_225,Shari Shaw,Person,-0.89,-0.82,0.07000000000000006,1
art_225,KTLA,Organization,-0.89,-0.82,0.07000000000000006,1
art_225,Victor Shaw,Person,-0.89,-0.82,0.07000000000000006,1
art_225,Crews,Person,-0.668,-0.82,0.1519999999999999,5
art_226,UN,Organization,-0.244,-0.67,0.42600000000000005,10
art_226,Antonio Guterres,Person,0.0,-0.67,0.67,1
art_226,Joe Biden,Person,-0.48,-0.67,0.19000000000000006,1
art_226,Copernicus Climate Change Service,Organization,0.01,-0.67,0.68,1
art_226,Karsten Haustein,Person,0.0,-0.67,0.67,1
art_226,University of Leipzig,Organization,0.0,-0.67,0.67,1
art_226,World Meteorological Organization,Organization,-0.96,-0.67,0.2899999999999999,1
art_226,Petteri Taalas,Person,-0.96,-0.67,0.2899999999999999,1
art_227,Italian health ministry,Organization,-0.09000000000000001,-0.69,0.6,1
art_227,health ministry,Organization,-0.045000000000000005,-0.69,0.6449999999999999,2
art_227,Parliament,Organization,-0.92,-0.69,0.2300000000000001,1
art_227,European Space Agency,Organization,-0.91,-0.69,0.22000000000000008,1
art_227,EMY,Organization,0.0,-0.69,0.69,1
art_227,NHK,Organization,-0.03,-0.69,0.6599999999999999,1
art_227,National Weather Service,Organization,0.0,-0.69,0.69,2
art_227,Hannah Safford,Person,-0.25,-0.69,0.43999999999999995,1
art_227,White House,Organization,-0.25,-0.69,0.43999999999999995,1
art_227,Al Jazeera,Organization,-0.25,-0.69,0.43999999999999995,1
art_227,Safford,Person,-0.17,-0.69,0.5199999999999999,2
art_227,Vegas weather,Organization,-0.91,-0.69,0.22000000000000008,1
art_228,US National Centers for Environmental Prediction,Organization,0.15,-0.58,0.73,1
art_228,NCEP,Organization,0.15,-0.58,0.73,1
art_228,Friederike Otto,Person,0.44,-0.58,1.02,1
art_228,Zeke Hausfather,Person,-0.04,-0.58,0.5399999999999999,1
art_228,Berkeley Earth,Organization,-0.04,-0.58,0.5399999999999999,1
art_228,Reuters,Organization,-0.04,-0.58,0.5399999999999999,1
art_229,World Meteorological Organization,Organization,-0.04,-0.79,0.75,1
art_229,WMO,Organization,-0.04,-0.79,0.75,1
art_229,WMO,Organization,-0.04,-0.79,0.75,1
art_229,Intergovernmental Panel on Climate Change,Organization,-0.65,-0.79,0.14,1
art_229,IPCC,Organization,-0.65,-0.79,0.14,1
art_229,IPCC,Organization,-0.65,-0.79,0.14,1
art_230,World Weather Attribution,Organization,0.01,-0.9,0.91,1
art_230,Friederike Otto,Person,-0.98,-0.9,0.07999999999999996,1
art_230,Imperial College London,Organization,-0.98,-0.9,0.07999999999999996,1
art_230,Otto,Person,-0.6775,-0.9,0.22250000000000003,4
art_230,Otto,Person,-0.6775,-0.9,0.22250000000000003,4
art_230,Otto,Person,-0.6775,-0.9,0.22250000000000003,4
art_231,NASA,Organization,-0.17500000000000002,-0.88,0.705,4
art_231,Goddard Institute for Space Studies,Organization,0.0,-0.88,0.88,1
art_231,GISS,Organization,0.075,-0.88,0.955,2
art_231,NASA,Organization,-0.17500000000000002,-0.88,0.705,4
art_231,NASA,Organization,-0.17500000000000002,-0.88,0.705,4
art_231,GISS,Organization,0.075,-0.88,0.955,2
art_231,Gavin Schmidt,Person,0.15,-0.88,1.03,1
art_231,NASA,Organization,-0.17500000000000002,-0.88,0.705,4
art_231,NASA,Organization,-0.17500000000000002,-0.88,0.705,4
art_231,Bill Nelson,Person,0.01,-0.88,0.89,1
art_231,NASA,Organization,-0.17500000000000002,-0.88,0.705,4
art_231,FOX NEWS,Organization,0.07,-0.88,0.95,1
art_231,Nelson,Person,-0.005000000000000002,-0.88,0.875,2
art_232,Straits Times,Organization,0.0,-0.44,0.44,1
art_232,United Nations,Organization,0.01,-0.44,0.45,1
art_232,Antonio Guterres,Person,0.01,-0.44,0.45,1
art_232,Singapore Management University,Organization,-0.019999999999999997,-0.44,0.42,1
art_232,Winston Chow,Person,-0.019999999999999997,-0.44,0.42,1
art_232,Melbourne University,Organization,-0.16999999999999998,-0.44,0.27,1
art_232,Kathryn Bowen,Person,-0.16999999999999998,-0.44,0.27,1
art_232,Mark Howden,Person,-0.02,-0.44,0.42,1
art_232,"Institute for Climate, Energy & Disaster Solutions",Organization,-0.02,-0.44,0.42,1
art_232,Bowen,Person,-0.12,-0.44,0.32,2
art_232,Kimberley Reid,Person,-0.5499999999999999,-0.44,0.10999999999999993,1
art_232,Monash University,Organization,-0.5499999999999999,-0.44,0.10999999999999993,1
art_232,The Conversation,Organization,-0.32999999999999996,-0.44,0.11000000000000004,2
art_232,Kevin Trenberth,Person,0.02,-0.44,0.46,1
art_232,National Centre for Atmospheric Research,Organization,0.02,-0.44,0.46,1
art_232,Trenberth,Person,0.006666666666666667,-0.44,0.44666666666666666,3
art_232,Trenberth,Person,0.006666666666666667,-0.44,0.44666666666666666,3
art_233,National Meteorological Center,Organization,-0.11333333333333334,-0.4,0.2866666666666667,3
art_233,National Meteorological Center,Organization,-0.11333333333333334,-0.4,0.2866666666666667,3
art_233,World Meteorological Organization,Organization,0.19,-0.4,0.5900000000000001,1
art_233,WMO,Organization,0.125,-0.4,0.525,2
art_233,WMO,Organization,0.125,-0.4,0.525,2
art_233,sanfu,Person,-0.2057142857142857,-0.4,0.1942857142857143,7
art_233,sanfu,Person,-0.2057142857142857,-0.4,0.1942857142857143,7
art_233,Beijing Municipal Bureau of Culture and Tourism,Organization,-0.01,-0.4,0.39,1
art_233,Zhou,Person,0.385,-0.4,0.785,2
art_233,Global Times,Organization,-0.11333333333333334,-0.4,0.2866666666666667,3
art_233,Zhou,Person,0.385,-0.4,0.785,2
art_233,Ma Jun,Person,-0.019999999999999997,-0.4,0.38,1
art_233,Institute of Public and Environmental Affairs,Organization,-0.019999999999999997,-0.4,0.38,1
art_233,Global Times,Organization,-0.11333333333333334,-0.4,0.2866666666666667,3
art_233,Huang Wei,Person,-0.34,-0.4,0.06,1
art_233,National Meteorological Center,Organization,-0.11333333333333334,-0.4,0.2866666666666667,3
art_233,Grid Sichuan Electric Power Co,Organization,0.0,-0.4,0.4,1
art_233,China Energy,Organization,0.22,-0.4,0.62,1
art_233,Ma,Person,0.068,-0.4,0.468,10
art_233,Ma,Person,0.068,-0.4,0.468,10
art_233,Global Times,Organization,-0.11333333333333334,-0.4,0.2866666666666667,3
art_234,CNN,Organization,-0.24333333333333337,-0.76,0.5166666666666666,3
art_234,University of Maine,Organization,0.0,-0.76,0.76,1
art_234,US National Centers for Environmental Prediction,Organization,0.0,-0.76,0.76,1
art_234,NCEP,Organization,0.0,-0.76,0.76,2
art_234,NCEP,Organization,0.0,-0.76,0.76,2
art_234,European Union,Organization,0.0,-0.76,0.76,1
art_234,Copernicus Climate Change Service,Organization,0.0,-0.76,0.76,1
art_234,Jennifer Francis,Person,0.01,-0.76,0.77,1
art_234,Woodwell Climate Research Center,Organization,0.01,-0.76,0.77,1
art_234,Francis,Person,0.05,-0.76,0.81,2
art_234,Robert Rohde,Person,0.3,-0.76,1.06,1
art_234,Berkeley Earth,Organization,0.3,-0.76,1.06,1
art_234,CNN,Organization,-0.24333333333333337,-0.76,0.5166666666666666,3
art_234,Friederike Otto,Person,0.019999999999999997,-0.76,0.78,1
art_234,Grantham Institute for Climate Change and the Environment,Organization,0.019999999999999997,-0.76,0.78,1
art_234,Otto,Person,-0.02,-0.76,0.74,2
art_234,CNN,Organization,-0.24333333333333337,-0.76,0.5166666666666666,3
art_235,Reuters,Organization,-0.76,-0.9,0.14,1
art_235,Tedros Adhanom Ghebreyesus,Person,-0.76,-0.9,0.14,1
art_235,World Health Organisation,Organization,-0.76,-0.9,0.14,1
art_235,John Kerry,Person,-0.96,-0.9,0.05999999999999994,1
art_235,Xie Zhenhua,Person,-0.96,-0.9,0.05999999999999994,1
art_235,Kerry,Person,-0.96,-0.9,0.05999999999999994,1
art_235,Charon,Person,-0.99,-0.9,0.08999999999999997,1
art_235,Matilde,Person,-0.985,-0.9,0.08499999999999996,2
art_235,Angelica Aureli,Person,-0.99,-0.9,0.08999999999999997,1
art_235,Matilde,Person,-0.985,-0.9,0.08499999999999996,2
art_235,Sergio Rodriguez,Person,-0.91,-0.9,0.010000000000000009,1
art_235,TVE,Organization,-0.91,-0.9,0.010000000000000009,1
art_235,European Union,Organization,-0.91,-0.9,0.010000000000000009,1
art_235,Copernicus Climate Change Service,Organization,-0.91,-0.9,0.010000000000000009,1
art_235,Andreas Flouris,Person,-0.91,-0.9,0.010000000000000009,1
art_235,University of Thessaly,Organization,-0.91,-0.9,0.010000000000000009,1
art_235,Flouris,Person,-0.91,-0.9,0.010000000000000009,1
art_235,Robert Vautard,Person,-0.91,-0.9,0.010000000000000009,1
art_235,Pierre-Simon Laplace Institute,Organization,-0.91,-0.9,0.010000000000000009,1
art_236,US National Centers for Environmental Prediction,Organization,0.01,-0.57,0.58,1
art_236,NCEP,Organization,0.005,-0.57,0.575,2
art_236,World Meteorological Organization,Organization,-0.01,-0.57,0.5599999999999999,1
art_236,UN,Organization,-0.1457142857142857,-0.57,0.42428571428571427,7
art_236,Paulo Ceppi,Person,-0.35,-0.57,0.21999999999999997,1
art_236,Grantham Institute,Organization,-0.35,-0.57,0.21999999999999997,1
art_236,Imperial College London,Organization,-0.35,-0.57,0.21999999999999997,1
art_236,Karsten Haustein,Person,0.53,-0.57,1.1,1
art_236,Leipzig University,Organization,0.53,-0.57,1.1,1
art_236,Eemian,Person,0.53,-0.57,1.1,1
art_236,University of Maine,Organization,0.53,-0.57,1.1,1
art_236,Climate Change Institute,Organization,0.265,-0.57,0.835,2
art_236,NCEP,Organization,0.005,-0.57,0.575,2
art_236,The Guardian,Organization,0.0,-0.57,0.57,1
art_236,Climate Change Institute,Organization,0.265,-0.57,0.835,2
art_236,Met Office,Organization,0.12,-0.57,0.69,1
art_236,Ilan Kelman,Person,-0.8,-0.57,0.2300000000000001,1
art_236,University College London,Organization,-0.8,-0.57,0.2300000000000001,1
art_236,Institute for Risk and Disaster Reduction,Organization,-0.8,-0.57,0.2300000000000001,1
art_237,South African Weather Service,Organization,-0.91,-0.53,0.38,1
art_237,SAWS,Organization,-0.9,-0.53,0.37,2
art_237,SAWS,Organization,-0.9,-0.53,0.37,2
art_237,World Meteorological Organization,Organization,-0.2,-0.53,0.33,1
art_237,SA Weather ServiceThe,Organization,-0.2,-0.53,0.33,1
art_237,service,Organization,-0.6060000000000001,-0.53,0.07600000000000007,5
